[2026-09-23 18:17:34] local.ERROR: The /Users/aminshojaei/AndroidStudioProjects/Calcuapp/backend/bootstrap/cache directory must be present and writable. {"exception":"[object] (Exception(code: 0): The /Users/aminshojaei/AndroidStudioProjects/Calcuapp/backend/bootstrap/cache directory must be present and writable. at /Users/aminshojaei/AndroidStudioProjects/Calcuapp/backend/vendor/laravel/framework/src/Illuminate/Foundation/PackageManifest.php:179)
[stacktrace]
#0 /Users/aminshojaei/AndroidStudioProjects/Calcuapp/backend/vendor/laravel/framework/src/Illuminate/Foundation/PackageManifest.php(132): Illuminate\\Foundation\\PackageManifest->write(Array)
#1 /Users/aminshojaei/AndroidStudioProjects/Calcuapp/backend/vendor/laravel/framework/src/Illuminate/Foundation/PackageManifest.php(108): Illuminate\\Foundation\\PackageManifest->build()
#2 /Users/aminshojaei/AndroidStudioProjects/Calcuapp/backend/vendor/laravel/framework/src/Illuminate/Foundation/PackageManifest.php(90): Illuminate\\Foundation\\PackageManifest->getManifest()
#3 /Users/aminshojaei/AndroidStudioProjects/Calcuapp/backend/vendor/laravel/framework/src/Illuminate/Foundation/PackageManifest.php(79): Illuminate\\Foundation\\PackageManifest->config('aliases')
#4 /Users/aminshojaei/AndroidStudioProjects/Calcuapp/backend/vendor/laravel/framework/src/Illuminate/Foundation/Bootstrap/RegisterFacades.php(26): Illuminate\\Foundation\\PackageManifest->aliases()
#5 /Users/aminshojaei/AndroidStudioProjects/Calcuapp/backend/vendor/laravel/framework/src/Illuminate/Foundation/Application.php(342): Illuminate\\Foundation\\Bootstrap\\RegisterFacades->bootstrap(Object(Illuminate\\Foundation\\Application))
#6 /Users/aminshojaei/AndroidStudioProjects/Calcuapp/backend/vendor/laravel/framework/src/Illuminate/Foundation/Console/Kernel.php(494): Illuminate\\Foundation\\Application->bootstrapWith(Array)
#7 /Users/aminshojaei/AndroidStudioProjects/Calcuapp/backend/vendor/laravel/framework/src/Illuminate/Foundation/Console/Kernel.php(196): Illuminate\\Foundation\\Console\\Kernel->bootstrap()
#8 /Users/aminshojaei/AndroidStudioProjects/Calcuapp/backend/artisan(13): Illuminate\\Foundation\\Console\\Kernel->handle(Object(Symfony\\Component\\Console\\Input\\ArgvInput), Object(Symfony\\Component\\Console\\Output\\ConsoleOutput))
#9 {main}
"} 
[2026-09-23 18:19:01] testing.ERROR: Class "App\Http\Controllers\Controller" not found {"exception":"[object] (Error(code: 0): Class \"App\\Http\\Controllers\\Controller\" not found at /Users/aminshojaei/AndroidStudioProjects/Calcuapp/backend/app/Http/Controllers/Api/OrganizationController.php:11)
[stacktrace]
#0 /Users/aminshojaei/AndroidStudioProjects/Calcuapp/backend/vendor/composer/ClassLoader.php(576): include()
#1 /Users/aminshojaei/AndroidStudioProjects/Calcuapp/backend/vendor/composer/ClassLoader.php(427): {closure:Composer\\Autoload\\ClassLoader::initializeIncludeClosure():575}('/Users/aminshoj...')
#2 [internal function]: Composer\\Autoload\\ClassLoader->loadClass('App\\\\Http\\\\Contro...')
#3 /Users/aminshojaei/AndroidStudioProjects/Calcuapp/backend/vendor/laravel/framework/src/Illuminate/Routing/Route.php(1125): is_a('App\\\\Http\\\\Contro...', 'Illuminate\\\\Rout...', true)
#4 /Users/aminshojaei/AndroidStudioProjects/Calcuapp/backend/vendor/laravel/framework/src/Illuminate/Routing/Route.php(1062): Illuminate\\Routing\\Route->controllerMiddleware()
#5 /Users/aminshojaei/AndroidStudioProjects/Calcuapp/backend/vendor/laravel/framework/src/Illuminate/Routing/Router.php(834): Illuminate\\Routing\\Route->gatherMiddleware()
#6 /Users/aminshojaei/AndroidStudioProjects/Calcuapp/backend/vendor/laravel/framework/src/Illuminate/Routing/Router.php(816): Illuminate\\Routing\\Router->gatherRouteMiddleware(Object(Illuminate\\Routing\\Route))
#7 /Users/aminshojaei/AndroidStudioProjects/Calcuapp/backend/vendor/laravel/framework/src/Illuminate/Routing/Router.php(800): Illuminate\\Routing\\Router->runRouteWithinStack(Object(Illuminate\\Routing\\Route), Object(Illuminate\\Http\\Request))
#8 /Users/aminshojaei/AndroidStudioProjects/Calcuapp/backend/vendor/laravel/framework/src/Illuminate/Routing/Router.php(764): Illuminate\\Routing\\Router->runRoute(Object(Illuminate\\Http\\Request), Object(Illuminate\\Routing\\Route))
#9 /Users/aminshojaei/AndroidStudioProjects/Calcuapp/backend/vendor/laravel/framework/src/Illuminate/Routing/Router.php(753): Illuminate\\Routing\\Router->dispatchToRoute(Object(Illuminate\\Http\\Request))
#10 /Users/aminshojaei/AndroidStudioProjects/Calcuapp/backend/vendor/laravel/framework/src/Illuminate/Foundation/Http/Kernel.php(200): Illuminate\\Routing\\Router->dispatch(Object(Illuminate\\Http\\Request))
#11 /Users/aminshojaei/AndroidStudioProjects/Calcuapp/backend/vendor/laravel/framework/src/Illuminate/Pipeline/Pipeline.php(180): Illuminate\\Foundation\\Http\\Kernel->{closure:Illuminate\\Foundation\\Http\\Kernel::dispatchToRouter():197}(Object(Illuminate\\Http\\Request))
#12 /Users/aminshojaei/AndroidStudioProjects/Calcuapp/backend/vendor/laravel/framework/src/Illuminate/Foundation/Http/Middleware/TransformsRequest.php(21): Illuminate\\Pipeline\\Pipeline->{closure:Illuminate\\Pipeline\\Pipeline::prepareDestination():178}(Object(Illuminate\\Http\\Request))
#13 /Users/aminshojaei/AndroidStudioProjects/Calcuapp/backend/vendor/laravel/framework/src/Illuminate/Foundation/Http/Middleware/ConvertEmptyStringsToNull.php(31): Illuminate\\Foundation\\Http\\Middleware\\TransformsRequest->handle(Object(Illuminate\\Http\\Request), Object(Closure))
#14 /Users/aminshojaei/AndroidStudioProjects/Calcuapp/backend/vendor/laravel/framework/src/Illuminate/Pipeline/Pipeline.php(219): Illuminate\\Foundation\\Http\\Middleware\\ConvertEmptyStringsToNull->handle(Object(Illuminate\\Http\\Request), Object(Closure))
#15 /Users/aminshojaei/AndroidStudioProjects/Calcuapp/backend/vendor/laravel/framework/src/Illuminate/Foundation/Http/Middleware/TransformsRequest.php(21): Illuminate\\Pipeline\\Pipeline->{closure:{closure:Illuminate\\Pipeline\\Pipeline::carry():194}:195}(Object(Illuminate\\Http\\Request))
#16 /Users/aminshojaei/AndroidStudioProjects/Calcuapp/backend/vendor/laravel/framework/src/Illuminate/Foundation/Http/Middleware/TrimStrings.php(51): Illuminate\\Foundation\\Http\\Middleware\\TransformsRequest->handle(Object(Illuminate\\Http\\Request), Object(Closure))
#17 /Users/aminshojaei/AndroidStudioProjects/Calcuapp/backend/vendor/laravel/framework/src/Illuminate/Pipeline/Pipeline.php(219): Illuminate\\Foundation\\Http\\Middleware\\TrimStrings->handle(Object(Illuminate\\Http\\Request), Object(Closure))
#18 /Users/aminshojaei/AndroidStudioProjects/Calcuapp/backend/vendor/laravel/framework/src/Illuminate/Http/Middleware/ValidatePostSize.php(27): Illuminate\\Pipeline\\Pipeline->{closure:{closure:Illuminate\\Pipeline\\Pipeline::carry():194}:195}(Object(Illuminate\\Http\\Request))
#19 /Users/aminshojaei/AndroidStudioProjects/Calcuapp/backend/vendor/laravel/framework/src/Illuminate/Pipeline/Pipeline.php(219): Illuminate\\Http\\Middleware\\ValidatePostSize->handle(Object(Illuminate\\Http\\Request), Object(Closure))
#20 /Users/aminshojaei/AndroidStudioProjects/Calcuapp/backend/vendor/laravel/framework/src/Illuminate/Foundation/Http/Middleware/PreventRequestsDuringMaintenance.php(109): Illuminate\\Pipeline\\Pipeline->{closure:{closure:Illuminate\\Pipeline\\Pipeline::carry():194}:195}(Object(Illuminate\\Http\\Request))
#21 /Users/aminshojaei/AndroidStudioProjects/Calcuapp/backend/vendor/laravel/framework/src/Illuminate/Pipeline/Pipeline.php(219): Illuminate\\Foundation\\Http\\Middleware\\PreventRequestsDuringMaintenance->handle(Object(Illuminate\\Http\\Request), Object(Closure))
#22 /Users/aminshojaei/AndroidStudioProjects/Calcuapp/backend/vendor/laravel/framework/src/Illuminate/Http/Middleware/HandleCors.php(74): Illuminate\\Pipeline\\Pipeline->{closure:{closure:Illuminate\\Pipeline\\Pipeline::carry():194}:195}(Object(Illuminate\\Http\\Request))
#23 /Users/aminshojaei/AndroidStudioProjects/Calcuapp/backend/vendor/laravel/framework/src/Illuminate/Pipeline/Pipeline.php(219): Illuminate\\Http\\Middleware\\HandleCors->handle(Object(Illuminate\\Http\\Request), Object(Closure))
#24 /Users/aminshojaei/AndroidStudioProjects/Calcuapp/backend/vendor/laravel/framework/src/Illuminate/Http/Middleware/TrustProxies.php(58): Illuminate\\Pipeline\\Pipeline->{closure:{closure:Illuminate\\Pipeline\\Pipeline::carry():194}:195}(Object(Illuminate\\Http\\Request))
#25 /Users/aminshojaei/AndroidStudioProjects/Calcuapp/backend/vendor/laravel/framework/src/Illuminate/Pipeline/Pipeline.php(219): Illuminate\\Http\\Middleware\\TrustProxies->handle(Object(Illuminate\\Http\\Request), Object(Closure))
#26 /Users/aminshojaei/AndroidStudioProjects/Calcuapp/backend/vendor/laravel/framework/src/Illuminate/Foundation/Http/Middleware/InvokeDeferredCallbacks.php(22): Illuminate\\Pipeline\\Pipeline->{closure:{closure:Illuminate\\Pipeline\\Pipeline::carry():194}:195}(Object(Illuminate\\Http\\Request))
#27 /Users/aminshojaei/AndroidStudioProjects/Calcuapp/backend/vendor/laravel/framework/src/Illuminate/Pipeline/Pipeline.php(219): Illuminate\\Foundation\\Http\\Middleware\\InvokeDeferredCallbacks->handle(Object(Illuminate\\Http\\Request), Object(Closure))
#28 /Users/aminshojaei/AndroidStudioProjects/Calcuapp/backend/vendor/laravel/framework/src/Illuminate/Http/Middleware/ValidatePathEncoding.php(26): Illuminate\\Pipeline\\Pipeline->{closure:{closure:Illuminate\\Pipeline\\Pipeline::carry():194}:195}(Object(Illuminate\\Http\\Request))
#29 /Users/aminshojaei/AndroidStudioProjects/Calcuapp/backend/vendor/laravel/framework/src/Illuminate/Pipeline/Pipeline.php(219): Illuminate\\Http\\Middleware\\ValidatePathEncoding->handle(Object(Illuminate\\Http\\Request), Object(Closure))
#30 /Users/aminshojaei/AndroidStudioProjects/Calcuapp/backend/vendor/laravel/framework/src/Illuminate/Pipeline/Pipeline.php(137): Illuminate\\Pipeline\\Pipeline->{closure:{closure:Illuminate\\Pipeline\\Pipeline::carry():194}:195}(Object(Illuminate\\Http\\Request))
#31 /Users/aminshojaei/AndroidStudioProjects/Calcuapp/backend/vendor/laravel/framework/src/Illuminate/Foundation/Http/Kernel.php(175): Illuminate\\Pipeline\\Pipeline->then(Object(Closure))
#32 /Users/aminshojaei/AndroidStudioProjects/Calcuapp/backend/vendor/laravel/framework/src/Illuminate/Foundation/Http/Kernel.php(144): Illuminate\\Foundation\\Http\\Kernel->sendRequestThroughRouter(Object(Illuminate\\Http\\Request))
#33 /Users/aminshojaei/AndroidStudioProjects/Calcuapp/backend/vendor/laravel/framework/src/Illuminate/Foundation/Testing/Concerns/MakesHttpRequests.php(607): Illuminate\\Foundation\\Http\\Kernel->handle(Object(Illuminate\\Http\\Request))
#34 /Users/aminshojaei/AndroidStudioProjects/Calcuapp/backend/vendor/laravel/framework/src/Illuminate/Foundation/Testing/Concerns/MakesHttpRequests.php(573): Illuminate\\Foundation\\Testing\\TestCase->call('GET', '/api/v1/organiz...', Array, Array, Array, Array, '[]')
#35 /Users/aminshojaei/AndroidStudioProjects/Calcuapp/backend/vendor/laravel/framework/src/Illuminate/Foundation/Testing/Concerns/MakesHttpRequests.php(381): Illuminate\\Foundation\\Testing\\TestCase->json('GET', '/api/v1/organiz...', Array, Array, 0)
#36 /Users/aminshojaei/AndroidStudioProjects/Calcuapp/backend/tests/Feature/ApiRoutesTest.php(21): Illuminate\\Foundation\\Testing\\TestCase->getJson('/api/v1/organiz...')
#37 /Users/aminshojaei/AndroidStudioProjects/Calcuapp/backend/vendor/phpunit/phpunit/src/Framework/TestCase.php(1667): Tests\\Feature\\ApiRoutesTest->test_organizations_endpoint()
#38 /Users/aminshojaei/AndroidStudioProjects/Calcuapp/backend/vendor/phpunit/phpunit/src/Framework/TestCase.php(519): PHPUnit\\Framework\\TestCase->runTest()
#39 /Users/aminshojaei/AndroidStudioProjects/Calcuapp/backend/vendor/phpunit/phpunit/src/Framework/TestRunner/TestRunner.php(87): PHPUnit\\Framework\\TestCase->runBare()
#40 /Users/aminshojaei/AndroidStudioProjects/Calcuapp/backend/vendor/phpunit/phpunit/src/Framework/TestCase.php(365): PHPUnit\\Framework\\TestRunner->run(Object(Tests\\Feature\\ApiRoutesTest))
#41 /Users/aminshojaei/AndroidStudioProjects/Calcuapp/backend/vendor/phpunit/phpunit/src/Framework/TestSuite.php(369): PHPUnit\\Framework\\TestCase->run()
#42 /Users/aminshojaei/AndroidStudioProjects/Calcuapp/backend/vendor/phpunit/phpunit/src/Framework/TestSuite.php(369): PHPUnit\\Framework\\TestSuite->run()
#43 /Users/aminshojaei/AndroidStudioProjects/Calcuapp/backend/vendor/phpunit/phpunit/src/Framework/TestSuite.php(369): PHPUnit\\Framework\\TestSuite->run()
#44 /Users/aminshojaei/AndroidStudioProjects/Calcuapp/backend/vendor/phpunit/phpunit/src/TextUI/TestRunner.php(64): PHPUnit\\Framework\\TestSuite->run()
#45 /Users/aminshojaei/AndroidStudioProjects/Calcuapp/backend/vendor/phpunit/phpunit/src/TextUI/Application.php(211): PHPUnit\\TextUI\\TestRunner->run(Object(PHPUnit\\TextUI\\Configuration\\Configuration), Object(PHPUnit\\Runner\\ResultCache\\DefaultResultCache), Object(PHPUnit\\Framework\\TestSuite))
#46 /Users/aminshojaei/AndroidStudioProjects/Calcuapp/backend/vendor/phpunit/phpunit/phpunit(104): PHPUnit\\TextUI\\Application->run(Array)
#47 {main}
"} 
[2026-09-23 18:19:01] testing.ERROR: Class "App\Http\Controllers\Controller" not found {"exception":"[object] (Error(code: 0): Class \"App\\Http\\Controllers\\Controller\" not found at /Users/aminshojaei/AndroidStudioProjects/Calcuapp/backend/app/Http/Controllers/Api/ProductController.php:10)
[stacktrace]
#0 /Users/aminshojaei/AndroidStudioProjects/Calcuapp/backend/vendor/composer/ClassLoader.php(576): include()
#1 /Users/aminshojaei/AndroidStudioProjects/Calcuapp/backend/vendor/composer/ClassLoader.php(427): {closure:Composer\\Autoload\\ClassLoader::initializeIncludeClosure():575}('/Users/aminshoj...')
#2 [internal function]: Composer\\Autoload\\ClassLoader->loadClass('App\\\\Http\\\\Contro...')
#3 /Users/aminshojaei/AndroidStudioProjects/Calcuapp/backend/vendor/laravel/framework/src/Illuminate/Routing/Route.php(1125): is_a('App\\\\Http\\\\Contro...', 'Illuminate\\\\Rout...', true)
#4 /Users/aminshojaei/AndroidStudioProjects/Calcuapp/backend/vendor/laravel/framework/src/Illuminate/Routing/Route.php(1062): Illuminate\\Routing\\Route->controllerMiddleware()
#5 /Users/aminshojaei/AndroidStudioProjects/Calcuapp/backend/vendor/laravel/framework/src/Illuminate/Routing/Router.php(834): Illuminate\\Routing\\Route->gatherMiddleware()
#6 /Users/aminshojaei/AndroidStudioProjects/Calcuapp/backend/vendor/laravel/framework/src/Illuminate/Routing/Router.php(816): Illuminate\\Routing\\Router->gatherRouteMiddleware(Object(Illuminate\\Routing\\Route))
#7 /Users/aminshojaei/AndroidStudioProjects/Calcuapp/backend/vendor/laravel/framework/src/Illuminate/Routing/Router.php(800): Illuminate\\Routing\\Router->runRouteWithinStack(Object(Illuminate\\Routing\\Route), Object(Illuminate\\Http\\Request))
#8 /Users/aminshojaei/AndroidStudioProjects/Calcuapp/backend/vendor/laravel/framework/src/Illuminate/Routing/Router.php(764): Illuminate\\Routing\\Router->runRoute(Object(Illuminate\\Http\\Request), Object(Illuminate\\Routing\\Route))
#9 /Users/aminshojaei/AndroidStudioProjects/Calcuapp/backend/vendor/laravel/framework/src/Illuminate/Routing/Router.php(753): Illuminate\\Routing\\Router->dispatchToRoute(Object(Illuminate\\Http\\Request))
#10 /Users/aminshojaei/AndroidStudioProjects/Calcuapp/backend/vendor/laravel/framework/src/Illuminate/Foundation/Http/Kernel.php(200): Illuminate\\Routing\\Router->dispatch(Object(Illuminate\\Http\\Request))
#11 /Users/aminshojaei/AndroidStudioProjects/Calcuapp/backend/vendor/laravel/framework/src/Illuminate/Pipeline/Pipeline.php(180): Illuminate\\Foundation\\Http\\Kernel->{closure:Illuminate\\Foundation\\Http\\Kernel::dispatchToRouter():197}(Object(Illuminate\\Http\\Request))
#12 /Users/aminshojaei/AndroidStudioProjects/Calcuapp/backend/vendor/laravel/framework/src/Illuminate/Foundation/Http/Middleware/TransformsRequest.php(21): Illuminate\\Pipeline\\Pipeline->{closure:Illuminate\\Pipeline\\Pipeline::prepareDestination():178}(Object(Illuminate\\Http\\Request))
#13 /Users/aminshojaei/AndroidStudioProjects/Calcuapp/backend/vendor/laravel/framework/src/Illuminate/Foundation/Http/Middleware/ConvertEmptyStringsToNull.php(31): Illuminate\\Foundation\\Http\\Middleware\\TransformsRequest->handle(Object(Illuminate\\Http\\Request), Object(Closure))
#14 /Users/aminshojaei/AndroidStudioProjects/Calcuapp/backend/vendor/laravel/framework/src/Illuminate/Pipeline/Pipeline.php(219): Illuminate\\Foundation\\Http\\Middleware\\ConvertEmptyStringsToNull->handle(Object(Illuminate\\Http\\Request), Object(Closure))
#15 /Users/aminshojaei/AndroidStudioProjects/Calcuapp/backend/vendor/laravel/framework/src/Illuminate/Foundation/Http/Middleware/TransformsRequest.php(21): Illuminate\\Pipeline\\Pipeline->{closure:{closure:Illuminate\\Pipeline\\Pipeline::carry():194}:195}(Object(Illuminate\\Http\\Request))
#16 /Users/aminshojaei/AndroidStudioProjects/Calcuapp/backend/vendor/laravel/framework/src/Illuminate/Foundation/Http/Middleware/TrimStrings.php(51): Illuminate\\Foundation\\Http\\Middleware\\TransformsRequest->handle(Object(Illuminate\\Http\\Request), Object(Closure))
#17 /Users/aminshojaei/AndroidStudioProjects/Calcuapp/backend/vendor/laravel/framework/src/Illuminate/Pipeline/Pipeline.php(219): Illuminate\\Foundation\\Http\\Middleware\\TrimStrings->handle(Object(Illuminate\\Http\\Request), Object(Closure))
#18 /Users/aminshojaei/AndroidStudioProjects/Calcuapp/backend/vendor/laravel/framework/src/Illuminate/Http/Middleware/ValidatePostSize.php(27): Illuminate\\Pipeline\\Pipeline->{closure:{closure:Illuminate\\Pipeline\\Pipeline::carry():194}:195}(Object(Illuminate\\Http\\Request))
#19 /Users/aminshojaei/AndroidStudioProjects/Calcuapp/backend/vendor/laravel/framework/src/Illuminate/Pipeline/Pipeline.php(219): Illuminate\\Http\\Middleware\\ValidatePostSize->handle(Object(Illuminate\\Http\\Request), Object(Closure))
#20 /Users/aminshojaei/AndroidStudioProjects/Calcuapp/backend/vendor/laravel/framework/src/Illuminate/Foundation/Http/Middleware/PreventRequestsDuringMaintenance.php(109): Illuminate\\Pipeline\\Pipeline->{closure:{closure:Illuminate\\Pipeline\\Pipeline::carry():194}:195}(Object(Illuminate\\Http\\Request))
#21 /Users/aminshojaei/AndroidStudioProjects/Calcuapp/backend/vendor/laravel/framework/src/Illuminate/Pipeline/Pipeline.php(219): Illuminate\\Foundation\\Http\\Middleware\\PreventRequestsDuringMaintenance->handle(Object(Illuminate\\Http\\Request), Object(Closure))
#22 /Users/aminshojaei/AndroidStudioProjects/Calcuapp/backend/vendor/laravel/framework/src/Illuminate/Http/Middleware/HandleCors.php(74): Illuminate\\Pipeline\\Pipeline->{closure:{closure:Illuminate\\Pipeline\\Pipeline::carry():194}:195}(Object(Illuminate\\Http\\Request))
#23 /Users/aminshojaei/AndroidStudioProjects/Calcuapp/backend/vendor/laravel/framework/src/Illuminate/Pipeline/Pipeline.php(219): Illuminate\\Http\\Middleware\\HandleCors->handle(Object(Illuminate\\Http\\Request), Object(Closure))
#24 /Users/aminshojaei/AndroidStudioProjects/Calcuapp/backend/vendor/laravel/framework/src/Illuminate/Http/Middleware/TrustProxies.php(58): Illuminate\\Pipeline\\Pipeline->{closure:{closure:Illuminate\\Pipeline\\Pipeline::carry():194}:195}(Object(Illuminate\\Http\\Request))
#25 /Users/aminshojaei/AndroidStudioProjects/Calcuapp/backend/vendor/laravel/framework/src/Illuminate/Pipeline/Pipeline.php(219): Illuminate\\Http\\Middleware\\TrustProxies->handle(Object(Illuminate\\Http\\Request), Object(Closure))
#26 /Users/aminshojaei/AndroidStudioProjects/Calcuapp/backend/vendor/laravel/framework/src/Illuminate/Foundation/Http/Middleware/InvokeDeferredCallbacks.php(22): Illuminate\\Pipeline\\Pipeline->{closure:{closure:Illuminate\\Pipeline\\Pipeline::carry():194}:195}(Object(Illuminate\\Http\\Request))
#27 /Users/aminshojaei/AndroidStudioProjects/Calcuapp/backend/vendor/laravel/framework/src/Illuminate/Pipeline/Pipeline.php(219): Illuminate\\Foundation\\Http\\Middleware\\InvokeDeferredCallbacks->handle(Object(Illuminate\\Http\\Request), Object(Closure))
#28 /Users/aminshojaei/AndroidStudioProjects/Calcuapp/backend/vendor/laravel/framework/src/Illuminate/Http/Middleware/ValidatePathEncoding.php(26): Illuminate\\Pipeline\\Pipeline->{closure:{closure:Illuminate\\Pipeline\\Pipeline::carry():194}:195}(Object(Illuminate\\Http\\Request))
#29 /Users/aminshojaei/AndroidStudioProjects/Calcuapp/backend/vendor/laravel/framework/src/Illuminate/Pipeline/Pipeline.php(219): Illuminate\\Http\\Middleware\\ValidatePathEncoding->handle(Object(Illuminate\\Http\\Request), Object(Closure))
#30 /Users/aminshojaei/AndroidStudioProjects/Calcuapp/backend/vendor/laravel/framework/src/Illuminate/Pipeline/Pipeline.php(137): Illuminate\\Pipeline\\Pipeline->{closure:{closure:Illuminate\\Pipeline\\Pipeline::carry():194}:195}(Object(Illuminate\\Http\\Request))
#31 /Users/aminshojaei/AndroidStudioProjects/Calcuapp/backend/vendor/laravel/framework/src/Illuminate/Foundation/Http/Kernel.php(175): Illuminate\\Pipeline\\Pipeline->then(Object(Closure))
#32 /Users/aminshojaei/AndroidStudioProjects/Calcuapp/backend/vendor/laravel/framework/src/Illuminate/Foundation/Http/Kernel.php(144): Illuminate\\Foundation\\Http\\Kernel->sendRequestThroughRouter(Object(Illuminate\\Http\\Request))
#33 /Users/aminshojaei/AndroidStudioProjects/Calcuapp/backend/vendor/laravel/framework/src/Illuminate/Foundation/Testing/Concerns/MakesHttpRequests.php(607): Illuminate\\Foundation\\Http\\Kernel->handle(Object(Illuminate\\Http\\Request))
#34 /Users/aminshojaei/AndroidStudioProjects/Calcuapp/backend/vendor/laravel/framework/src/Illuminate/Foundation/Testing/Concerns/MakesHttpRequests.php(573): Illuminate\\Foundation\\Testing\\TestCase->call('GET', '/api/v1/product...', Array, Array, Array, Array, '[]')
#35 /Users/aminshojaei/AndroidStudioProjects/Calcuapp/backend/vendor/laravel/framework/src/Illuminate/Foundation/Testing/Concerns/MakesHttpRequests.php(381): Illuminate\\Foundation\\Testing\\TestCase->json('GET', '/api/v1/product...', Array, Array, 0)
#36 /Users/aminshojaei/AndroidStudioProjects/Calcuapp/backend/tests/Feature/ApiRoutesTest.php(28): Illuminate\\Foundation\\Testing\\TestCase->getJson('/api/v1/product...')
#37 /Users/aminshojaei/AndroidStudioProjects/Calcuapp/backend/vendor/phpunit/phpunit/src/Framework/TestCase.php(1667): Tests\\Feature\\ApiRoutesTest->test_products_endpoint()
#38 /Users/aminshojaei/AndroidStudioProjects/Calcuapp/backend/vendor/phpunit/phpunit/src/Framework/TestCase.php(519): PHPUnit\\Framework\\TestCase->runTest()
#39 /Users/aminshojaei/AndroidStudioProjects/Calcuapp/backend/vendor/phpunit/phpunit/src/Framework/TestRunner/TestRunner.php(87): PHPUnit\\Framework\\TestCase->runBare()
#40 /Users/aminshojaei/AndroidStudioProjects/Calcuapp/backend/vendor/phpunit/phpunit/src/Framework/TestCase.php(365): PHPUnit\\Framework\\TestRunner->run(Object(Tests\\Feature\\ApiRoutesTest))
#41 /Users/aminshojaei/AndroidStudioProjects/Calcuapp/backend/vendor/phpunit/phpunit/src/Framework/TestSuite.php(369): PHPUnit\\Framework\\TestCase->run()
#42 /Users/aminshojaei/AndroidStudioProjects/Calcuapp/backend/vendor/phpunit/phpunit/src/Framework/TestSuite.php(369): PHPUnit\\Framework\\TestSuite->run()
#43 /Users/aminshojaei/AndroidStudioProjects/Calcuapp/backend/vendor/phpunit/phpunit/src/Framework/TestSuite.php(369): PHPUnit\\Framework\\TestSuite->run()
#44 /Users/aminshojaei/AndroidStudioProjects/Calcuapp/backend/vendor/phpunit/phpunit/src/TextUI/TestRunner.php(64): PHPUnit\\Framework\\TestSuite->run()
#45 /Users/aminshojaei/AndroidStudioProjects/Calcuapp/backend/vendor/phpunit/phpunit/src/TextUI/Application.php(211): PHPUnit\\TextUI\\TestRunner->run(Object(PHPUnit\\TextUI\\Configuration\\Configuration), Object(PHPUnit\\Runner\\ResultCache\\DefaultResultCache), Object(PHPUnit\\Framework\\TestSuite))
#46 /Users/aminshojaei/AndroidStudioProjects/Calcuapp/backend/vendor/phpunit/phpunit/phpunit(104): PHPUnit\\TextUI\\Application->run(Array)
#47 {main}
"} 
[2026-09-23 18:19:01] testing.ERROR: Class "App\Http\Controllers\Controller" not found {"exception":"[object] (Error(code: 0): Class \"App\\Http\\Controllers\\Controller\" not found at /Users/aminshojaei/AndroidStudioProjects/Calcuapp/backend/app/Http/Controllers/Api/ProductController.php:10)
[stacktrace]
#0 /Users/aminshojaei/AndroidStudioProjects/Calcuapp/backend/vendor/composer/ClassLoader.php(576): include()
#1 /Users/aminshojaei/AndroidStudioProjects/Calcuapp/backend/vendor/composer/ClassLoader.php(427): {closure:Composer\\Autoload\\ClassLoader::initializeIncludeClosure():575}('/Users/aminshoj...')
#2 [internal function]: Composer\\Autoload\\ClassLoader->loadClass('App\\\\Http\\\\Contro...')
#3 /Users/aminshojaei/AndroidStudioProjects/Calcuapp/backend/vendor/laravel/framework/src/Illuminate/Routing/Route.php(1125): is_a('App\\\\Http\\\\Contro...', 'Illuminate\\\\Rout...', true)
#4 /Users/aminshojaei/AndroidStudioProjects/Calcuapp/backend/vendor/laravel/framework/src/Illuminate/Routing/Route.php(1062): Illuminate\\Routing\\Route->controllerMiddleware()
#5 /Users/aminshojaei/AndroidStudioProjects/Calcuapp/backend/vendor/laravel/framework/src/Illuminate/Routing/Router.php(834): Illuminate\\Routing\\Route->gatherMiddleware()
#6 /Users/aminshojaei/AndroidStudioProjects/Calcuapp/backend/vendor/laravel/framework/src/Illuminate/Routing/Router.php(816): Illuminate\\Routing\\Router->gatherRouteMiddleware(Object(Illuminate\\Routing\\Route))
#7 /Users/aminshojaei/AndroidStudioProjects/Calcuapp/backend/vendor/laravel/framework/src/Illuminate/Routing/Router.php(800): Illuminate\\Routing\\Router->runRouteWithinStack(Object(Illuminate\\Routing\\Route), Object(Illuminate\\Http\\Request))
#8 /Users/aminshojaei/AndroidStudioProjects/Calcuapp/backend/vendor/laravel/framework/src/Illuminate/Routing/Router.php(764): Illuminate\\Routing\\Router->runRoute(Object(Illuminate\\Http\\Request), Object(Illuminate\\Routing\\Route))
#9 /Users/aminshojaei/AndroidStudioProjects/Calcuapp/backend/vendor/laravel/framework/src/Illuminate/Routing/Router.php(753): Illuminate\\Routing\\Router->dispatchToRoute(Object(Illuminate\\Http\\Request))
#10 /Users/aminshojaei/AndroidStudioProjects/Calcuapp/backend/vendor/laravel/framework/src/Illuminate/Foundation/Http/Kernel.php(200): Illuminate\\Routing\\Router->dispatch(Object(Illuminate\\Http\\Request))
#11 /Users/aminshojaei/AndroidStudioProjects/Calcuapp/backend/vendor/laravel/framework/src/Illuminate/Pipeline/Pipeline.php(180): Illuminate\\Foundation\\Http\\Kernel->{closure:Illuminate\\Foundation\\Http\\Kernel::dispatchToRouter():197}(Object(Illuminate\\Http\\Request))
#12 /Users/aminshojaei/AndroidStudioProjects/Calcuapp/backend/vendor/laravel/framework/src/Illuminate/Foundation/Http/Middleware/TransformsRequest.php(21): Illuminate\\Pipeline\\Pipeline->{closure:Illuminate\\Pipeline\\Pipeline::prepareDestination():178}(Object(Illuminate\\Http\\Request))
#13 /Users/aminshojaei/AndroidStudioProjects/Calcuapp/backend/vendor/laravel/framework/src/Illuminate/Foundation/Http/Middleware/ConvertEmptyStringsToNull.php(31): Illuminate\\Foundation\\Http\\Middleware\\TransformsRequest->handle(Object(Illuminate\\Http\\Request), Object(Closure))
#14 /Users/aminshojaei/AndroidStudioProjects/Calcuapp/backend/vendor/laravel/framework/src/Illuminate/Pipeline/Pipeline.php(219): Illuminate\\Foundation\\Http\\Middleware\\ConvertEmptyStringsToNull->handle(Object(Illuminate\\Http\\Request), Object(Closure))
#15 /Users/aminshojaei/AndroidStudioProjects/Calcuapp/backend/vendor/laravel/framework/src/Illuminate/Foundation/Http/Middleware/TransformsRequest.php(21): Illuminate\\Pipeline\\Pipeline->{closure:{closure:Illuminate\\Pipeline\\Pipeline::carry():194}:195}(Object(Illuminate\\Http\\Request))
#16 /Users/aminshojaei/AndroidStudioProjects/Calcuapp/backend/vendor/laravel/framework/src/Illuminate/Foundation/Http/Middleware/TrimStrings.php(51): Illuminate\\Foundation\\Http\\Middleware\\TransformsRequest->handle(Object(Illuminate\\Http\\Request), Object(Closure))
#17 /Users/aminshojaei/AndroidStudioProjects/Calcuapp/backend/vendor/laravel/framework/src/Illuminate/Pipeline/Pipeline.php(219): Illuminate\\Foundation\\Http\\Middleware\\TrimStrings->handle(Object(Illuminate\\Http\\Request), Object(Closure))
#18 /Users/aminshojaei/AndroidStudioProjects/Calcuapp/backend/vendor/laravel/framework/src/Illuminate/Http/Middleware/ValidatePostSize.php(27): Illuminate\\Pipeline\\Pipeline->{closure:{closure:Illuminate\\Pipeline\\Pipeline::carry():194}:195}(Object(Illuminate\\Http\\Request))
#19 /Users/aminshojaei/AndroidStudioProjects/Calcuapp/backend/vendor/laravel/framework/src/Illuminate/Pipeline/Pipeline.php(219): Illuminate\\Http\\Middleware\\ValidatePostSize->handle(Object(Illuminate\\Http\\Request), Object(Closure))
#20 /Users/aminshojaei/AndroidStudioProjects/Calcuapp/backend/vendor/laravel/framework/src/Illuminate/Foundation/Http/Middleware/PreventRequestsDuringMaintenance.php(109): Illuminate\\Pipeline\\Pipeline->{closure:{closure:Illuminate\\Pipeline\\Pipeline::carry():194}:195}(Object(Illuminate\\Http\\Request))
#21 /Users/aminshojaei/AndroidStudioProjects/Calcuapp/backend/vendor/laravel/framework/src/Illuminate/Pipeline/Pipeline.php(219): Illuminate\\Foundation\\Http\\Middleware\\PreventRequestsDuringMaintenance->handle(Object(Illuminate\\Http\\Request), Object(Closure))
#22 /Users/aminshojaei/AndroidStudioProjects/Calcuapp/backend/vendor/laravel/framework/src/Illuminate/Http/Middleware/HandleCors.php(74): Illuminate\\Pipeline\\Pipeline->{closure:{closure:Illuminate\\Pipeline\\Pipeline::carry():194}:195}(Object(Illuminate\\Http\\Request))
#23 /Users/aminshojaei/AndroidStudioProjects/Calcuapp/backend/vendor/laravel/framework/src/Illuminate/Pipeline/Pipeline.php(219): Illuminate\\Http\\Middleware\\HandleCors->handle(Object(Illuminate\\Http\\Request), Object(Closure))
#24 /Users/aminshojaei/AndroidStudioProjects/Calcuapp/backend/vendor/laravel/framework/src/Illuminate/Http/Middleware/TrustProxies.php(58): Illuminate\\Pipeline\\Pipeline->{closure:{closure:Illuminate\\Pipeline\\Pipeline::carry():194}:195}(Object(Illuminate\\Http\\Request))
#25 /Users/aminshojaei/AndroidStudioProjects/Calcuapp/backend/vendor/laravel/framework/src/Illuminate/Pipeline/Pipeline.php(219): Illuminate\\Http\\Middleware\\TrustProxies->handle(Object(Illuminate\\Http\\Request), Object(Closure))
#26 /Users/aminshojaei/AndroidStudioProjects/Calcuapp/backend/vendor/laravel/framework/src/Illuminate/Foundation/Http/Middleware/InvokeDeferredCallbacks.php(22): Illuminate\\Pipeline\\Pipeline->{closure:{closure:Illuminate\\Pipeline\\Pipeline::carry():194}:195}(Object(Illuminate\\Http\\Request))
#27 /Users/aminshojaei/AndroidStudioProjects/Calcuapp/backend/vendor/laravel/framework/src/Illuminate/Pipeline/Pipeline.php(219): Illuminate\\Foundation\\Http\\Middleware\\InvokeDeferredCallbacks->handle(Object(Illuminate\\Http\\Request), Object(Closure))
#28 /Users/aminshojaei/AndroidStudioProjects/Calcuapp/backend/vendor/laravel/framework/src/Illuminate/Http/Middleware/ValidatePathEncoding.php(26): Illuminate\\Pipeline\\Pipeline->{closure:{closure:Illuminate\\Pipeline\\Pipeline::carry():194}:195}(Object(Illuminate\\Http\\Request))
#29 /Users/aminshojaei/AndroidStudioProjects/Calcuapp/backend/vendor/laravel/framework/src/Illuminate/Pipeline/Pipeline.php(219): Illuminate\\Http\\Middleware\\ValidatePathEncoding->handle(Object(Illuminate\\Http\\Request), Object(Closure))
#30 /Users/aminshojaei/AndroidStudioProjects/Calcuapp/backend/vendor/laravel/framework/src/Illuminate/Pipeline/Pipeline.php(137): Illuminate\\Pipeline\\Pipeline->{closure:{closure:Illuminate\\Pipeline\\Pipeline::carry():194}:195}(Object(Illuminate\\Http\\Request))
#31 /Users/aminshojaei/AndroidStudioProjects/Calcuapp/backend/vendor/laravel/framework/src/Illuminate/Foundation/Http/Kernel.php(175): Illuminate\\Pipeline\\Pipeline->then(Object(Closure))
#32 /Users/aminshojaei/AndroidStudioProjects/Calcuapp/backend/vendor/laravel/framework/src/Illuminate/Foundation/Http/Kernel.php(144): Illuminate\\Foundation\\Http\\Kernel->sendRequestThroughRouter(Object(Illuminate\\Http\\Request))
#33 /Users/aminshojaei/AndroidStudioProjects/Calcuapp/backend/vendor/laravel/framework/src/Illuminate/Foundation/Testing/Concerns/MakesHttpRequests.php(607): Illuminate\\Foundation\\Http\\Kernel->handle(Object(Illuminate\\Http\\Request))
#34 /Users/aminshojaei/AndroidStudioProjects/Calcuapp/backend/vendor/laravel/framework/src/Illuminate/Foundation/Testing/Concerns/MakesHttpRequests.php(573): Illuminate\\Foundation\\Testing\\TestCase->call('GET', '/api/v1/product...', Array, Array, Array, Array, '[]')
#35 /Users/aminshojaei/AndroidStudioProjects/Calcuapp/backend/vendor/laravel/framework/src/Illuminate/Foundation/Testing/Concerns/MakesHttpRequests.php(381): Illuminate\\Foundation\\Testing\\TestCase->json('GET', '/api/v1/product...', Array, Array, 0)
#36 /Users/aminshojaei/AndroidStudioProjects/Calcuapp/backend/tests/Feature/ApiRoutesTest.php(35): Illuminate\\Foundation\\Testing\\TestCase->getJson('/api/v1/product...')
#37 /Users/aminshojaei/AndroidStudioProjects/Calcuapp/backend/vendor/phpunit/phpunit/src/Framework/TestCase.php(1667): Tests\\Feature\\ApiRoutesTest->test_barcode_lookup_endpoint()
#38 /Users/aminshojaei/AndroidStudioProjects/Calcuapp/backend/vendor/phpunit/phpunit/src/Framework/TestCase.php(519): PHPUnit\\Framework\\TestCase->runTest()
#39 /Users/aminshojaei/AndroidStudioProjects/Calcuapp/backend/vendor/phpunit/phpunit/src/Framework/TestRunner/TestRunner.php(87): PHPUnit\\Framework\\TestCase->runBare()
#40 /Users/aminshojaei/AndroidStudioProjects/Calcuapp/backend/vendor/phpunit/phpunit/src/Framework/TestCase.php(365): PHPUnit\\Framework\\TestRunner->run(Object(Tests\\Feature\\ApiRoutesTest))
#41 /Users/aminshojaei/AndroidStudioProjects/Calcuapp/backend/vendor/phpunit/phpunit/src/Framework/TestSuite.php(369): PHPUnit\\Framework\\TestCase->run()
#42 /Users/aminshojaei/AndroidStudioProjects/Calcuapp/backend/vendor/phpunit/phpunit/src/Framework/TestSuite.php(369): PHPUnit\\Framework\\TestSuite->run()
#43 /Users/aminshojaei/AndroidStudioProjects/Calcuapp/backend/vendor/phpunit/phpunit/src/Framework/TestSuite.php(369): PHPUnit\\Framework\\TestSuite->run()
#44 /Users/aminshojaei/AndroidStudioProjects/Calcuapp/backend/vendor/phpunit/phpunit/src/TextUI/TestRunner.php(64): PHPUnit\\Framework\\TestSuite->run()
#45 /Users/aminshojaei/AndroidStudioProjects/Calcuapp/backend/vendor/phpunit/phpunit/src/TextUI/Application.php(211): PHPUnit\\TextUI\\TestRunner->run(Object(PHPUnit\\TextUI\\Configuration\\Configuration), Object(PHPUnit\\Runner\\ResultCache\\DefaultResultCache), Object(PHPUnit\\Framework\\TestSuite))
#46 /Users/aminshojaei/AndroidStudioProjects/Calcuapp/backend/vendor/phpunit/phpunit/phpunit(104): PHPUnit\\TextUI\\Application->run(Array)
#47 {main}
"} 
[2026-09-23 18:19:01] testing.ERROR: Class "App\Http\Controllers\Controller" not found {"exception":"[object] (Error(code: 0): Class \"App\\Http\\Controllers\\Controller\" not found at /Users/aminshojaei/AndroidStudioProjects/Calcuapp/backend/app/Http/Controllers/Api/SalesOrderController.php:15)
[stacktrace]
#0 /Users/aminshojaei/AndroidStudioProjects/Calcuapp/backend/vendor/composer/ClassLoader.php(576): include()
#1 /Users/aminshojaei/AndroidStudioProjects/Calcuapp/backend/vendor/composer/ClassLoader.php(427): {closure:Composer\\Autoload\\ClassLoader::initializeIncludeClosure():575}('/Users/aminshoj...')
#2 [internal function]: Composer\\Autoload\\ClassLoader->loadClass('App\\\\Http\\\\Contro...')
#3 /Users/aminshojaei/AndroidStudioProjects/Calcuapp/backend/vendor/laravel/framework/src/Illuminate/Routing/Route.php(1125): is_a('App\\\\Http\\\\Contro...', 'Illuminate\\\\Rout...', true)
#4 /Users/aminshojaei/AndroidStudioProjects/Calcuapp/backend/vendor/laravel/framework/src/Illuminate/Routing/Route.php(1062): Illuminate\\Routing\\Route->controllerMiddleware()
#5 /Users/aminshojaei/AndroidStudioProjects/Calcuapp/backend/vendor/laravel/framework/src/Illuminate/Routing/Router.php(834): Illuminate\\Routing\\Route->gatherMiddleware()
#6 /Users/aminshojaei/AndroidStudioProjects/Calcuapp/backend/vendor/laravel/framework/src/Illuminate/Routing/Router.php(816): Illuminate\\Routing\\Router->gatherRouteMiddleware(Object(Illuminate\\Routing\\Route))
#7 /Users/aminshojaei/AndroidStudioProjects/Calcuapp/backend/vendor/laravel/framework/src/Illuminate/Routing/Router.php(800): Illuminate\\Routing\\Router->runRouteWithinStack(Object(Illuminate\\Routing\\Route), Object(Illuminate\\Http\\Request))
#8 /Users/aminshojaei/AndroidStudioProjects/Calcuapp/backend/vendor/laravel/framework/src/Illuminate/Routing/Router.php(764): Illuminate\\Routing\\Router->runRoute(Object(Illuminate\\Http\\Request), Object(Illuminate\\Routing\\Route))
#9 /Users/aminshojaei/AndroidStudioProjects/Calcuapp/backend/vendor/laravel/framework/src/Illuminate/Routing/Router.php(753): Illuminate\\Routing\\Router->dispatchToRoute(Object(Illuminate\\Http\\Request))
#10 /Users/aminshojaei/AndroidStudioProjects/Calcuapp/backend/vendor/laravel/framework/src/Illuminate/Foundation/Http/Kernel.php(200): Illuminate\\Routing\\Router->dispatch(Object(Illuminate\\Http\\Request))
#11 /Users/aminshojaei/AndroidStudioProjects/Calcuapp/backend/vendor/laravel/framework/src/Illuminate/Pipeline/Pipeline.php(180): Illuminate\\Foundation\\Http\\Kernel->{closure:Illuminate\\Foundation\\Http\\Kernel::dispatchToRouter():197}(Object(Illuminate\\Http\\Request))
#12 /Users/aminshojaei/AndroidStudioProjects/Calcuapp/backend/vendor/laravel/framework/src/Illuminate/Foundation/Http/Middleware/TransformsRequest.php(21): Illuminate\\Pipeline\\Pipeline->{closure:Illuminate\\Pipeline\\Pipeline::prepareDestination():178}(Object(Illuminate\\Http\\Request))
#13 /Users/aminshojaei/AndroidStudioProjects/Calcuapp/backend/vendor/laravel/framework/src/Illuminate/Foundation/Http/Middleware/ConvertEmptyStringsToNull.php(31): Illuminate\\Foundation\\Http\\Middleware\\TransformsRequest->handle(Object(Illuminate\\Http\\Request), Object(Closure))
#14 /Users/aminshojaei/AndroidStudioProjects/Calcuapp/backend/vendor/laravel/framework/src/Illuminate/Pipeline/Pipeline.php(219): Illuminate\\Foundation\\Http\\Middleware\\ConvertEmptyStringsToNull->handle(Object(Illuminate\\Http\\Request), Object(Closure))
#15 /Users/aminshojaei/AndroidStudioProjects/Calcuapp/backend/vendor/laravel/framework/src/Illuminate/Foundation/Http/Middleware/TransformsRequest.php(21): Illuminate\\Pipeline\\Pipeline->{closure:{closure:Illuminate\\Pipeline\\Pipeline::carry():194}:195}(Object(Illuminate\\Http\\Request))
#16 /Users/aminshojaei/AndroidStudioProjects/Calcuapp/backend/vendor/laravel/framework/src/Illuminate/Foundation/Http/Middleware/TrimStrings.php(51): Illuminate\\Foundation\\Http\\Middleware\\TransformsRequest->handle(Object(Illuminate\\Http\\Request), Object(Closure))
#17 /Users/aminshojaei/AndroidStudioProjects/Calcuapp/backend/vendor/laravel/framework/src/Illuminate/Pipeline/Pipeline.php(219): Illuminate\\Foundation\\Http\\Middleware\\TrimStrings->handle(Object(Illuminate\\Http\\Request), Object(Closure))
#18 /Users/aminshojaei/AndroidStudioProjects/Calcuapp/backend/vendor/laravel/framework/src/Illuminate/Http/Middleware/ValidatePostSize.php(27): Illuminate\\Pipeline\\Pipeline->{closure:{closure:Illuminate\\Pipeline\\Pipeline::carry():194}:195}(Object(Illuminate\\Http\\Request))
#19 /Users/aminshojaei/AndroidStudioProjects/Calcuapp/backend/vendor/laravel/framework/src/Illuminate/Pipeline/Pipeline.php(219): Illuminate\\Http\\Middleware\\ValidatePostSize->handle(Object(Illuminate\\Http\\Request), Object(Closure))
#20 /Users/aminshojaei/AndroidStudioProjects/Calcuapp/backend/vendor/laravel/framework/src/Illuminate/Foundation/Http/Middleware/PreventRequestsDuringMaintenance.php(109): Illuminate\\Pipeline\\Pipeline->{closure:{closure:Illuminate\\Pipeline\\Pipeline::carry():194}:195}(Object(Illuminate\\Http\\Request))
#21 /Users/aminshojaei/AndroidStudioProjects/Calcuapp/backend/vendor/laravel/framework/src/Illuminate/Pipeline/Pipeline.php(219): Illuminate\\Foundation\\Http\\Middleware\\PreventRequestsDuringMaintenance->handle(Object(Illuminate\\Http\\Request), Object(Closure))
#22 /Users/aminshojaei/AndroidStudioProjects/Calcuapp/backend/vendor/laravel/framework/src/Illuminate/Http/Middleware/HandleCors.php(74): Illuminate\\Pipeline\\Pipeline->{closure:{closure:Illuminate\\Pipeline\\Pipeline::carry():194}:195}(Object(Illuminate\\Http\\Request))
#23 /Users/aminshojaei/AndroidStudioProjects/Calcuapp/backend/vendor/laravel/framework/src/Illuminate/Pipeline/Pipeline.php(219): Illuminate\\Http\\Middleware\\HandleCors->handle(Object(Illuminate\\Http\\Request), Object(Closure))
#24 /Users/aminshojaei/AndroidStudioProjects/Calcuapp/backend/vendor/laravel/framework/src/Illuminate/Http/Middleware/TrustProxies.php(58): Illuminate\\Pipeline\\Pipeline->{closure:{closure:Illuminate\\Pipeline\\Pipeline::carry():194}:195}(Object(Illuminate\\Http\\Request))
#25 /Users/aminshojaei/AndroidStudioProjects/Calcuapp/backend/vendor/laravel/framework/src/Illuminate/Pipeline/Pipeline.php(219): Illuminate\\Http\\Middleware\\TrustProxies->handle(Object(Illuminate\\Http\\Request), Object(Closure))
#26 /Users/aminshojaei/AndroidStudioProjects/Calcuapp/backend/vendor/laravel/framework/src/Illuminate/Foundation/Http/Middleware/InvokeDeferredCallbacks.php(22): Illuminate\\Pipeline\\Pipeline->{closure:{closure:Illuminate\\Pipeline\\Pipeline::carry():194}:195}(Object(Illuminate\\Http\\Request))
#27 /Users/aminshojaei/AndroidStudioProjects/Calcuapp/backend/vendor/laravel/framework/src/Illuminate/Pipeline/Pipeline.php(219): Illuminate\\Foundation\\Http\\Middleware\\InvokeDeferredCallbacks->handle(Object(Illuminate\\Http\\Request), Object(Closure))
#28 /Users/aminshojaei/AndroidStudioProjects/Calcuapp/backend/vendor/laravel/framework/src/Illuminate/Http/Middleware/ValidatePathEncoding.php(26): Illuminate\\Pipeline\\Pipeline->{closure:{closure:Illuminate\\Pipeline\\Pipeline::carry():194}:195}(Object(Illuminate\\Http\\Request))
#29 /Users/aminshojaei/AndroidStudioProjects/Calcuapp/backend/vendor/laravel/framework/src/Illuminate/Pipeline/Pipeline.php(219): Illuminate\\Http\\Middleware\\ValidatePathEncoding->handle(Object(Illuminate\\Http\\Request), Object(Closure))
#30 /Users/aminshojaei/AndroidStudioProjects/Calcuapp/backend/vendor/laravel/framework/src/Illuminate/Pipeline/Pipeline.php(137): Illuminate\\Pipeline\\Pipeline->{closure:{closure:Illuminate\\Pipeline\\Pipeline::carry():194}:195}(Object(Illuminate\\Http\\Request))
#31 /Users/aminshojaei/AndroidStudioProjects/Calcuapp/backend/vendor/laravel/framework/src/Illuminate/Foundation/Http/Kernel.php(175): Illuminate\\Pipeline\\Pipeline->then(Object(Closure))
#32 /Users/aminshojaei/AndroidStudioProjects/Calcuapp/backend/vendor/laravel/framework/src/Illuminate/Foundation/Http/Kernel.php(144): Illuminate\\Foundation\\Http\\Kernel->sendRequestThroughRouter(Object(Illuminate\\Http\\Request))
#33 /Users/aminshojaei/AndroidStudioProjects/Calcuapp/backend/vendor/laravel/framework/src/Illuminate/Foundation/Testing/Concerns/MakesHttpRequests.php(607): Illuminate\\Foundation\\Http\\Kernel->handle(Object(Illuminate\\Http\\Request))
#34 /Users/aminshojaei/AndroidStudioProjects/Calcuapp/backend/vendor/laravel/framework/src/Illuminate/Foundation/Testing/Concerns/MakesHttpRequests.php(573): Illuminate\\Foundation\\Testing\\TestCase->call('POST', '/api/v1/orders/...', Array, Array, Array, Array, '{\"org_id\":\"org_...')
#35 /Users/aminshojaei/AndroidStudioProjects/Calcuapp/backend/vendor/laravel/framework/src/Illuminate/Foundation/Testing/Concerns/MakesHttpRequests.php(411): Illuminate\\Foundation\\Testing\\TestCase->json('POST', '/api/v1/orders/...', Array, Array, 0)
#36 /Users/aminshojaei/AndroidStudioProjects/Calcuapp/backend/tests/Feature/ApiRoutesTest.php(61): Illuminate\\Foundation\\Testing\\TestCase->postJson('/api/v1/orders/...', Array)
#37 /Users/aminshojaei/AndroidStudioProjects/Calcuapp/backend/vendor/phpunit/phpunit/src/Framework/TestCase.php(1667): Tests\\Feature\\ApiRoutesTest->test_checkout_endpoint()
#38 /Users/aminshojaei/AndroidStudioProjects/Calcuapp/backend/vendor/phpunit/phpunit/src/Framework/TestCase.php(519): PHPUnit\\Framework\\TestCase->runTest()
#39 /Users/aminshojaei/AndroidStudioProjects/Calcuapp/backend/vendor/phpunit/phpunit/src/Framework/TestRunner/TestRunner.php(87): PHPUnit\\Framework\\TestCase->runBare()
#40 /Users/aminshojaei/AndroidStudioProjects/Calcuapp/backend/vendor/phpunit/phpunit/src/Framework/TestCase.php(365): PHPUnit\\Framework\\TestRunner->run(Object(Tests\\Feature\\ApiRoutesTest))
#41 /Users/aminshojaei/AndroidStudioProjects/Calcuapp/backend/vendor/phpunit/phpunit/src/Framework/TestSuite.php(369): PHPUnit\\Framework\\TestCase->run()
#42 /Users/aminshojaei/AndroidStudioProjects/Calcuapp/backend/vendor/phpunit/phpunit/src/Framework/TestSuite.php(369): PHPUnit\\Framework\\TestSuite->run()
#43 /Users/aminshojaei/AndroidStudioProjects/Calcuapp/backend/vendor/phpunit/phpunit/src/Framework/TestSuite.php(369): PHPUnit\\Framework\\TestSuite->run()
#44 /Users/aminshojaei/AndroidStudioProjects/Calcuapp/backend/vendor/phpunit/phpunit/src/TextUI/TestRunner.php(64): PHPUnit\\Framework\\TestSuite->run()
#45 /Users/aminshojaei/AndroidStudioProjects/Calcuapp/backend/vendor/phpunit/phpunit/src/TextUI/Application.php(211): PHPUnit\\TextUI\\TestRunner->run(Object(PHPUnit\\TextUI\\Configuration\\Configuration), Object(PHPUnit\\Runner\\ResultCache\\DefaultResultCache), Object(PHPUnit\\Framework\\TestSuite))
#46 /Users/aminshojaei/AndroidStudioProjects/Calcuapp/backend/vendor/phpunit/phpunit/phpunit(104): PHPUnit\\TextUI\\Application->run(Array)
#47 {main}
"} 
[2026-09-23 18:19:01] testing.ERROR: Class "App\Http\Controllers\Controller" not found {"exception":"[object] (Error(code: 0): Class \"App\\Http\\Controllers\\Controller\" not found at /Users/aminshojaei/AndroidStudioProjects/Calcuapp/backend/app/Http/Controllers/Api/AccountingController.php:12)
[stacktrace]
#0 /Users/aminshojaei/AndroidStudioProjects/Calcuapp/backend/vendor/composer/ClassLoader.php(576): include()
#1 /Users/aminshojaei/AndroidStudioProjects/Calcuapp/backend/vendor/composer/ClassLoader.php(427): {closure:Composer\\Autoload\\ClassLoader::initializeIncludeClosure():575}('/Users/aminshoj...')
#2 [internal function]: Composer\\Autoload\\ClassLoader->loadClass('App\\\\Http\\\\Contro...')
#3 /Users/aminshojaei/AndroidStudioProjects/Calcuapp/backend/vendor/laravel/framework/src/Illuminate/Routing/Route.php(1125): is_a('App\\\\Http\\\\Contro...', 'Illuminate\\\\Rout...', true)
#4 /Users/aminshojaei/AndroidStudioProjects/Calcuapp/backend/vendor/laravel/framework/src/Illuminate/Routing/Route.php(1062): Illuminate\\Routing\\Route->controllerMiddleware()
#5 /Users/aminshojaei/AndroidStudioProjects/Calcuapp/backend/vendor/laravel/framework/src/Illuminate/Routing/Router.php(834): Illuminate\\Routing\\Route->gatherMiddleware()
#6 /Users/aminshojaei/AndroidStudioProjects/Calcuapp/backend/vendor/laravel/framework/src/Illuminate/Routing/Router.php(816): Illuminate\\Routing\\Router->gatherRouteMiddleware(Object(Illuminate\\Routing\\Route))
#7 /Users/aminshojaei/AndroidStudioProjects/Calcuapp/backend/vendor/laravel/framework/src/Illuminate/Routing/Router.php(800): Illuminate\\Routing\\Router->runRouteWithinStack(Object(Illuminate\\Routing\\Route), Object(Illuminate\\Http\\Request))
#8 /Users/aminshojaei/AndroidStudioProjects/Calcuapp/backend/vendor/laravel/framework/src/Illuminate/Routing/Router.php(764): Illuminate\\Routing\\Router->runRoute(Object(Illuminate\\Http\\Request), Object(Illuminate\\Routing\\Route))
#9 /Users/aminshojaei/AndroidStudioProjects/Calcuapp/backend/vendor/laravel/framework/src/Illuminate/Routing/Router.php(753): Illuminate\\Routing\\Router->dispatchToRoute(Object(Illuminate\\Http\\Request))
#10 /Users/aminshojaei/AndroidStudioProjects/Calcuapp/backend/vendor/laravel/framework/src/Illuminate/Foundation/Http/Kernel.php(200): Illuminate\\Routing\\Router->dispatch(Object(Illuminate\\Http\\Request))
#11 /Users/aminshojaei/AndroidStudioProjects/Calcuapp/backend/vendor/laravel/framework/src/Illuminate/Pipeline/Pipeline.php(180): Illuminate\\Foundation\\Http\\Kernel->{closure:Illuminate\\Foundation\\Http\\Kernel::dispatchToRouter():197}(Object(Illuminate\\Http\\Request))
#12 /Users/aminshojaei/AndroidStudioProjects/Calcuapp/backend/vendor/laravel/framework/src/Illuminate/Foundation/Http/Middleware/TransformsRequest.php(21): Illuminate\\Pipeline\\Pipeline->{closure:Illuminate\\Pipeline\\Pipeline::prepareDestination():178}(Object(Illuminate\\Http\\Request))
#13 /Users/aminshojaei/AndroidStudioProjects/Calcuapp/backend/vendor/laravel/framework/src/Illuminate/Foundation/Http/Middleware/ConvertEmptyStringsToNull.php(31): Illuminate\\Foundation\\Http\\Middleware\\TransformsRequest->handle(Object(Illuminate\\Http\\Request), Object(Closure))
#14 /Users/aminshojaei/AndroidStudioProjects/Calcuapp/backend/vendor/laravel/framework/src/Illuminate/Pipeline/Pipeline.php(219): Illuminate\\Foundation\\Http\\Middleware\\ConvertEmptyStringsToNull->handle(Object(Illuminate\\Http\\Request), Object(Closure))
#15 /Users/aminshojaei/AndroidStudioProjects/Calcuapp/backend/vendor/laravel/framework/src/Illuminate/Foundation/Http/Middleware/TransformsRequest.php(21): Illuminate\\Pipeline\\Pipeline->{closure:{closure:Illuminate\\Pipeline\\Pipeline::carry():194}:195}(Object(Illuminate\\Http\\Request))
#16 /Users/aminshojaei/AndroidStudioProjects/Calcuapp/backend/vendor/laravel/framework/src/Illuminate/Foundation/Http/Middleware/TrimStrings.php(51): Illuminate\\Foundation\\Http\\Middleware\\TransformsRequest->handle(Object(Illuminate\\Http\\Request), Object(Closure))
#17 /Users/aminshojaei/AndroidStudioProjects/Calcuapp/backend/vendor/laravel/framework/src/Illuminate/Pipeline/Pipeline.php(219): Illuminate\\Foundation\\Http\\Middleware\\TrimStrings->handle(Object(Illuminate\\Http\\Request), Object(Closure))
#18 /Users/aminshojaei/AndroidStudioProjects/Calcuapp/backend/vendor/laravel/framework/src/Illuminate/Http/Middleware/ValidatePostSize.php(27): Illuminate\\Pipeline\\Pipeline->{closure:{closure:Illuminate\\Pipeline\\Pipeline::carry():194}:195}(Object(Illuminate\\Http\\Request))
#19 /Users/aminshojaei/AndroidStudioProjects/Calcuapp/backend/vendor/laravel/framework/src/Illuminate/Pipeline/Pipeline.php(219): Illuminate\\Http\\Middleware\\ValidatePostSize->handle(Object(Illuminate\\Http\\Request), Object(Closure))
#20 /Users/aminshojaei/AndroidStudioProjects/Calcuapp/backend/vendor/laravel/framework/src/Illuminate/Foundation/Http/Middleware/PreventRequestsDuringMaintenance.php(109): Illuminate\\Pipeline\\Pipeline->{closure:{closure:Illuminate\\Pipeline\\Pipeline::carry():194}:195}(Object(Illuminate\\Http\\Request))
#21 /Users/aminshojaei/AndroidStudioProjects/Calcuapp/backend/vendor/laravel/framework/src/Illuminate/Pipeline/Pipeline.php(219): Illuminate\\Foundation\\Http\\Middleware\\PreventRequestsDuringMaintenance->handle(Object(Illuminate\\Http\\Request), Object(Closure))
#22 /Users/aminshojaei/AndroidStudioProjects/Calcuapp/backend/vendor/laravel/framework/src/Illuminate/Http/Middleware/HandleCors.php(74): Illuminate\\Pipeline\\Pipeline->{closure:{closure:Illuminate\\Pipeline\\Pipeline::carry():194}:195}(Object(Illuminate\\Http\\Request))
#23 /Users/aminshojaei/AndroidStudioProjects/Calcuapp/backend/vendor/laravel/framework/src/Illuminate/Pipeline/Pipeline.php(219): Illuminate\\Http\\Middleware\\HandleCors->handle(Object(Illuminate\\Http\\Request), Object(Closure))
#24 /Users/aminshojaei/AndroidStudioProjects/Calcuapp/backend/vendor/laravel/framework/src/Illuminate/Http/Middleware/TrustProxies.php(58): Illuminate\\Pipeline\\Pipeline->{closure:{closure:Illuminate\\Pipeline\\Pipeline::carry():194}:195}(Object(Illuminate\\Http\\Request))
#25 /Users/aminshojaei/AndroidStudioProjects/Calcuapp/backend/vendor/laravel/framework/src/Illuminate/Pipeline/Pipeline.php(219): Illuminate\\Http\\Middleware\\TrustProxies->handle(Object(Illuminate\\Http\\Request), Object(Closure))
#26 /Users/aminshojaei/AndroidStudioProjects/Calcuapp/backend/vendor/laravel/framework/src/Illuminate/Foundation/Http/Middleware/InvokeDeferredCallbacks.php(22): Illuminate\\Pipeline\\Pipeline->{closure:{closure:Illuminate\\Pipeline\\Pipeline::carry():194}:195}(Object(Illuminate\\Http\\Request))
#27 /Users/aminshojaei/AndroidStudioProjects/Calcuapp/backend/vendor/laravel/framework/src/Illuminate/Pipeline/Pipeline.php(219): Illuminate\\Foundation\\Http\\Middleware\\InvokeDeferredCallbacks->handle(Object(Illuminate\\Http\\Request), Object(Closure))
#28 /Users/aminshojaei/AndroidStudioProjects/Calcuapp/backend/vendor/laravel/framework/src/Illuminate/Http/Middleware/ValidatePathEncoding.php(26): Illuminate\\Pipeline\\Pipeline->{closure:{closure:Illuminate\\Pipeline\\Pipeline::carry():194}:195}(Object(Illuminate\\Http\\Request))
#29 /Users/aminshojaei/AndroidStudioProjects/Calcuapp/backend/vendor/laravel/framework/src/Illuminate/Pipeline/Pipeline.php(219): Illuminate\\Http\\Middleware\\ValidatePathEncoding->handle(Object(Illuminate\\Http\\Request), Object(Closure))
#30 /Users/aminshojaei/AndroidStudioProjects/Calcuapp/backend/vendor/laravel/framework/src/Illuminate/Pipeline/Pipeline.php(137): Illuminate\\Pipeline\\Pipeline->{closure:{closure:Illuminate\\Pipeline\\Pipeline::carry():194}:195}(Object(Illuminate\\Http\\Request))
#31 /Users/aminshojaei/AndroidStudioProjects/Calcuapp/backend/vendor/laravel/framework/src/Illuminate/Foundation/Http/Kernel.php(175): Illuminate\\Pipeline\\Pipeline->then(Object(Closure))
#32 /Users/aminshojaei/AndroidStudioProjects/Calcuapp/backend/vendor/laravel/framework/src/Illuminate/Foundation/Http/Kernel.php(144): Illuminate\\Foundation\\Http\\Kernel->sendRequestThroughRouter(Object(Illuminate\\Http\\Request))
#33 /Users/aminshojaei/AndroidStudioProjects/Calcuapp/backend/vendor/laravel/framework/src/Illuminate/Foundation/Testing/Concerns/MakesHttpRequests.php(607): Illuminate\\Foundation\\Http\\Kernel->handle(Object(Illuminate\\Http\\Request))
#34 /Users/aminshojaei/AndroidStudioProjects/Calcuapp/backend/vendor/laravel/framework/src/Illuminate/Foundation/Testing/Concerns/MakesHttpRequests.php(573): Illuminate\\Foundation\\Testing\\TestCase->call('GET', '/api/v1/account...', Array, Array, Array, Array, '[]')
#35 /Users/aminshojaei/AndroidStudioProjects/Calcuapp/backend/vendor/laravel/framework/src/Illuminate/Foundation/Testing/Concerns/MakesHttpRequests.php(381): Illuminate\\Foundation\\Testing\\TestCase->json('GET', '/api/v1/account...', Array, Array, 0)
#36 /Users/aminshojaei/AndroidStudioProjects/Calcuapp/backend/tests/Feature/ApiRoutesTest.php(68): Illuminate\\Foundation\\Testing\\TestCase->getJson('/api/v1/account...')
#37 /Users/aminshojaei/AndroidStudioProjects/Calcuapp/backend/vendor/phpunit/phpunit/src/Framework/TestCase.php(1667): Tests\\Feature\\ApiRoutesTest->test_accounting_summary_endpoint()
#38 /Users/aminshojaei/AndroidStudioProjects/Calcuapp/backend/vendor/phpunit/phpunit/src/Framework/TestCase.php(519): PHPUnit\\Framework\\TestCase->runTest()
#39 /Users/aminshojaei/AndroidStudioProjects/Calcuapp/backend/vendor/phpunit/phpunit/src/Framework/TestRunner/TestRunner.php(87): PHPUnit\\Framework\\TestCase->runBare()
#40 /Users/aminshojaei/AndroidStudioProjects/Calcuapp/backend/vendor/phpunit/phpunit/src/Framework/TestCase.php(365): PHPUnit\\Framework\\TestRunner->run(Object(Tests\\Feature\\ApiRoutesTest))
#41 /Users/aminshojaei/AndroidStudioProjects/Calcuapp/backend/vendor/phpunit/phpunit/src/Framework/TestSuite.php(369): PHPUnit\\Framework\\TestCase->run()
#42 /Users/aminshojaei/AndroidStudioProjects/Calcuapp/backend/vendor/phpunit/phpunit/src/Framework/TestSuite.php(369): PHPUnit\\Framework\\TestSuite->run()
#43 /Users/aminshojaei/AndroidStudioProjects/Calcuapp/backend/vendor/phpunit/phpunit/src/Framework/TestSuite.php(369): PHPUnit\\Framework\\TestSuite->run()
#44 /Users/aminshojaei/AndroidStudioProjects/Calcuapp/backend/vendor/phpunit/phpunit/src/TextUI/TestRunner.php(64): PHPUnit\\Framework\\TestSuite->run()
#45 /Users/aminshojaei/AndroidStudioProjects/Calcuapp/backend/vendor/phpunit/phpunit/src/TextUI/Application.php(211): PHPUnit\\TextUI\\TestRunner->run(Object(PHPUnit\\TextUI\\Configuration\\Configuration), Object(PHPUnit\\Runner\\ResultCache\\DefaultResultCache), Object(PHPUnit\\Framework\\TestSuite))
#46 /Users/aminshojaei/AndroidStudioProjects/Calcuapp/backend/vendor/phpunit/phpunit/phpunit(104): PHPUnit\\TextUI\\Application->run(Array)
#47 {main}
"} 
[2026-09-23 19:35:01] local.ERROR: SQLSTATE[23000]: Integrity constraint violation: 19 UNIQUE constraint failed: users.email (Connection: sqlite, Database: database/database.sqlite, SQL: insert into "users" ("id", "name", "email", "phone", "password", "role", "updated_at", "created_at") values (usr_admin_1, Alex Mercer, alex.mercer@calcuapp.com, +1 (555) 019-2834, $2y$12$z.GT2uQ70w1fGLdwVomgDONftZG2YQFpB9R85qS3q414O3588dKmK, Owner, 2026-09-23 19:35:01, 2026-09-23 19:35:01)) {"exception":"[object] (Illuminate\\Database\\UniqueConstraintViolationException(code: 23000): SQLSTATE[23000]: Integrity constraint violation: 19 UNIQUE constraint failed: users.email (Connection: sqlite, Database: database/database.sqlite, SQL: insert into \"users\" (\"id\", \"name\", \"email\", \"phone\", \"password\", \"role\", \"updated_at\", \"created_at\") values (usr_admin_1, Alex Mercer, alex.mercer@calcuapp.com, +1 (555) 019-2834, $2y$12$z.GT2uQ70w1fGLdwVomgDONftZG2YQFpB9R85qS3q414O3588dKmK, Owner, 2026-09-23 19:35:01, 2026-09-23 19:35:01)) at /Users/aminshojaei/AndroidStudioProjects/Calcuapp/backend/vendor/laravel/framework/src/Illuminate/Database/Connection.php:838)
[stacktrace]
#0 /Users/aminshojaei/AndroidStudioProjects/Calcuapp/backend/vendor/laravel/framework/src/Illuminate/Database/Connection.php(794): Illuminate\\Database\\Connection->runQueryCallback('insert into \"us...', Array, Object(Closure))
#1 /Users/aminshojaei/AndroidStudioProjects/Calcuapp/backend/vendor/laravel/framework/src/Illuminate/Database/Connection.php(573): Illuminate\\Database\\Connection->run('insert into \"us...', Array, Object(Closure))
#2 /Users/aminshojaei/AndroidStudioProjects/Calcuapp/backend/vendor/laravel/framework/src/Illuminate/Database/Connection.php(537): Illuminate\\Database\\Connection->statement('insert into \"us...', Array)
#3 /Users/aminshojaei/AndroidStudioProjects/Calcuapp/backend/vendor/laravel/framework/src/Illuminate/Database/Query/Builder.php(4121): Illuminate\\Database\\Connection->insert('insert into \"us...', Array)
#4 /Users/aminshojaei/AndroidStudioProjects/Calcuapp/backend/vendor/laravel/framework/src/Illuminate/Database/Eloquent/Builder.php(2237): Illuminate\\Database\\Query\\Builder->insert(Array)
#5 /Users/aminshojaei/AndroidStudioProjects/Calcuapp/backend/vendor/laravel/framework/src/Illuminate/Database/Eloquent/Model.php(1412): Illuminate\\Database\\Eloquent\\Builder->__call('insert', Array)
#6 /Users/aminshojaei/AndroidStudioProjects/Calcuapp/backend/vendor/laravel/framework/src/Illuminate/Database/Eloquent/Model.php(1240): Illuminate\\Database\\Eloquent\\Model->performInsert(Object(Illuminate\\Database\\Eloquent\\Builder))
#7 /Users/aminshojaei/AndroidStudioProjects/Calcuapp/backend/vendor/laravel/framework/src/Illuminate/Database/Eloquent/Builder.php(1219): Illuminate\\Database\\Eloquent\\Model->save()
#8 /Users/aminshojaei/AndroidStudioProjects/Calcuapp/backend/vendor/laravel/framework/src/Illuminate/Support/helpers.php(393): Illuminate\\Database\\Eloquent\\Builder->{closure:Illuminate\\Database\\Eloquent\\Builder::create():1218}(Object(App\\Models\\User))
#9 /Users/aminshojaei/AndroidStudioProjects/Calcuapp/backend/vendor/laravel/framework/src/Illuminate/Database/Eloquent/Builder.php(1218): tap(Object(App\\Models\\User), Object(Closure))
#10 /Users/aminshojaei/AndroidStudioProjects/Calcuapp/backend/vendor/laravel/framework/src/Illuminate/Support/Traits/ForwardsCalls.php(23): Illuminate\\Database\\Eloquent\\Builder->create(Array)
#11 /Users/aminshojaei/AndroidStudioProjects/Calcuapp/backend/vendor/laravel/framework/src/Illuminate/Database/Eloquent/Model.php(2544): Illuminate\\Database\\Eloquent\\Model->forwardCallTo(Object(Illuminate\\Database\\Eloquent\\Builder), 'create', Array)
#12 /Users/aminshojaei/AndroidStudioProjects/Calcuapp/backend/vendor/laravel/framework/src/Illuminate/Database/Eloquent/Model.php(2560): Illuminate\\Database\\Eloquent\\Model->__call('create', Array)
#13 /Users/aminshojaei/AndroidStudioProjects/Calcuapp/backend/database/seeders/DatabaseSeeder.php(26): Illuminate\\Database\\Eloquent\\Model::__callStatic('create', Array)
#14 /Users/aminshojaei/AndroidStudioProjects/Calcuapp/backend/vendor/laravel/framework/src/Illuminate/Container/BoundMethod.php(36): Database\\Seeders\\DatabaseSeeder->run()
#15 /Users/aminshojaei/AndroidStudioProjects/Calcuapp/backend/vendor/laravel/framework/src/Illuminate/Container/Util.php(43): Illuminate\\Container\\BoundMethod::{closure:Illuminate\\Container\\BoundMethod::call():35}()
#16 /Users/aminshojaei/AndroidStudioProjects/Calcuapp/backend/vendor/laravel/framework/src/Illuminate/Container/BoundMethod.php(96): Illuminate\\Container\\Util::unwrapIfClosure(Object(Closure))
#17 /Users/aminshojaei/AndroidStudioProjects/Calcuapp/backend/vendor/laravel/framework/src/Illuminate/Container/BoundMethod.php(35): Illuminate\\Container\\BoundMethod::callBoundMethod(Object(Illuminate\\Foundation\\Application), Array, Object(Closure))
#18 /Users/aminshojaei/AndroidStudioProjects/Calcuapp/backend/vendor/laravel/framework/src/Illuminate/Container/Container.php(799): Illuminate\\Container\\BoundMethod::call(Object(Illuminate\\Foundation\\Application), Array, Array, NULL)
#19 /Users/aminshojaei/AndroidStudioProjects/Calcuapp/backend/vendor/laravel/framework/src/Illuminate/Database/Seeder.php(184): Illuminate\\Container\\Container->call(Array, Array)
#20 /Users/aminshojaei/AndroidStudioProjects/Calcuapp/backend/vendor/laravel/framework/src/Illuminate/Database/Seeder.php(193): Illuminate\\Database\\Seeder->{closure:Illuminate\\Database\\Seeder::__invoke():183}()
#21 /Users/aminshojaei/AndroidStudioProjects/Calcuapp/backend/vendor/laravel/framework/src/Illuminate/Database/Console/Seeds/SeedCommand.php(71): Illuminate\\Database\\Seeder->__invoke()
#22 /Users/aminshojaei/AndroidStudioProjects/Calcuapp/backend/vendor/laravel/framework/src/Illuminate/Database/Eloquent/Concerns/GuardsAttributes.php(157): Illuminate\\Database\\Console\\Seeds\\SeedCommand->{closure:Illuminate\\Database\\Console\\Seeds\\SeedCommand::handle():70}()
#23 /Users/aminshojaei/AndroidStudioProjects/Calcuapp/backend/vendor/laravel/framework/src/Illuminate/Database/Console/Seeds/SeedCommand.php(70): Illuminate\\Database\\Eloquent\\Model::unguarded(Object(Closure))
#24 /Users/aminshojaei/AndroidStudioProjects/Calcuapp/backend/vendor/laravel/framework/src/Illuminate/Container/BoundMethod.php(36): Illuminate\\Database\\Console\\Seeds\\SeedCommand->handle()
#25 /Users/aminshojaei/AndroidStudioProjects/Calcuapp/backend/vendor/laravel/framework/src/Illuminate/Container/Util.php(43): Illuminate\\Container\\BoundMethod::{closure:Illuminate\\Container\\BoundMethod::call():35}()
#26 /Users/aminshojaei/AndroidStudioProjects/Calcuapp/backend/vendor/laravel/framework/src/Illuminate/Container/BoundMethod.php(96): Illuminate\\Container\\Util::unwrapIfClosure(Object(Closure))
#27 /Users/aminshojaei/AndroidStudioProjects/Calcuapp/backend/vendor/laravel/framework/src/Illuminate/Container/BoundMethod.php(35): Illuminate\\Container\\BoundMethod::callBoundMethod(Object(Illuminate\\Foundation\\Application), Array, Object(Closure))
#28 /Users/aminshojaei/AndroidStudioProjects/Calcuapp/backend/vendor/laravel/framework/src/Illuminate/Container/Container.php(799): Illuminate\\Container\\BoundMethod::call(Object(Illuminate\\Foundation\\Application), Array, Array, NULL)
#29 /Users/aminshojaei/AndroidStudioProjects/Calcuapp/backend/vendor/laravel/framework/src/Illuminate/Console/Command.php(211): Illuminate\\Container\\Container->call(Array)
#30 /Users/aminshojaei/AndroidStudioProjects/Calcuapp/backend/vendor/symfony/console/Command/Command.php(341): Illuminate\\Console\\Command->execute(Object(Symfony\\Component\\Console\\Input\\ArrayInput), Object(Illuminate\\Console\\OutputStyle))
#31 /Users/aminshojaei/AndroidStudioProjects/Calcuapp/backend/vendor/laravel/framework/src/Illuminate/Console/Command.php(180): Symfony\\Component\\Console\\Command\\Command->run(Object(Symfony\\Component\\Console\\Input\\ArrayInput), Object(Illuminate\\Console\\OutputStyle))
#32 /Users/aminshojaei/AndroidStudioProjects/Calcuapp/backend/vendor/laravel/framework/src/Illuminate/Console/Concerns/CallsCommands.php(68): Illuminate\\Console\\Command->run(Object(Symfony\\Component\\Console\\Input\\ArrayInput), Object(Illuminate\\Console\\OutputStyle))
#33 /Users/aminshojaei/AndroidStudioProjects/Calcuapp/backend/vendor/laravel/framework/src/Illuminate/Console/Concerns/CallsCommands.php(29): Illuminate\\Console\\Command->runCommand('db:seed', Array, Object(Illuminate\\Console\\OutputStyle))
#34 /Users/aminshojaei/AndroidStudioProjects/Calcuapp/backend/vendor/laravel/framework/src/Illuminate/Database/Console/Migrations/MigrateCommand.php(125): Illuminate\\Console\\Command->call('db:seed', Array)
#35 /Users/aminshojaei/AndroidStudioProjects/Calcuapp/backend/vendor/laravel/framework/src/Illuminate/Database/Migrations/Migrator.php(671): Illuminate\\Database\\Console\\Migrations\\MigrateCommand->{closure:Illuminate\\Database\\Console\\Migrations\\MigrateCommand::runMigrations():109}()
#36 /Users/aminshojaei/AndroidStudioProjects/Calcuapp/backend/vendor/laravel/framework/src/Illuminate/Database/Console/Migrations/MigrateCommand.php(109): Illuminate\\Database\\Migrations\\Migrator->usingConnection(NULL, Object(Closure))
#37 /Users/aminshojaei/AndroidStudioProjects/Calcuapp/backend/vendor/laravel/framework/src/Illuminate/Database/Console/Migrations/MigrateCommand.php(88): Illuminate\\Database\\Console\\Migrations\\MigrateCommand->runMigrations()
#38 /Users/aminshojaei/AndroidStudioProjects/Calcuapp/backend/vendor/laravel/framework/src/Illuminate/Container/BoundMethod.php(36): Illuminate\\Database\\Console\\Migrations\\MigrateCommand->handle()
#39 /Users/aminshojaei/AndroidStudioProjects/Calcuapp/backend/vendor/laravel/framework/src/Illuminate/Container/Util.php(43): Illuminate\\Container\\BoundMethod::{closure:Illuminate\\Container\\BoundMethod::call():35}()
#40 /Users/aminshojaei/AndroidStudioProjects/Calcuapp/backend/vendor/laravel/framework/src/Illuminate/Container/BoundMethod.php(96): Illuminate\\Container\\Util::unwrapIfClosure(Object(Closure))
#41 /Users/aminshojaei/AndroidStudioProjects/Calcuapp/backend/vendor/laravel/framework/src/Illuminate/Container/BoundMethod.php(35): Illuminate\\Container\\BoundMethod::callBoundMethod(Object(Illuminate\\Foundation\\Application), Array, Object(Closure))
#42 /Users/aminshojaei/AndroidStudioProjects/Calcuapp/backend/vendor/laravel/framework/src/Illuminate/Container/Container.php(799): Illuminate\\Container\\BoundMethod::call(Object(Illuminate\\Foundation\\Application), Array, Array, NULL)
#43 /Users/aminshojaei/AndroidStudioProjects/Calcuapp/backend/vendor/laravel/framework/src/Illuminate/Console/Command.php(211): Illuminate\\Container\\Container->call(Array)
#44 /Users/aminshojaei/AndroidStudioProjects/Calcuapp/backend/vendor/symfony/console/Command/Command.php(341): Illuminate\\Console\\Command->execute(Object(Symfony\\Component\\Console\\Input\\ArgvInput), Object(Illuminate\\Console\\OutputStyle))
#45 /Users/aminshojaei/AndroidStudioProjects/Calcuapp/backend/vendor/laravel/framework/src/Illuminate/Console/Command.php(180): Symfony\\Component\\Console\\Command\\Command->run(Object(Symfony\\Component\\Console\\Input\\ArgvInput), Object(Illuminate\\Console\\OutputStyle))
#46 /Users/aminshojaei/AndroidStudioProjects/Calcuapp/backend/vendor/symfony/console/Application.php(1117): Illuminate\\Console\\Command->run(Object(Symfony\\Component\\Console\\Input\\ArgvInput), Object(Symfony\\Component\\Console\\Output\\ConsoleOutput))
#47 /Users/aminshojaei/AndroidStudioProjects/Calcuapp/backend/vendor/symfony/console/Application.php(356): Symfony\\Component\\Console\\Application->doRunCommand(Object(Illuminate\\Database\\Console\\Migrations\\MigrateCommand), Object(Symfony\\Component\\Console\\Input\\ArgvInput), Object(Symfony\\Component\\Console\\Output\\ConsoleOutput))
#48 /Users/aminshojaei/AndroidStudioProjects/Calcuapp/backend/vendor/symfony/console/Application.php(195): Symfony\\Component\\Console\\Application->doRun(Object(Symfony\\Component\\Console\\Input\\ArgvInput), Object(Symfony\\Component\\Console\\Output\\ConsoleOutput))
#49 /Users/aminshojaei/AndroidStudioProjects/Calcuapp/backend/vendor/laravel/framework/src/Illuminate/Foundation/Console/Kernel.php(198): Symfony\\Component\\Console\\Application->run(Object(Symfony\\Component\\Console\\Input\\ArgvInput), Object(Symfony\\Component\\Console\\Output\\ConsoleOutput))
#50 /Users/aminshojaei/AndroidStudioProjects/Calcuapp/backend/artisan(13): Illuminate\\Foundation\\Console\\Kernel->handle(Object(Symfony\\Component\\Console\\Input\\ArgvInput), Object(Symfony\\Component\\Console\\Output\\ConsoleOutput))
#51 {main}

[previous exception] [object] (PDOException(code: 23000): SQLSTATE[23000]: Integrity constraint violation: 19 UNIQUE constraint failed: users.email at /Users/aminshojaei/AndroidStudioProjects/Calcuapp/backend/vendor/laravel/framework/src/Illuminate/Database/Connection.php:584)
[stacktrace]
#0 /Users/aminshojaei/AndroidStudioProjects/Calcuapp/backend/vendor/laravel/framework/src/Illuminate/Database/Connection.php(584): PDOStatement->execute()
#1 /Users/aminshojaei/AndroidStudioProjects/Calcuapp/backend/vendor/laravel/framework/src/Illuminate/Database/Connection.php(827): Illuminate\\Database\\Connection->{closure:Illuminate\\Database\\Connection::statement():573}('insert into \"us...', Array)
#2 /Users/aminshojaei/AndroidStudioProjects/Calcuapp/backend/vendor/laravel/framework/src/Illuminate/Database/Connection.php(794): Illuminate\\Database\\Connection->runQueryCallback('insert into \"us...', Array, Object(Closure))
#3 /Users/aminshojaei/AndroidStudioProjects/Calcuapp/backend/vendor/laravel/framework/src/Illuminate/Database/Connection.php(573): Illuminate\\Database\\Connection->run('insert into \"us...', Array, Object(Closure))
#4 /Users/aminshojaei/AndroidStudioProjects/Calcuapp/backend/vendor/laravel/framework/src/Illuminate/Database/Connection.php(537): Illuminate\\Database\\Connection->statement('insert into \"us...', Array)
#5 /Users/aminshojaei/AndroidStudioProjects/Calcuapp/backend/vendor/laravel/framework/src/Illuminate/Database/Query/Builder.php(4121): Illuminate\\Database\\Connection->insert('insert into \"us...', Array)
#6 /Users/aminshojaei/AndroidStudioProjects/Calcuapp/backend/vendor/laravel/framework/src/Illuminate/Database/Eloquent/Builder.php(2237): Illuminate\\Database\\Query\\Builder->insert(Array)
#7 /Users/aminshojaei/AndroidStudioProjects/Calcuapp/backend/vendor/laravel/framework/src/Illuminate/Database/Eloquent/Model.php(1412): Illuminate\\Database\\Eloquent\\Builder->__call('insert', Array)
#8 /Users/aminshojaei/AndroidStudioProjects/Calcuapp/backend/vendor/laravel/framework/src/Illuminate/Database/Eloquent/Model.php(1240): Illuminate\\Database\\Eloquent\\Model->performInsert(Object(Illuminate\\Database\\Eloquent\\Builder))
#9 /Users/aminshojaei/AndroidStudioProjects/Calcuapp/backend/vendor/laravel/framework/src/Illuminate/Database/Eloquent/Builder.php(1219): Illuminate\\Database\\Eloquent\\Model->save()
#10 /Users/aminshojaei/AndroidStudioProjects/Calcuapp/backend/vendor/laravel/framework/src/Illuminate/Support/helpers.php(393): Illuminate\\Database\\Eloquent\\Builder->{closure:Illuminate\\Database\\Eloquent\\Builder::create():1218}(Object(App\\Models\\User))
#11 /Users/aminshojaei/AndroidStudioProjects/Calcuapp/backend/vendor/laravel/framework/src/Illuminate/Database/Eloquent/Builder.php(1218): tap(Object(App\\Models\\User), Object(Closure))
#12 /Users/aminshojaei/AndroidStudioProjects/Calcuapp/backend/vendor/laravel/framework/src/Illuminate/Support/Traits/ForwardsCalls.php(23): Illuminate\\Database\\Eloquent\\Builder->create(Array)
#13 /Users/aminshojaei/AndroidStudioProjects/Calcuapp/backend/vendor/laravel/framework/src/Illuminate/Database/Eloquent/Model.php(2544): Illuminate\\Database\\Eloquent\\Model->forwardCallTo(Object(Illuminate\\Database\\Eloquent\\Builder), 'create', Array)
#14 /Users/aminshojaei/AndroidStudioProjects/Calcuapp/backend/vendor/laravel/framework/src/Illuminate/Database/Eloquent/Model.php(2560): Illuminate\\Database\\Eloquent\\Model->__call('create', Array)
#15 /Users/aminshojaei/AndroidStudioProjects/Calcuapp/backend/database/seeders/DatabaseSeeder.php(26): Illuminate\\Database\\Eloquent\\Model::__callStatic('create', Array)
#16 /Users/aminshojaei/AndroidStudioProjects/Calcuapp/backend/vendor/laravel/framework/src/Illuminate/Container/BoundMethod.php(36): Database\\Seeders\\DatabaseSeeder->run()
#17 /Users/aminshojaei/AndroidStudioProjects/Calcuapp/backend/vendor/laravel/framework/src/Illuminate/Container/Util.php(43): Illuminate\\Container\\BoundMethod::{closure:Illuminate\\Container\\BoundMethod::call():35}()
#18 /Users/aminshojaei/AndroidStudioProjects/Calcuapp/backend/vendor/laravel/framework/src/Illuminate/Container/BoundMethod.php(96): Illuminate\\Container\\Util::unwrapIfClosure(Object(Closure))
#19 /Users/aminshojaei/AndroidStudioProjects/Calcuapp/backend/vendor/laravel/framework/src/Illuminate/Container/BoundMethod.php(35): Illuminate\\Container\\BoundMethod::callBoundMethod(Object(Illuminate\\Foundation\\Application), Array, Object(Closure))
#20 /Users/aminshojaei/AndroidStudioProjects/Calcuapp/backend/vendor/laravel/framework/src/Illuminate/Container/Container.php(799): Illuminate\\Container\\BoundMethod::call(Object(Illuminate\\Foundation\\Application), Array, Array, NULL)
#21 /Users/aminshojaei/AndroidStudioProjects/Calcuapp/backend/vendor/laravel/framework/src/Illuminate/Database/Seeder.php(184): Illuminate\\Container\\Container->call(Array, Array)
#22 /Users/aminshojaei/AndroidStudioProjects/Calcuapp/backend/vendor/laravel/framework/src/Illuminate/Database/Seeder.php(193): Illuminate\\Database\\Seeder->{closure:Illuminate\\Database\\Seeder::__invoke():183}()
#23 /Users/aminshojaei/AndroidStudioProjects/Calcuapp/backend/vendor/laravel/framework/src/Illuminate/Database/Console/Seeds/SeedCommand.php(71): Illuminate\\Database\\Seeder->__invoke()
#24 /Users/aminshojaei/AndroidStudioProjects/Calcuapp/backend/vendor/laravel/framework/src/Illuminate/Database/Eloquent/Concerns/GuardsAttributes.php(157): Illuminate\\Database\\Console\\Seeds\\SeedCommand->{closure:Illuminate\\Database\\Console\\Seeds\\SeedCommand::handle():70}()
#25 /Users/aminshojaei/AndroidStudioProjects/Calcuapp/backend/vendor/laravel/framework/src/Illuminate/Database/Console/Seeds/SeedCommand.php(70): Illuminate\\Database\\Eloquent\\Model::unguarded(Object(Closure))
#26 /Users/aminshojaei/AndroidStudioProjects/Calcuapp/backend/vendor/laravel/framework/src/Illuminate/Container/BoundMethod.php(36): Illuminate\\Database\\Console\\Seeds\\SeedCommand->handle()
#27 /Users/aminshojaei/AndroidStudioProjects/Calcuapp/backend/vendor/laravel/framework/src/Illuminate/Container/Util.php(43): Illuminate\\Container\\BoundMethod::{closure:Illuminate\\Container\\BoundMethod::call():35}()
#28 /Users/aminshojaei/AndroidStudioProjects/Calcuapp/backend/vendor/laravel/framework/src/Illuminate/Container/BoundMethod.php(96): Illuminate\\Container\\Util::unwrapIfClosure(Object(Closure))
#29 /Users/aminshojaei/AndroidStudioProjects/Calcuapp/backend/vendor/laravel/framework/src/Illuminate/Container/BoundMethod.php(35): Illuminate\\Container\\BoundMethod::callBoundMethod(Object(Illuminate\\Foundation\\Application), Array, Object(Closure))
#30 /Users/aminshojaei/AndroidStudioProjects/Calcuapp/backend/vendor/laravel/framework/src/Illuminate/Container/Container.php(799): Illuminate\\Container\\BoundMethod::call(Object(Illuminate\\Foundation\\Application), Array, Array, NULL)
#31 /Users/aminshojaei/AndroidStudioProjects/Calcuapp/backend/vendor/laravel/framework/src/Illuminate/Console/Command.php(211): Illuminate\\Container\\Container->call(Array)
#32 /Users/aminshojaei/AndroidStudioProjects/Calcuapp/backend/vendor/symfony/console/Command/Command.php(341): Illuminate\\Console\\Command->execute(Object(Symfony\\Component\\Console\\Input\\ArrayInput), Object(Illuminate\\Console\\OutputStyle))
#33 /Users/aminshojaei/AndroidStudioProjects/Calcuapp/backend/vendor/laravel/framework/src/Illuminate/Console/Command.php(180): Symfony\\Component\\Console\\Command\\Command->run(Object(Symfony\\Component\\Console\\Input\\ArrayInput), Object(Illuminate\\Console\\OutputStyle))
#34 /Users/aminshojaei/AndroidStudioProjects/Calcuapp/backend/vendor/laravel/framework/src/Illuminate/Console/Concerns/CallsCommands.php(68): Illuminate\\Console\\Command->run(Object(Symfony\\Component\\Console\\Input\\ArrayInput), Object(Illuminate\\Console\\OutputStyle))
#35 /Users/aminshojaei/AndroidStudioProjects/Calcuapp/backend/vendor/laravel/framework/src/Illuminate/Console/Concerns/CallsCommands.php(29): Illuminate\\Console\\Command->runCommand('db:seed', Array, Object(Illuminate\\Console\\OutputStyle))
#36 /Users/aminshojaei/AndroidStudioProjects/Calcuapp/backend/vendor/laravel/framework/src/Illuminate/Database/Console/Migrations/MigrateCommand.php(125): Illuminate\\Console\\Command->call('db:seed', Array)
#37 /Users/aminshojaei/AndroidStudioProjects/Calcuapp/backend/vendor/laravel/framework/src/Illuminate/Database/Migrations/Migrator.php(671): Illuminate\\Database\\Console\\Migrations\\MigrateCommand->{closure:Illuminate\\Database\\Console\\Migrations\\MigrateCommand::runMigrations():109}()
#38 /Users/aminshojaei/AndroidStudioProjects/Calcuapp/backend/vendor/laravel/framework/src/Illuminate/Database/Console/Migrations/MigrateCommand.php(109): Illuminate\\Database\\Migrations\\Migrator->usingConnection(NULL, Object(Closure))
#39 /Users/aminshojaei/AndroidStudioProjects/Calcuapp/backend/vendor/laravel/framework/src/Illuminate/Database/Console/Migrations/MigrateCommand.php(88): Illuminate\\Database\\Console\\Migrations\\MigrateCommand->runMigrations()
#40 /Users/aminshojaei/AndroidStudioProjects/Calcuapp/backend/vendor/laravel/framework/src/Illuminate/Container/BoundMethod.php(36): Illuminate\\Database\\Console\\Migrations\\MigrateCommand->handle()
#41 /Users/aminshojaei/AndroidStudioProjects/Calcuapp/backend/vendor/laravel/framework/src/Illuminate/Container/Util.php(43): Illuminate\\Container\\BoundMethod::{closure:Illuminate\\Container\\BoundMethod::call():35}()
#42 /Users/aminshojaei/AndroidStudioProjects/Calcuapp/backend/vendor/laravel/framework/src/Illuminate/Container/BoundMethod.php(96): Illuminate\\Container\\Util::unwrapIfClosure(Object(Closure))
#43 /Users/aminshojaei/AndroidStudioProjects/Calcuapp/backend/vendor/laravel/framework/src/Illuminate/Container/BoundMethod.php(35): Illuminate\\Container\\BoundMethod::callBoundMethod(Object(Illuminate\\Foundation\\Application), Array, Object(Closure))
#44 /Users/aminshojaei/AndroidStudioProjects/Calcuapp/backend/vendor/laravel/framework/src/Illuminate/Container/Container.php(799): Illuminate\\Container\\BoundMethod::call(Object(Illuminate\\Foundation\\Application), Array, Array, NULL)
#45 /Users/aminshojaei/AndroidStudioProjects/Calcuapp/backend/vendor/laravel/framework/src/Illuminate/Console/Command.php(211): Illuminate\\Container\\Container->call(Array)
#46 /Users/aminshojaei/AndroidStudioProjects/Calcuapp/backend/vendor/symfony/console/Command/Command.php(341): Illuminate\\Console\\Command->execute(Object(Symfony\\Component\\Console\\Input\\ArgvInput), Object(Illuminate\\Console\\OutputStyle))
#47 /Users/aminshojaei/AndroidStudioProjects/Calcuapp/backend/vendor/laravel/framework/src/Illuminate/Console/Command.php(180): Symfony\\Component\\Console\\Command\\Command->run(Object(Symfony\\Component\\Console\\Input\\ArgvInput), Object(Illuminate\\Console\\OutputStyle))
#48 /Users/aminshojaei/AndroidStudioProjects/Calcuapp/backend/vendor/symfony/console/Application.php(1117): Illuminate\\Console\\Command->run(Object(Symfony\\Component\\Console\\Input\\ArgvInput), Object(Symfony\\Component\\Console\\Output\\ConsoleOutput))
#49 /Users/aminshojaei/AndroidStudioProjects/Calcuapp/backend/vendor/symfony/console/Application.php(356): Symfony\\Component\\Console\\Application->doRunCommand(Object(Illuminate\\Database\\Console\\Migrations\\MigrateCommand), Object(Symfony\\Component\\Console\\Input\\ArgvInput), Object(Symfony\\Component\\Console\\Output\\ConsoleOutput))
#50 /Users/aminshojaei/AndroidStudioProjects/Calcuapp/backend/vendor/symfony/console/Application.php(195): Symfony\\Component\\Console\\Application->doRun(Object(Symfony\\Component\\Console\\Input\\ArgvInput), Object(Symfony\\Component\\Console\\Output\\ConsoleOutput))
#51 /Users/aminshojaei/AndroidStudioProjects/Calcuapp/backend/vendor/laravel/framework/src/Illuminate/Foundation/Console/Kernel.php(198): Symfony\\Component\\Console\\Application->run(Object(Symfony\\Component\\Console\\Input\\ArgvInput), Object(Symfony\\Component\\Console\\Output\\ConsoleOutput))
#52 /Users/aminshojaei/AndroidStudioProjects/Calcuapp/backend/artisan(13): Illuminate\\Foundation\\Console\\Kernel->handle(Object(Symfony\\Component\\Console\\Input\\ArgvInput), Object(Symfony\\Component\\Console\\Output\\ConsoleOutput))
#53 {main}
"} 
[2026-09-23 19:35:38] local.ERROR: The provided cwd "/Users/aminshojaei/AndroidStudioProjects/Calcuapp/backend/public" does not exist. {"exception":"[object] (Symfony\\Component\\Process\\Exception\\RuntimeException(code: 0): The provided cwd \"/Users/aminshojaei/AndroidStudioProjects/Calcuapp/backend/public\" does not exist. at /Users/aminshojaei/AndroidStudioProjects/Calcuapp/backend/vendor/symfony/process/Process.php:368)
[stacktrace]
#0 /Users/aminshojaei/AndroidStudioProjects/Calcuapp/backend/vendor/laravel/framework/src/Illuminate/Foundation/Console/ServeCommand.php(199): Symfony\\Component\\Process\\Process->start(Object(Closure))
#1 /Users/aminshojaei/AndroidStudioProjects/Calcuapp/backend/vendor/laravel/framework/src/Illuminate/Foundation/Console/ServeCommand.php(138): Illuminate\\Foundation\\Console\\ServeCommand->startProcess(true)
#2 /Users/aminshojaei/AndroidStudioProjects/Calcuapp/backend/vendor/laravel/framework/src/Illuminate/Container/BoundMethod.php(36): Illuminate\\Foundation\\Console\\ServeCommand->handle()
#3 /Users/aminshojaei/AndroidStudioProjects/Calcuapp/backend/vendor/laravel/framework/src/Illuminate/Container/Util.php(43): Illuminate\\Container\\BoundMethod::{closure:Illuminate\\Container\\BoundMethod::call():35}()
#4 /Users/aminshojaei/AndroidStudioProjects/Calcuapp/backend/vendor/laravel/framework/src/Illuminate/Container/BoundMethod.php(96): Illuminate\\Container\\Util::unwrapIfClosure(Object(Closure))
#5 /Users/aminshojaei/AndroidStudioProjects/Calcuapp/backend/vendor/laravel/framework/src/Illuminate/Container/BoundMethod.php(35): Illuminate\\Container\\BoundMethod::callBoundMethod(Object(Illuminate\\Foundation\\Application), Array, Object(Closure))
#6 /Users/aminshojaei/AndroidStudioProjects/Calcuapp/backend/vendor/laravel/framework/src/Illuminate/Container/Container.php(799): Illuminate\\Container\\BoundMethod::call(Object(Illuminate\\Foundation\\Application), Array, Array, NULL)
#7 /Users/aminshojaei/AndroidStudioProjects/Calcuapp/backend/vendor/laravel/framework/src/Illuminate/Console/Command.php(211): Illuminate\\Container\\Container->call(Array)
#8 /Users/aminshojaei/AndroidStudioProjects/Calcuapp/backend/vendor/symfony/console/Command/Command.php(341): Illuminate\\Console\\Command->execute(Object(Symfony\\Component\\Console\\Input\\ArgvInput), Object(Illuminate\\Console\\OutputStyle))
#9 /Users/aminshojaei/AndroidStudioProjects/Calcuapp/backend/vendor/laravel/framework/src/Illuminate/Console/Command.php(180): Symfony\\Component\\Console\\Command\\Command->run(Object(Symfony\\Component\\Console\\Input\\ArgvInput), Object(Illuminate\\Console\\OutputStyle))
#10 /Users/aminshojaei/AndroidStudioProjects/Calcuapp/backend/vendor/symfony/console/Application.php(1117): Illuminate\\Console\\Command->run(Object(Symfony\\Component\\Console\\Input\\ArgvInput), Object(Symfony\\Component\\Console\\Output\\ConsoleOutput))
#11 /Users/aminshojaei/AndroidStudioProjects/Calcuapp/backend/vendor/symfony/console/Application.php(356): Symfony\\Component\\Console\\Application->doRunCommand(Object(Illuminate\\Foundation\\Console\\ServeCommand), Object(Symfony\\Component\\Console\\Input\\ArgvInput), Object(Symfony\\Component\\Console\\Output\\ConsoleOutput))
#12 /Users/aminshojaei/AndroidStudioProjects/Calcuapp/backend/vendor/symfony/console/Application.php(195): Symfony\\Component\\Console\\Application->doRun(Object(Symfony\\Component\\Console\\Input\\ArgvInput), Object(Symfony\\Component\\Console\\Output\\ConsoleOutput))
#13 /Users/aminshojaei/AndroidStudioProjects/Calcuapp/backend/vendor/laravel/framework/src/Illuminate/Foundation/Console/Kernel.php(198): Symfony\\Component\\Console\\Application->run(Object(Symfony\\Component\\Console\\Input\\ArgvInput), Object(Symfony\\Component\\Console\\Output\\ConsoleOutput))
#14 /Users/aminshojaei/AndroidStudioProjects/Calcuapp/backend/artisan(13): Illuminate\\Foundation\\Console\\Kernel->handle(Object(Symfony\\Component\\Console\\Input\\ArgvInput), Object(Symfony\\Component\\Console\\Output\\ConsoleOutput))
#15 {main}
"} 
[2026-09-23 19:40:16] local.ERROR: The provided cwd "/Users/aminshojaei/AndroidStudioProjects/Calcuapp/backend/public" does not exist. {"exception":"[object] (Symfony\\Component\\Process\\Exception\\RuntimeException(code: 0): The provided cwd \"/Users/aminshojaei/AndroidStudioProjects/Calcuapp/backend/public\" does not exist. at /Users/aminshojaei/AndroidStudioProjects/Calcuapp/backend/vendor/symfony/process/Process.php:368)
[stacktrace]
#0 /Users/aminshojaei/AndroidStudioProjects/Calcuapp/backend/vendor/laravel/framework/src/Illuminate/Foundation/Console/ServeCommand.php(199): Symfony\\Component\\Process\\Process->start(Object(Closure))
#1 /Users/aminshojaei/AndroidStudioProjects/Calcuapp/backend/vendor/laravel/framework/src/Illuminate/Foundation/Console/ServeCommand.php(138): Illuminate\\Foundation\\Console\\ServeCommand->startProcess(true)
#2 /Users/aminshojaei/AndroidStudioProjects/Calcuapp/backend/vendor/laravel/framework/src/Illuminate/Container/BoundMethod.php(36): Illuminate\\Foundation\\Console\\ServeCommand->handle()
#3 /Users/aminshojaei/AndroidStudioProjects/Calcuapp/backend/vendor/laravel/framework/src/Illuminate/Container/Util.php(43): Illuminate\\Container\\BoundMethod::{closure:Illuminate\\Container\\BoundMethod::call():35}()
#4 /Users/aminshojaei/AndroidStudioProjects/Calcuapp/backend/vendor/laravel/framework/src/Illuminate/Container/BoundMethod.php(96): Illuminate\\Container\\Util::unwrapIfClosure(Object(Closure))
#5 /Users/aminshojaei/AndroidStudioProjects/Calcuapp/backend/vendor/laravel/framework/src/Illuminate/Container/BoundMethod.php(35): Illuminate\\Container\\BoundMethod::callBoundMethod(Object(Illuminate\\Foundation\\Application), Array, Object(Closure))
#6 /Users/aminshojaei/AndroidStudioProjects/Calcuapp/backend/vendor/laravel/framework/src/Illuminate/Container/Container.php(799): Illuminate\\Container\\BoundMethod::call(Object(Illuminate\\Foundation\\Application), Array, Array, NULL)
#7 /Users/aminshojaei/AndroidStudioProjects/Calcuapp/backend/vendor/laravel/framework/src/Illuminate/Console/Command.php(211): Illuminate\\Container\\Container->call(Array)
#8 /Users/aminshojaei/AndroidStudioProjects/Calcuapp/backend/vendor/symfony/console/Command/Command.php(341): Illuminate\\Console\\Command->execute(Object(Symfony\\Component\\Console\\Input\\ArgvInput), Object(Illuminate\\Console\\OutputStyle))
#9 /Users/aminshojaei/AndroidStudioProjects/Calcuapp/backend/vendor/laravel/framework/src/Illuminate/Console/Command.php(180): Symfony\\Component\\Console\\Command\\Command->run(Object(Symfony\\Component\\Console\\Input\\ArgvInput), Object(Illuminate\\Console\\OutputStyle))
#10 /Users/aminshojaei/AndroidStudioProjects/Calcuapp/backend/vendor/symfony/console/Application.php(1117): Illuminate\\Console\\Command->run(Object(Symfony\\Component\\Console\\Input\\ArgvInput), Object(Symfony\\Component\\Console\\Output\\ConsoleOutput))
#11 /Users/aminshojaei/AndroidStudioProjects/Calcuapp/backend/vendor/symfony/console/Application.php(356): Symfony\\Component\\Console\\Application->doRunCommand(Object(Illuminate\\Foundation\\Console\\ServeCommand), Object(Symfony\\Component\\Console\\Input\\ArgvInput), Object(Symfony\\Component\\Console\\Output\\ConsoleOutput))
#12 /Users/aminshojaei/AndroidStudioProjects/Calcuapp/backend/vendor/symfony/console/Application.php(195): Symfony\\Component\\Console\\Application->doRun(Object(Symfony\\Component\\Console\\Input\\ArgvInput), Object(Symfony\\Component\\Console\\Output\\ConsoleOutput))
#13 /Users/aminshojaei/AndroidStudioProjects/Calcuapp/backend/vendor/laravel/framework/src/Illuminate/Foundation/Console/Kernel.php(198): Symfony\\Component\\Console\\Application->run(Object(Symfony\\Component\\Console\\Input\\ArgvInput), Object(Symfony\\Component\\Console\\Output\\ConsoleOutput))
#14 /Users/aminshojaei/AndroidStudioProjects/Calcuapp/backend/artisan(13): Illuminate\\Foundation\\Console\\Kernel->handle(Object(Symfony\\Component\\Console\\Input\\ArgvInput), Object(Symfony\\Component\\Console\\Output\\ConsoleOutput))
#15 {main}
"} 
[2026-09-23 19:41:47] local.ERROR: Unsupported cipher or incorrect key length. Supported ciphers are: aes-128-cbc, aes-256-cbc, aes-128-gcm, aes-256-gcm. {"exception":"[object] (RuntimeException(code: 0): Unsupported cipher or incorrect key length. Supported ciphers are: aes-128-cbc, aes-256-cbc, aes-128-gcm, aes-256-gcm. at /Users/aminshojaei/AndroidStudioProjects/Calcuapp/backend/vendor/laravel/framework/src/Illuminate/Encryption/Encrypter.php:61)
[stacktrace]
#0 /Users/aminshojaei/AndroidStudioProjects/Calcuapp/backend/vendor/laravel/framework/src/Illuminate/Encryption/EncryptionServiceProvider.php(32): Illuminate\\Encryption\\Encrypter->__construct('supersecretkeyf...', 'AES-256-CBC')
#1 /Users/aminshojaei/AndroidStudioProjects/Calcuapp/backend/vendor/laravel/framework/src/Illuminate/Container/Container.php(1115): Illuminate\\Encryption\\EncryptionServiceProvider->{closure:Illuminate\\Encryption\\EncryptionServiceProvider::registerEncrypter():29}(Object(Illuminate\\Foundation\\Application), Array)
#2 /Users/aminshojaei/AndroidStudioProjects/Calcuapp/backend/vendor/laravel/framework/src/Illuminate/Container/Container.php(933): Illuminate\\Container\\Container->build(Object(Closure))
#3 /Users/aminshojaei/AndroidStudioProjects/Calcuapp/backend/vendor/laravel/framework/src/Illuminate/Foundation/Application.php(1078): Illuminate\\Container\\Container->resolve('encrypter', Array, true)
#4 /Users/aminshojaei/AndroidStudioProjects/Calcuapp/backend/vendor/laravel/framework/src/Illuminate/Container/Container.php(864): Illuminate\\Foundation\\Application->resolve('encrypter', Array)
#5 /Users/aminshojaei/AndroidStudioProjects/Calcuapp/backend/vendor/laravel/framework/src/Illuminate/Foundation/Application.php(1058): Illuminate\\Container\\Container->make('encrypter', Array)
#6 /Users/aminshojaei/AndroidStudioProjects/Calcuapp/backend/vendor/laravel/framework/src/Illuminate/Container/Container.php(1336): Illuminate\\Foundation\\Application->make('encrypter')
#7 /Users/aminshojaei/AndroidStudioProjects/Calcuapp/backend/vendor/laravel/framework/src/Illuminate/Container/Container.php(1237): Illuminate\\Container\\Container->resolveClass(Object(ReflectionParameter), 'Illuminate\\\\Cont...')
#8 /Users/aminshojaei/AndroidStudioProjects/Calcuapp/backend/vendor/laravel/framework/src/Illuminate/Container/Container.php(1162): Illuminate\\Container\\Container->resolveDependencies(Array)
#9 /Users/aminshojaei/AndroidStudioProjects/Calcuapp/backend/vendor/laravel/framework/src/Illuminate/Container/Container.php(933): Illuminate\\Container\\Container->build('Illuminate\\\\Cook...')
#10 /Users/aminshojaei/AndroidStudioProjects/Calcuapp/backend/vendor/laravel/framework/src/Illuminate/Foundation/Application.php(1078): Illuminate\\Container\\Container->resolve('Illuminate\\\\Cook...', Array, true)
#11 /Users/aminshojaei/AndroidStudioProjects/Calcuapp/backend/vendor/laravel/framework/src/Illuminate/Container/Container.php(864): Illuminate\\Foundation\\Application->resolve('Illuminate\\\\Cook...', Array)
#12 /Users/aminshojaei/AndroidStudioProjects/Calcuapp/backend/vendor/laravel/framework/src/Illuminate/Foundation/Application.php(1058): Illuminate\\Container\\Container->make('Illuminate\\\\Cook...', Array)
#13 /Users/aminshojaei/AndroidStudioProjects/Calcuapp/backend/vendor/laravel/framework/src/Illuminate/Pipeline/Pipeline.php(208): Illuminate\\Foundation\\Application->make('Illuminate\\\\Cook...')
#14 /Users/aminshojaei/AndroidStudioProjects/Calcuapp/backend/vendor/laravel/framework/src/Illuminate/Pipeline/Pipeline.php(137): Illuminate\\Pipeline\\Pipeline->{closure:{closure:Illuminate\\Pipeline\\Pipeline::carry():194}:195}(Object(Illuminate\\Http\\Request))
#15 /Users/aminshojaei/AndroidStudioProjects/Calcuapp/backend/vendor/laravel/framework/src/Illuminate/Routing/Router.php(821): Illuminate\\Pipeline\\Pipeline->then(Object(Closure))
#16 /Users/aminshojaei/AndroidStudioProjects/Calcuapp/backend/vendor/laravel/framework/src/Illuminate/Routing/Router.php(800): Illuminate\\Routing\\Router->runRouteWithinStack(Object(Illuminate\\Routing\\Route), Object(Illuminate\\Http\\Request))
#17 /Users/aminshojaei/AndroidStudioProjects/Calcuapp/backend/vendor/laravel/framework/src/Illuminate/Routing/Router.php(764): Illuminate\\Routing\\Router->runRoute(Object(Illuminate\\Http\\Request), Object(Illuminate\\Routing\\Route))
#18 /Users/aminshojaei/AndroidStudioProjects/Calcuapp/backend/vendor/laravel/framework/src/Illuminate/Routing/Router.php(753): Illuminate\\Routing\\Router->dispatchToRoute(Object(Illuminate\\Http\\Request))
#19 /Users/aminshojaei/AndroidStudioProjects/Calcuapp/backend/vendor/laravel/framework/src/Illuminate/Foundation/Http/Kernel.php(200): Illuminate\\Routing\\Router->dispatch(Object(Illuminate\\Http\\Request))
#20 /Users/aminshojaei/AndroidStudioProjects/Calcuapp/backend/vendor/laravel/framework/src/Illuminate/Pipeline/Pipeline.php(180): Illuminate\\Foundation\\Http\\Kernel->{closure:Illuminate\\Foundation\\Http\\Kernel::dispatchToRouter():197}(Object(Illuminate\\Http\\Request))
#21 /Users/aminshojaei/AndroidStudioProjects/Calcuapp/backend/vendor/laravel/framework/src/Illuminate/Foundation/Http/Middleware/TransformsRequest.php(21): Illuminate\\Pipeline\\Pipeline->{closure:Illuminate\\Pipeline\\Pipeline::prepareDestination():178}(Object(Illuminate\\Http\\Request))
#22 /Users/aminshojaei/AndroidStudioProjects/Calcuapp/backend/vendor/laravel/framework/src/Illuminate/Foundation/Http/Middleware/ConvertEmptyStringsToNull.php(31): Illuminate\\Foundation\\Http\\Middleware\\TransformsRequest->handle(Object(Illuminate\\Http\\Request), Object(Closure))
#23 /Users/aminshojaei/AndroidStudioProjects/Calcuapp/backend/vendor/laravel/framework/src/Illuminate/Pipeline/Pipeline.php(219): Illuminate\\Foundation\\Http\\Middleware\\ConvertEmptyStringsToNull->handle(Object(Illuminate\\Http\\Request), Object(Closure))
#24 /Users/aminshojaei/AndroidStudioProjects/Calcuapp/backend/vendor/laravel/framework/src/Illuminate/Foundation/Http/Middleware/TransformsRequest.php(21): Illuminate\\Pipeline\\Pipeline->{closure:{closure:Illuminate\\Pipeline\\Pipeline::carry():194}:195}(Object(Illuminate\\Http\\Request))
#25 /Users/aminshojaei/AndroidStudioProjects/Calcuapp/backend/vendor/laravel/framework/src/Illuminate/Foundation/Http/Middleware/TrimStrings.php(51): Illuminate\\Foundation\\Http\\Middleware\\TransformsRequest->handle(Object(Illuminate\\Http\\Request), Object(Closure))
#26 /Users/aminshojaei/AndroidStudioProjects/Calcuapp/backend/vendor/laravel/framework/src/Illuminate/Pipeline/Pipeline.php(219): Illuminate\\Foundation\\Http\\Middleware\\TrimStrings->handle(Object(Illuminate\\Http\\Request), Object(Closure))
#27 /Users/aminshojaei/AndroidStudioProjects/Calcuapp/backend/vendor/laravel/framework/src/Illuminate/Http/Middleware/ValidatePostSize.php(27): Illuminate\\Pipeline\\Pipeline->{closure:{closure:Illuminate\\Pipeline\\Pipeline::carry():194}:195}(Object(Illuminate\\Http\\Request))
#28 /Users/aminshojaei/AndroidStudioProjects/Calcuapp/backend/vendor/laravel/framework/src/Illuminate/Pipeline/Pipeline.php(219): Illuminate\\Http\\Middleware\\ValidatePostSize->handle(Object(Illuminate\\Http\\Request), Object(Closure))
#29 /Users/aminshojaei/AndroidStudioProjects/Calcuapp/backend/vendor/laravel/framework/src/Illuminate/Foundation/Http/Middleware/PreventRequestsDuringMaintenance.php(109): Illuminate\\Pipeline\\Pipeline->{closure:{closure:Illuminate\\Pipeline\\Pipeline::carry():194}:195}(Object(Illuminate\\Http\\Request))
#30 /Users/aminshojaei/AndroidStudioProjects/Calcuapp/backend/vendor/laravel/framework/src/Illuminate/Pipeline/Pipeline.php(219): Illuminate\\Foundation\\Http\\Middleware\\PreventRequestsDuringMaintenance->handle(Object(Illuminate\\Http\\Request), Object(Closure))
#31 /Users/aminshojaei/AndroidStudioProjects/Calcuapp/backend/vendor/laravel/framework/src/Illuminate/Http/Middleware/HandleCors.php(61): Illuminate\\Pipeline\\Pipeline->{closure:{closure:Illuminate\\Pipeline\\Pipeline::carry():194}:195}(Object(Illuminate\\Http\\Request))
#32 /Users/aminshojaei/AndroidStudioProjects/Calcuapp/backend/vendor/laravel/framework/src/Illuminate/Pipeline/Pipeline.php(219): Illuminate\\Http\\Middleware\\HandleCors->handle(Object(Illuminate\\Http\\Request), Object(Closure))
#33 /Users/aminshojaei/AndroidStudioProjects/Calcuapp/backend/vendor/laravel/framework/src/Illuminate/Http/Middleware/TrustProxies.php(58): Illuminate\\Pipeline\\Pipeline->{closure:{closure:Illuminate\\Pipeline\\Pipeline::carry():194}:195}(Object(Illuminate\\Http\\Request))
#34 /Users/aminshojaei/AndroidStudioProjects/Calcuapp/backend/vendor/laravel/framework/src/Illuminate/Pipeline/Pipeline.php(219): Illuminate\\Http\\Middleware\\TrustProxies->handle(Object(Illuminate\\Http\\Request), Object(Closure))
#35 /Users/aminshojaei/AndroidStudioProjects/Calcuapp/backend/vendor/laravel/framework/src/Illuminate/Foundation/Http/Middleware/InvokeDeferredCallbacks.php(22): Illuminate\\Pipeline\\Pipeline->{closure:{closure:Illuminate\\Pipeline\\Pipeline::carry():194}:195}(Object(Illuminate\\Http\\Request))
#36 /Users/aminshojaei/AndroidStudioProjects/Calcuapp/backend/vendor/laravel/framework/src/Illuminate/Pipeline/Pipeline.php(219): Illuminate\\Foundation\\Http\\Middleware\\InvokeDeferredCallbacks->handle(Object(Illuminate\\Http\\Request), Object(Closure))
#37 /Users/aminshojaei/AndroidStudioProjects/Calcuapp/backend/vendor/laravel/framework/src/Illuminate/Http/Middleware/ValidatePathEncoding.php(26): Illuminate\\Pipeline\\Pipeline->{closure:{closure:Illuminate\\Pipeline\\Pipeline::carry():194}:195}(Object(Illuminate\\Http\\Request))
#38 /Users/aminshojaei/AndroidStudioProjects/Calcuapp/backend/vendor/laravel/framework/src/Illuminate/Pipeline/Pipeline.php(219): Illuminate\\Http\\Middleware\\ValidatePathEncoding->handle(Object(Illuminate\\Http\\Request), Object(Closure))
#39 /Users/aminshojaei/AndroidStudioProjects/Calcuapp/backend/vendor/laravel/framework/src/Illuminate/Pipeline/Pipeline.php(137): Illuminate\\Pipeline\\Pipeline->{closure:{closure:Illuminate\\Pipeline\\Pipeline::carry():194}:195}(Object(Illuminate\\Http\\Request))
#40 /Users/aminshojaei/AndroidStudioProjects/Calcuapp/backend/vendor/laravel/framework/src/Illuminate/Foundation/Http/Kernel.php(175): Illuminate\\Pipeline\\Pipeline->then(Object(Closure))
#41 /Users/aminshojaei/AndroidStudioProjects/Calcuapp/backend/vendor/laravel/framework/src/Illuminate/Foundation/Http/Kernel.php(144): Illuminate\\Foundation\\Http\\Kernel->sendRequestThroughRouter(Object(Illuminate\\Http\\Request))
#42 /Users/aminshojaei/AndroidStudioProjects/Calcuapp/backend/vendor/laravel/framework/src/Illuminate/Foundation/Application.php(1220): Illuminate\\Foundation\\Http\\Kernel->handle(Object(Illuminate\\Http\\Request))
#43 /Users/aminshojaei/AndroidStudioProjects/Calcuapp/backend/public/index.php(17): Illuminate\\Foundation\\Application->handleRequest(Object(Illuminate\\Http\\Request))
#44 /Users/aminshojaei/AndroidStudioProjects/Calcuapp/backend/vendor/laravel/framework/src/Illuminate/Foundation/resources/server.php(23): require_once('/Users/aminshoj...')
#45 {main}
"} 
[2026-09-23 19:41:47] local.ERROR: Unsupported cipher or incorrect key length. Supported ciphers are: aes-128-cbc, aes-256-cbc, aes-128-gcm, aes-256-gcm. {"exception":"[object] (RuntimeException(code: 0): Unsupported cipher or incorrect key length. Supported ciphers are: aes-128-cbc, aes-256-cbc, aes-128-gcm, aes-256-gcm. at /Users/aminshojaei/AndroidStudioProjects/Calcuapp/backend/vendor/laravel/framework/src/Illuminate/Encryption/Encrypter.php:61)
[stacktrace]
#0 /Users/aminshojaei/AndroidStudioProjects/Calcuapp/backend/vendor/laravel/framework/src/Illuminate/Encryption/EncryptionServiceProvider.php(32): Illuminate\\Encryption\\Encrypter->__construct('supersecretkeyf...', 'AES-256-CBC')
#1 /Users/aminshojaei/AndroidStudioProjects/Calcuapp/backend/vendor/laravel/framework/src/Illuminate/Container/Container.php(1115): Illuminate\\Encryption\\EncryptionServiceProvider->{closure:Illuminate\\Encryption\\EncryptionServiceProvider::registerEncrypter():29}(Object(Illuminate\\Foundation\\Application), Array)
#2 /Users/aminshojaei/AndroidStudioProjects/Calcuapp/backend/vendor/laravel/framework/src/Illuminate/Container/Container.php(933): Illuminate\\Container\\Container->build(Object(Closure))
#3 /Users/aminshojaei/AndroidStudioProjects/Calcuapp/backend/vendor/laravel/framework/src/Illuminate/Foundation/Application.php(1078): Illuminate\\Container\\Container->resolve('encrypter', Array, true)
#4 /Users/aminshojaei/AndroidStudioProjects/Calcuapp/backend/vendor/laravel/framework/src/Illuminate/Container/Container.php(864): Illuminate\\Foundation\\Application->resolve('encrypter', Array)
#5 /Users/aminshojaei/AndroidStudioProjects/Calcuapp/backend/vendor/laravel/framework/src/Illuminate/Foundation/Application.php(1058): Illuminate\\Container\\Container->make('encrypter', Array)
#6 /Users/aminshojaei/AndroidStudioProjects/Calcuapp/backend/vendor/laravel/framework/src/Illuminate/Container/Container.php(1336): Illuminate\\Foundation\\Application->make('encrypter')
#7 /Users/aminshojaei/AndroidStudioProjects/Calcuapp/backend/vendor/laravel/framework/src/Illuminate/Container/Container.php(1237): Illuminate\\Container\\Container->resolveClass(Object(ReflectionParameter), 'Illuminate\\\\Cont...')
#8 /Users/aminshojaei/AndroidStudioProjects/Calcuapp/backend/vendor/laravel/framework/src/Illuminate/Container/Container.php(1162): Illuminate\\Container\\Container->resolveDependencies(Array)
#9 /Users/aminshojaei/AndroidStudioProjects/Calcuapp/backend/vendor/laravel/framework/src/Illuminate/Container/Container.php(933): Illuminate\\Container\\Container->build('Illuminate\\\\Cook...')
#10 /Users/aminshojaei/AndroidStudioProjects/Calcuapp/backend/vendor/laravel/framework/src/Illuminate/Foundation/Application.php(1078): Illuminate\\Container\\Container->resolve('Illuminate\\\\Cook...', Array, true)
#11 /Users/aminshojaei/AndroidStudioProjects/Calcuapp/backend/vendor/laravel/framework/src/Illuminate/Container/Container.php(864): Illuminate\\Foundation\\Application->resolve('Illuminate\\\\Cook...', Array)
#12 /Users/aminshojaei/AndroidStudioProjects/Calcuapp/backend/vendor/laravel/framework/src/Illuminate/Foundation/Application.php(1058): Illuminate\\Container\\Container->make('Illuminate\\\\Cook...', Array)
#13 /Users/aminshojaei/AndroidStudioProjects/Calcuapp/backend/vendor/laravel/framework/src/Illuminate/Foundation/Http/Kernel.php(257): Illuminate\\Foundation\\Application->make('Illuminate\\\\Cook...')
#14 /Users/aminshojaei/AndroidStudioProjects/Calcuapp/backend/vendor/laravel/framework/src/Illuminate/Foundation/Http/Kernel.php(215): Illuminate\\Foundation\\Http\\Kernel->terminateMiddleware(Object(Illuminate\\Http\\Request), Object(Illuminate\\Http\\Response))
#15 /Users/aminshojaei/AndroidStudioProjects/Calcuapp/backend/vendor/laravel/framework/src/Illuminate/Foundation/Application.php(1222): Illuminate\\Foundation\\Http\\Kernel->terminate(Object(Illuminate\\Http\\Request), Object(Illuminate\\Http\\Response))
#16 /Users/aminshojaei/AndroidStudioProjects/Calcuapp/backend/public/index.php(17): Illuminate\\Foundation\\Application->handleRequest(Object(Illuminate\\Http\\Request))
#17 /Users/aminshojaei/AndroidStudioProjects/Calcuapp/backend/vendor/laravel/framework/src/Illuminate/Foundation/resources/server.php(23): require_once('/Users/aminshoj...')
#18 {main}
"} 
[2026-09-25 11:26:12] local.ERROR: SQLSTATE[08006] [7] could not translate host name "postgres" to address: nodename nor servname provided, or not known (Connection: pgsql, Host: postgres, Port: 5432, Database: calcuapp, SQL: select exists (select 1 from pg_class c, pg_namespace n where n.nspname = current_schema() and c.relname = 'migrations' and c.relkind in ('r', 'p') and n.oid = c.relnamespace)) {"exception":"[object] (Illuminate\\Database\\QueryException(code: 7): SQLSTATE[08006] [7] could not translate host name \"postgres\" to address: nodename nor servname provided, or not known (Connection: pgsql, Host: postgres, Port: 5432, Database: calcuapp, SQL: select exists (select 1 from pg_class c, pg_namespace n where n.nspname = current_schema() and c.relname = 'migrations' and c.relkind in ('r', 'p') and n.oid = c.relnamespace)) at /Users/aminshojaei/AndroidStudioProjects/Calcuapp/backend/vendor/laravel/framework/src/Illuminate/Database/Connection.php:838)
[stacktrace]
#0 /Users/aminshojaei/AndroidStudioProjects/Calcuapp/backend/vendor/laravel/framework/src/Illuminate/Database/Connection.php(999): Illuminate\\Database\\Connection->runQueryCallback('select exists (...', Array, Object(Closure))
#1 /Users/aminshojaei/AndroidStudioProjects/Calcuapp/backend/vendor/laravel/framework/src/Illuminate/Database/Connection.php(978): Illuminate\\Database\\Connection->tryAgainIfCausedByLostConnection(Object(Illuminate\\Database\\QueryException), 'select exists (...', Array, Object(Closure))
#2 /Users/aminshojaei/AndroidStudioProjects/Calcuapp/backend/vendor/laravel/framework/src/Illuminate/Database/Connection.php(796): Illuminate\\Database\\Connection->handleQueryException(Object(Illuminate\\Database\\QueryException), 'select exists (...', Array, Object(Closure))
#3 /Users/aminshojaei/AndroidStudioProjects/Calcuapp/backend/vendor/laravel/framework/src/Illuminate/Database/Connection.php(411): Illuminate\\Database\\Connection->run('select exists (...', Array, Object(Closure))
#4 /Users/aminshojaei/AndroidStudioProjects/Calcuapp/backend/vendor/laravel/framework/src/Illuminate/Database/Connection.php(357): Illuminate\\Database\\Connection->select('select exists (...', Array, true)
#5 /Users/aminshojaei/AndroidStudioProjects/Calcuapp/backend/vendor/laravel/framework/src/Illuminate/Database/Connection.php(374): Illuminate\\Database\\Connection->selectOne('select exists (...', Array, true)
#6 /Users/aminshojaei/AndroidStudioProjects/Calcuapp/backend/vendor/laravel/framework/src/Illuminate/Database/Schema/Builder.php(176): Illuminate\\Database\\Connection->scalar('select exists (...')
#7 /Users/aminshojaei/AndroidStudioProjects/Calcuapp/backend/vendor/laravel/framework/src/Illuminate/Database/Migrations/DatabaseMigrationRepository.php(185): Illuminate\\Database\\Schema\\Builder->hasTable('migrations')
#8 /Users/aminshojaei/AndroidStudioProjects/Calcuapp/backend/vendor/laravel/framework/src/Illuminate/Database/Migrations/Migrator.php(758): Illuminate\\Database\\Migrations\\DatabaseMigrationRepository->repositoryExists()
#9 /Users/aminshojaei/AndroidStudioProjects/Calcuapp/backend/vendor/laravel/framework/src/Illuminate/Database/Console/Migrations/MigrateCommand.php(164): Illuminate\\Database\\Migrations\\Migrator->repositoryExists()
#10 /Users/aminshojaei/AndroidStudioProjects/Calcuapp/backend/vendor/laravel/framework/src/Illuminate/Support/helpers.php(328): Illuminate\\Database\\Console\\Migrations\\MigrateCommand->{closure:Illuminate\\Database\\Console\\Migrations\\MigrateCommand::repositoryExists():164}(1)
#11 /Users/aminshojaei/AndroidStudioProjects/Calcuapp/backend/vendor/laravel/framework/src/Illuminate/Database/Console/Migrations/MigrateCommand.php(164): retry(1, Object(Closure), 0, Object(Closure))
#12 /Users/aminshojaei/AndroidStudioProjects/Calcuapp/backend/vendor/laravel/framework/src/Illuminate/Database/Console/Migrations/MigrateCommand.php(140): Illuminate\\Database\\Console\\Migrations\\MigrateCommand->repositoryExists()
#13 /Users/aminshojaei/AndroidStudioProjects/Calcuapp/backend/vendor/laravel/framework/src/Illuminate/Database/Console/Migrations/MigrateCommand.php(110): Illuminate\\Database\\Console\\Migrations\\MigrateCommand->prepareDatabase()
#14 /Users/aminshojaei/AndroidStudioProjects/Calcuapp/backend/vendor/laravel/framework/src/Illuminate/Database/Migrations/Migrator.php(671): Illuminate\\Database\\Console\\Migrations\\MigrateCommand->{closure:Illuminate\\Database\\Console\\Migrations\\MigrateCommand::runMigrations():109}()
#15 /Users/aminshojaei/AndroidStudioProjects/Calcuapp/backend/vendor/laravel/framework/src/Illuminate/Database/Console/Migrations/MigrateCommand.php(109): Illuminate\\Database\\Migrations\\Migrator->usingConnection(NULL, Object(Closure))
#16 /Users/aminshojaei/AndroidStudioProjects/Calcuapp/backend/vendor/laravel/framework/src/Illuminate/Database/Console/Migrations/MigrateCommand.php(88): Illuminate\\Database\\Console\\Migrations\\MigrateCommand->runMigrations()
#17 /Users/aminshojaei/AndroidStudioProjects/Calcuapp/backend/vendor/laravel/framework/src/Illuminate/Container/BoundMethod.php(36): Illuminate\\Database\\Console\\Migrations\\MigrateCommand->handle()
#18 /Users/aminshojaei/AndroidStudioProjects/Calcuapp/backend/vendor/laravel/framework/src/Illuminate/Container/Util.php(43): Illuminate\\Container\\BoundMethod::{closure:Illuminate\\Container\\BoundMethod::call():35}()
#19 /Users/aminshojaei/AndroidStudioProjects/Calcuapp/backend/vendor/laravel/framework/src/Illuminate/Container/BoundMethod.php(96): Illuminate\\Container\\Util::unwrapIfClosure(Object(Closure))
#20 /Users/aminshojaei/AndroidStudioProjects/Calcuapp/backend/vendor/laravel/framework/src/Illuminate/Container/BoundMethod.php(35): Illuminate\\Container\\BoundMethod::callBoundMethod(Object(Illuminate\\Foundation\\Application), Array, Object(Closure))
#21 /Users/aminshojaei/AndroidStudioProjects/Calcuapp/backend/vendor/laravel/framework/src/Illuminate/Container/Container.php(799): Illuminate\\Container\\BoundMethod::call(Object(Illuminate\\Foundation\\Application), Array, Array, NULL)
#22 /Users/aminshojaei/AndroidStudioProjects/Calcuapp/backend/vendor/laravel/framework/src/Illuminate/Console/Command.php(211): Illuminate\\Container\\Container->call(Array)
#23 /Users/aminshojaei/AndroidStudioProjects/Calcuapp/backend/vendor/symfony/console/Command/Command.php(341): Illuminate\\Console\\Command->execute(Object(Symfony\\Component\\Console\\Input\\ArrayInput), Object(Illuminate\\Console\\OutputStyle))
#24 /Users/aminshojaei/AndroidStudioProjects/Calcuapp/backend/vendor/laravel/framework/src/Illuminate/Console/Command.php(180): Symfony\\Component\\Console\\Command\\Command->run(Object(Symfony\\Component\\Console\\Input\\ArrayInput), Object(Illuminate\\Console\\OutputStyle))
#25 /Users/aminshojaei/AndroidStudioProjects/Calcuapp/backend/vendor/laravel/framework/src/Illuminate/Console/Concerns/CallsCommands.php(68): Illuminate\\Console\\Command->run(Object(Symfony\\Component\\Console\\Input\\ArrayInput), Object(Illuminate\\Console\\OutputStyle))
#26 /Users/aminshojaei/AndroidStudioProjects/Calcuapp/backend/vendor/laravel/framework/src/Illuminate/Console/Concerns/CallsCommands.php(29): Illuminate\\Console\\Command->runCommand('migrate', Array, Object(Illuminate\\Console\\OutputStyle))
#27 /Users/aminshojaei/AndroidStudioProjects/Calcuapp/backend/vendor/laravel/framework/src/Illuminate/Database/Console/Migrations/FreshCommand.php(88): Illuminate\\Console\\Command->call('migrate', Array)
#28 /Users/aminshojaei/AndroidStudioProjects/Calcuapp/backend/vendor/laravel/framework/src/Illuminate/Container/BoundMethod.php(36): Illuminate\\Database\\Console\\Migrations\\FreshCommand->handle()
#29 /Users/aminshojaei/AndroidStudioProjects/Calcuapp/backend/vendor/laravel/framework/src/Illuminate/Container/Util.php(43): Illuminate\\Container\\BoundMethod::{closure:Illuminate\\Container\\BoundMethod::call():35}()
#30 /Users/aminshojaei/AndroidStudioProjects/Calcuapp/backend/vendor/laravel/framework/src/Illuminate/Container/BoundMethod.php(96): Illuminate\\Container\\Util::unwrapIfClosure(Object(Closure))
#31 /Users/aminshojaei/AndroidStudioProjects/Calcuapp/backend/vendor/laravel/framework/src/Illuminate/Container/BoundMethod.php(35): Illuminate\\Container\\BoundMethod::callBoundMethod(Object(Illuminate\\Foundation\\Application), Array, Object(Closure))
#32 /Users/aminshojaei/AndroidStudioProjects/Calcuapp/backend/vendor/laravel/framework/src/Illuminate/Container/Container.php(799): Illuminate\\Container\\BoundMethod::call(Object(Illuminate\\Foundation\\Application), Array, Array, NULL)
#33 /Users/aminshojaei/AndroidStudioProjects/Calcuapp/backend/vendor/laravel/framework/src/Illuminate/Console/Command.php(211): Illuminate\\Container\\Container->call(Array)
#34 /Users/aminshojaei/AndroidStudioProjects/Calcuapp/backend/vendor/symfony/console/Command/Command.php(341): Illuminate\\Console\\Command->execute(Object(Symfony\\Component\\Console\\Input\\ArgvInput), Object(Illuminate\\Console\\OutputStyle))
#35 /Users/aminshojaei/AndroidStudioProjects/Calcuapp/backend/vendor/laravel/framework/src/Illuminate/Console/Command.php(180): Symfony\\Component\\Console\\Command\\Command->run(Object(Symfony\\Component\\Console\\Input\\ArgvInput), Object(Illuminate\\Console\\OutputStyle))
#36 /Users/aminshojaei/AndroidStudioProjects/Calcuapp/backend/vendor/symfony/console/Application.php(1117): Illuminate\\Console\\Command->run(Object(Symfony\\Component\\Console\\Input\\ArgvInput), Object(Symfony\\Component\\Console\\Output\\ConsoleOutput))
#37 /Users/aminshojaei/AndroidStudioProjects/Calcuapp/backend/vendor/symfony/console/Application.php(356): Symfony\\Component\\Console\\Application->doRunCommand(Object(Illuminate\\Database\\Console\\Migrations\\FreshCommand), Object(Symfony\\Component\\Console\\Input\\ArgvInput), Object(Symfony\\Component\\Console\\Output\\ConsoleOutput))
#38 /Users/aminshojaei/AndroidStudioProjects/Calcuapp/backend/vendor/symfony/console/Application.php(195): Symfony\\Component\\Console\\Application->doRun(Object(Symfony\\Component\\Console\\Input\\ArgvInput), Object(Symfony\\Component\\Console\\Output\\ConsoleOutput))
#39 /Users/aminshojaei/AndroidStudioProjects/Calcuapp/backend/vendor/laravel/framework/src/Illuminate/Foundation/Console/Kernel.php(198): Symfony\\Component\\Console\\Application->run(Object(Symfony\\Component\\Console\\Input\\ArgvInput), Object(Symfony\\Component\\Console\\Output\\ConsoleOutput))
#40 /Users/aminshojaei/AndroidStudioProjects/Calcuapp/backend/artisan(13): Illuminate\\Foundation\\Console\\Kernel->handle(Object(Symfony\\Component\\Console\\Input\\ArgvInput), Object(Symfony\\Component\\Console\\Output\\ConsoleOutput))
#41 {main}

[previous exception] [object] (PDOException(code: 7): SQLSTATE[08006] [7] could not translate host name \"postgres\" to address: nodename nor servname provided, or not known at /Users/aminshojaei/AndroidStudioProjects/Calcuapp/backend/vendor/laravel/framework/src/Illuminate/Database/Connectors/Connector.php:67)
[stacktrace]
#0 /Users/aminshojaei/AndroidStudioProjects/Calcuapp/backend/vendor/laravel/framework/src/Illuminate/Database/Connectors/Connector.php(67): PDO::connect('pgsql:host=post...', 'postgres', Object(SensitiveParameterValue), Array)
#1 /Users/aminshojaei/AndroidStudioProjects/Calcuapp/backend/vendor/laravel/framework/src/Illuminate/Database/Connectors/Connector.php(85): Illuminate\\Database\\Connectors\\Connector->createPdoConnection('pgsql:host=post...', 'postgres', Object(SensitiveParameterValue), Array)
#2 /Users/aminshojaei/AndroidStudioProjects/Calcuapp/backend/vendor/laravel/framework/src/Illuminate/Database/Connectors/Connector.php(48): Illuminate\\Database\\Connectors\\Connector->tryAgainIfCausedByLostConnection(Object(PDOException), 'pgsql:host=post...', 'postgres', Object(SensitiveParameterValue), Array)
#3 /Users/aminshojaei/AndroidStudioProjects/Calcuapp/backend/vendor/laravel/framework/src/Illuminate/Database/Connectors/PostgresConnector.php(35): Illuminate\\Database\\Connectors\\Connector->createConnection('pgsql:host=post...', Array, Array)
#4 /Users/aminshojaei/AndroidStudioProjects/Calcuapp/backend/vendor/laravel/framework/src/Illuminate/Database/Connectors/ConnectionFactory.php(186): Illuminate\\Database\\Connectors\\PostgresConnector->connect(Array)
#5 [internal function]: Illuminate\\Database\\Connectors\\ConnectionFactory->{closure:Illuminate\\Database\\Connectors\\ConnectionFactory::createPdoResolverWithHosts():181}()
#6 /Users/aminshojaei/AndroidStudioProjects/Calcuapp/backend/vendor/laravel/framework/src/Illuminate/Database/Connection.php(1257): call_user_func(Object(Closure))
#7 /Users/aminshojaei/AndroidStudioProjects/Calcuapp/backend/vendor/laravel/framework/src/Illuminate/Database/Connection.php(1295): Illuminate\\Database\\Connection->getPdo()
#8 /Users/aminshojaei/AndroidStudioProjects/Calcuapp/backend/vendor/laravel/framework/src/Illuminate/Database/Connection.php(525): Illuminate\\Database\\Connection->getReadPdo()
#9 /Users/aminshojaei/AndroidStudioProjects/Calcuapp/backend/vendor/laravel/framework/src/Illuminate/Database/Connection.php(420): Illuminate\\Database\\Connection->getPdoForSelect(true)
#10 /Users/aminshojaei/AndroidStudioProjects/Calcuapp/backend/vendor/laravel/framework/src/Illuminate/Database/Connection.php(827): Illuminate\\Database\\Connection->{closure:Illuminate\\Database\\Connection::select():411}('select exists (...', Array)
#11 /Users/aminshojaei/AndroidStudioProjects/Calcuapp/backend/vendor/laravel/framework/src/Illuminate/Database/Connection.php(999): Illuminate\\Database\\Connection->runQueryCallback('select exists (...', Array, Object(Closure))
#12 /Users/aminshojaei/AndroidStudioProjects/Calcuapp/backend/vendor/laravel/framework/src/Illuminate/Database/Connection.php(978): Illuminate\\Database\\Connection->tryAgainIfCausedByLostConnection(Object(Illuminate\\Database\\QueryException), 'select exists (...', Array, Object(Closure))
#13 /Users/aminshojaei/AndroidStudioProjects/Calcuapp/backend/vendor/laravel/framework/src/Illuminate/Database/Connection.php(796): Illuminate\\Database\\Connection->handleQueryException(Object(Illuminate\\Database\\QueryException), 'select exists (...', Array, Object(Closure))
#14 /Users/aminshojaei/AndroidStudioProjects/Calcuapp/backend/vendor/laravel/framework/src/Illuminate/Database/Connection.php(411): Illuminate\\Database\\Connection->run('select exists (...', Array, Object(Closure))
#15 /Users/aminshojaei/AndroidStudioProjects/Calcuapp/backend/vendor/laravel/framework/src/Illuminate/Database/Connection.php(357): Illuminate\\Database\\Connection->select('select exists (...', Array, true)
#16 /Users/aminshojaei/AndroidStudioProjects/Calcuapp/backend/vendor/laravel/framework/src/Illuminate/Database/Connection.php(374): Illuminate\\Database\\Connection->selectOne('select exists (...', Array, true)
#17 /Users/aminshojaei/AndroidStudioProjects/Calcuapp/backend/vendor/laravel/framework/src/Illuminate/Database/Schema/Builder.php(176): Illuminate\\Database\\Connection->scalar('select exists (...')
#18 /Users/aminshojaei/AndroidStudioProjects/Calcuapp/backend/vendor/laravel/framework/src/Illuminate/Database/Migrations/DatabaseMigrationRepository.php(185): Illuminate\\Database\\Schema\\Builder->hasTable('migrations')
#19 /Users/aminshojaei/AndroidStudioProjects/Calcuapp/backend/vendor/laravel/framework/src/Illuminate/Database/Migrations/Migrator.php(758): Illuminate\\Database\\Migrations\\DatabaseMigrationRepository->repositoryExists()
#20 /Users/aminshojaei/AndroidStudioProjects/Calcuapp/backend/vendor/laravel/framework/src/Illuminate/Database/Console/Migrations/MigrateCommand.php(164): Illuminate\\Database\\Migrations\\Migrator->repositoryExists()
#21 /Users/aminshojaei/AndroidStudioProjects/Calcuapp/backend/vendor/laravel/framework/src/Illuminate/Support/helpers.php(328): Illuminate\\Database\\Console\\Migrations\\MigrateCommand->{closure:Illuminate\\Database\\Console\\Migrations\\MigrateCommand::repositoryExists():164}(1)
#22 /Users/aminshojaei/AndroidStudioProjects/Calcuapp/backend/vendor/laravel/framework/src/Illuminate/Database/Console/Migrations/MigrateCommand.php(164): retry(1, Object(Closure), 0, Object(Closure))
#23 /Users/aminshojaei/AndroidStudioProjects/Calcuapp/backend/vendor/laravel/framework/src/Illuminate/Database/Console/Migrations/MigrateCommand.php(140): Illuminate\\Database\\Console\\Migrations\\MigrateCommand->repositoryExists()
#24 /Users/aminshojaei/AndroidStudioProjects/Calcuapp/backend/vendor/laravel/framework/src/Illuminate/Database/Console/Migrations/MigrateCommand.php(110): Illuminate\\Database\\Console\\Migrations\\MigrateCommand->prepareDatabase()
#25 /Users/aminshojaei/AndroidStudioProjects/Calcuapp/backend/vendor/laravel/framework/src/Illuminate/Database/Migrations/Migrator.php(671): Illuminate\\Database\\Console\\Migrations\\MigrateCommand->{closure:Illuminate\\Database\\Console\\Migrations\\MigrateCommand::runMigrations():109}()
#26 /Users/aminshojaei/AndroidStudioProjects/Calcuapp/backend/vendor/laravel/framework/src/Illuminate/Database/Console/Migrations/MigrateCommand.php(109): Illuminate\\Database\\Migrations\\Migrator->usingConnection(NULL, Object(Closure))
#27 /Users/aminshojaei/AndroidStudioProjects/Calcuapp/backend/vendor/laravel/framework/src/Illuminate/Database/Console/Migrations/MigrateCommand.php(88): Illuminate\\Database\\Console\\Migrations\\MigrateCommand->runMigrations()
#28 /Users/aminshojaei/AndroidStudioProjects/Calcuapp/backend/vendor/laravel/framework/src/Illuminate/Container/BoundMethod.php(36): Illuminate\\Database\\Console\\Migrations\\MigrateCommand->handle()
#29 /Users/aminshojaei/AndroidStudioProjects/Calcuapp/backend/vendor/laravel/framework/src/Illuminate/Container/Util.php(43): Illuminate\\Container\\BoundMethod::{closure:Illuminate\\Container\\BoundMethod::call():35}()
#30 /Users/aminshojaei/AndroidStudioProjects/Calcuapp/backend/vendor/laravel/framework/src/Illuminate/Container/BoundMethod.php(96): Illuminate\\Container\\Util::unwrapIfClosure(Object(Closure))
#31 /Users/aminshojaei/AndroidStudioProjects/Calcuapp/backend/vendor/laravel/framework/src/Illuminate/Container/BoundMethod.php(35): Illuminate\\Container\\BoundMethod::callBoundMethod(Object(Illuminate\\Foundation\\Application), Array, Object(Closure))
#32 /Users/aminshojaei/AndroidStudioProjects/Calcuapp/backend/vendor/laravel/framework/src/Illuminate/Container/Container.php(799): Illuminate\\Container\\BoundMethod::call(Object(Illuminate\\Foundation\\Application), Array, Array, NULL)
#33 /Users/aminshojaei/AndroidStudioProjects/Calcuapp/backend/vendor/laravel/framework/src/Illuminate/Console/Command.php(211): Illuminate\\Container\\Container->call(Array)
#34 /Users/aminshojaei/AndroidStudioProjects/Calcuapp/backend/vendor/symfony/console/Command/Command.php(341): Illuminate\\Console\\Command->execute(Object(Symfony\\Component\\Console\\Input\\ArrayInput), Object(Illuminate\\Console\\OutputStyle))
#35 /Users/aminshojaei/AndroidStudioProjects/Calcuapp/backend/vendor/laravel/framework/src/Illuminate/Console/Command.php(180): Symfony\\Component\\Console\\Command\\Command->run(Object(Symfony\\Component\\Console\\Input\\ArrayInput), Object(Illuminate\\Console\\OutputStyle))
#36 /Users/aminshojaei/AndroidStudioProjects/Calcuapp/backend/vendor/laravel/framework/src/Illuminate/Console/Concerns/CallsCommands.php(68): Illuminate\\Console\\Command->run(Object(Symfony\\Component\\Console\\Input\\ArrayInput), Object(Illuminate\\Console\\OutputStyle))
#37 /Users/aminshojaei/AndroidStudioProjects/Calcuapp/backend/vendor/laravel/framework/src/Illuminate/Console/Concerns/CallsCommands.php(29): Illuminate\\Console\\Command->runCommand('migrate', Array, Object(Illuminate\\Console\\OutputStyle))
#38 /Users/aminshojaei/AndroidStudioProjects/Calcuapp/backend/vendor/laravel/framework/src/Illuminate/Database/Console/Migrations/FreshCommand.php(88): Illuminate\\Console\\Command->call('migrate', Array)
#39 /Users/aminshojaei/AndroidStudioProjects/Calcuapp/backend/vendor/laravel/framework/src/Illuminate/Container/BoundMethod.php(36): Illuminate\\Database\\Console\\Migrations\\FreshCommand->handle()
#40 /Users/aminshojaei/AndroidStudioProjects/Calcuapp/backend/vendor/laravel/framework/src/Illuminate/Container/Util.php(43): Illuminate\\Container\\BoundMethod::{closure:Illuminate\\Container\\BoundMethod::call():35}()
#41 /Users/aminshojaei/AndroidStudioProjects/Calcuapp/backend/vendor/laravel/framework/src/Illuminate/Container/BoundMethod.php(96): Illuminate\\Container\\Util::unwrapIfClosure(Object(Closure))
#42 /Users/aminshojaei/AndroidStudioProjects/Calcuapp/backend/vendor/laravel/framework/src/Illuminate/Container/BoundMethod.php(35): Illuminate\\Container\\BoundMethod::callBoundMethod(Object(Illuminate\\Foundation\\Application), Array, Object(Closure))
#43 /Users/aminshojaei/AndroidStudioProjects/Calcuapp/backend/vendor/laravel/framework/src/Illuminate/Container/Container.php(799): Illuminate\\Container\\BoundMethod::call(Object(Illuminate\\Foundation\\Application), Array, Array, NULL)
#44 /Users/aminshojaei/AndroidStudioProjects/Calcuapp/backend/vendor/laravel/framework/src/Illuminate/Console/Command.php(211): Illuminate\\Container\\Container->call(Array)
#45 /Users/aminshojaei/AndroidStudioProjects/Calcuapp/backend/vendor/symfony/console/Command/Command.php(341): Illuminate\\Console\\Command->execute(Object(Symfony\\Component\\Console\\Input\\ArgvInput), Object(Illuminate\\Console\\OutputStyle))
#46 /Users/aminshojaei/AndroidStudioProjects/Calcuapp/backend/vendor/laravel/framework/src/Illuminate/Console/Command.php(180): Symfony\\Component\\Console\\Command\\Command->run(Object(Symfony\\Component\\Console\\Input\\ArgvInput), Object(Illuminate\\Console\\OutputStyle))
#47 /Users/aminshojaei/AndroidStudioProjects/Calcuapp/backend/vendor/symfony/console/Application.php(1117): Illuminate\\Console\\Command->run(Object(Symfony\\Component\\Console\\Input\\ArgvInput), Object(Symfony\\Component\\Console\\Output\\ConsoleOutput))
#48 /Users/aminshojaei/AndroidStudioProjects/Calcuapp/backend/vendor/symfony/console/Application.php(356): Symfony\\Component\\Console\\Application->doRunCommand(Object(Illuminate\\Database\\Console\\Migrations\\FreshCommand), Object(Symfony\\Component\\Console\\Input\\ArgvInput), Object(Symfony\\Component\\Console\\Output\\ConsoleOutput))
#49 /Users/aminshojaei/AndroidStudioProjects/Calcuapp/backend/vendor/symfony/console/Application.php(195): Symfony\\Component\\Console\\Application->doRun(Object(Symfony\\Component\\Console\\Input\\ArgvInput), Object(Symfony\\Component\\Console\\Output\\ConsoleOutput))
#50 /Users/aminshojaei/AndroidStudioProjects/Calcuapp/backend/vendor/laravel/framework/src/Illuminate/Foundation/Console/Kernel.php(198): Symfony\\Component\\Console\\Application->run(Object(Symfony\\Component\\Console\\Input\\ArgvInput), Object(Symfony\\Component\\Console\\Output\\ConsoleOutput))
#51 /Users/aminshojaei/AndroidStudioProjects/Calcuapp/backend/artisan(13): Illuminate\\Foundation\\Console\\Kernel->handle(Object(Symfony\\Component\\Console\\Input\\ArgvInput), Object(Symfony\\Component\\Console\\Output\\ConsoleOutput))
#52 {main}
"} 
[2026-09-25 14:01:12] local.ERROR: SQLSTATE[08006] [7] could not translate host name "postgres" to address: nodename nor servname provided, or not known (Connection: pgsql, Host: postgres, Port: 5432, Database: calcuapp, SQL: select exists (select 1 from pg_class c, pg_namespace n where n.nspname = current_schema() and c.relname = 'migrations' and c.relkind in ('r', 'p') and n.oid = c.relnamespace)) {"exception":"[object] (Illuminate\\Database\\QueryException(code: 7): SQLSTATE[08006] [7] could not translate host name \"postgres\" to address: nodename nor servname provided, or not known (Connection: pgsql, Host: postgres, Port: 5432, Database: calcuapp, SQL: select exists (select 1 from pg_class c, pg_namespace n where n.nspname = current_schema() and c.relname = 'migrations' and c.relkind in ('r', 'p') and n.oid = c.relnamespace)) at /Users/aminshojaei/AndroidStudioProjects/Calcuapp/backend/vendor/laravel/framework/src/Illuminate/Database/Connection.php:838)
[stacktrace]
#0 /Users/aminshojaei/AndroidStudioProjects/Calcuapp/backend/vendor/laravel/framework/src/Illuminate/Database/Connection.php(999): Illuminate\\Database\\Connection->runQueryCallback('select exists (...', Array, Object(Closure))
#1 /Users/aminshojaei/AndroidStudioProjects/Calcuapp/backend/vendor/laravel/framework/src/Illuminate/Database/Connection.php(978): Illuminate\\Database\\Connection->tryAgainIfCausedByLostConnection(Object(Illuminate\\Database\\QueryException), 'select exists (...', Array, Object(Closure))
#2 /Users/aminshojaei/AndroidStudioProjects/Calcuapp/backend/vendor/laravel/framework/src/Illuminate/Database/Connection.php(796): Illuminate\\Database\\Connection->handleQueryException(Object(Illuminate\\Database\\QueryException), 'select exists (...', Array, Object(Closure))
#3 /Users/aminshojaei/AndroidStudioProjects/Calcuapp/backend/vendor/laravel/framework/src/Illuminate/Database/Connection.php(411): Illuminate\\Database\\Connection->run('select exists (...', Array, Object(Closure))
#4 /Users/aminshojaei/AndroidStudioProjects/Calcuapp/backend/vendor/laravel/framework/src/Illuminate/Database/Connection.php(357): Illuminate\\Database\\Connection->select('select exists (...', Array, true)
#5 /Users/aminshojaei/AndroidStudioProjects/Calcuapp/backend/vendor/laravel/framework/src/Illuminate/Database/Connection.php(374): Illuminate\\Database\\Connection->selectOne('select exists (...', Array, true)
#6 /Users/aminshojaei/AndroidStudioProjects/Calcuapp/backend/vendor/laravel/framework/src/Illuminate/Database/Schema/Builder.php(176): Illuminate\\Database\\Connection->scalar('select exists (...')
#7 /Users/aminshojaei/AndroidStudioProjects/Calcuapp/backend/vendor/laravel/framework/src/Illuminate/Database/Migrations/DatabaseMigrationRepository.php(185): Illuminate\\Database\\Schema\\Builder->hasTable('migrations')
#8 /Users/aminshojaei/AndroidStudioProjects/Calcuapp/backend/vendor/laravel/framework/src/Illuminate/Database/Migrations/Migrator.php(758): Illuminate\\Database\\Migrations\\DatabaseMigrationRepository->repositoryExists()
#9 /Users/aminshojaei/AndroidStudioProjects/Calcuapp/backend/vendor/laravel/framework/src/Illuminate/Database/Console/Migrations/MigrateCommand.php(164): Illuminate\\Database\\Migrations\\Migrator->repositoryExists()
#10 /Users/aminshojaei/AndroidStudioProjects/Calcuapp/backend/vendor/laravel/framework/src/Illuminate/Support/helpers.php(328): Illuminate\\Database\\Console\\Migrations\\MigrateCommand->{closure:Illuminate\\Database\\Console\\Migrations\\MigrateCommand::repositoryExists():164}(1)
#11 /Users/aminshojaei/AndroidStudioProjects/Calcuapp/backend/vendor/laravel/framework/src/Illuminate/Database/Console/Migrations/MigrateCommand.php(164): retry(1, Object(Closure), 0, Object(Closure))
#12 /Users/aminshojaei/AndroidStudioProjects/Calcuapp/backend/vendor/laravel/framework/src/Illuminate/Database/Console/Migrations/MigrateCommand.php(140): Illuminate\\Database\\Console\\Migrations\\MigrateCommand->repositoryExists()
#13 /Users/aminshojaei/AndroidStudioProjects/Calcuapp/backend/vendor/laravel/framework/src/Illuminate/Database/Console/Migrations/MigrateCommand.php(110): Illuminate\\Database\\Console\\Migrations\\MigrateCommand->prepareDatabase()
#14 /Users/aminshojaei/AndroidStudioProjects/Calcuapp/backend/vendor/laravel/framework/src/Illuminate/Database/Migrations/Migrator.php(671): Illuminate\\Database\\Console\\Migrations\\MigrateCommand->{closure:Illuminate\\Database\\Console\\Migrations\\MigrateCommand::runMigrations():109}()
#15 /Users/aminshojaei/AndroidStudioProjects/Calcuapp/backend/vendor/laravel/framework/src/Illuminate/Database/Console/Migrations/MigrateCommand.php(109): Illuminate\\Database\\Migrations\\Migrator->usingConnection(NULL, Object(Closure))
#16 /Users/aminshojaei/AndroidStudioProjects/Calcuapp/backend/vendor/laravel/framework/src/Illuminate/Database/Console/Migrations/MigrateCommand.php(88): Illuminate\\Database\\Console\\Migrations\\MigrateCommand->runMigrations()
#17 /Users/aminshojaei/AndroidStudioProjects/Calcuapp/backend/vendor/laravel/framework/src/Illuminate/Container/BoundMethod.php(36): Illuminate\\Database\\Console\\Migrations\\MigrateCommand->handle()
#18 /Users/aminshojaei/AndroidStudioProjects/Calcuapp/backend/vendor/laravel/framework/src/Illuminate/Container/Util.php(43): Illuminate\\Container\\BoundMethod::{closure:Illuminate\\Container\\BoundMethod::call():35}()
#19 /Users/aminshojaei/AndroidStudioProjects/Calcuapp/backend/vendor/laravel/framework/src/Illuminate/Container/BoundMethod.php(96): Illuminate\\Container\\Util::unwrapIfClosure(Object(Closure))
#20 /Users/aminshojaei/AndroidStudioProjects/Calcuapp/backend/vendor/laravel/framework/src/Illuminate/Container/BoundMethod.php(35): Illuminate\\Container\\BoundMethod::callBoundMethod(Object(Illuminate\\Foundation\\Application), Array, Object(Closure))
#21 /Users/aminshojaei/AndroidStudioProjects/Calcuapp/backend/vendor/laravel/framework/src/Illuminate/Container/Container.php(799): Illuminate\\Container\\BoundMethod::call(Object(Illuminate\\Foundation\\Application), Array, Array, NULL)
#22 /Users/aminshojaei/AndroidStudioProjects/Calcuapp/backend/vendor/laravel/framework/src/Illuminate/Console/Command.php(211): Illuminate\\Container\\Container->call(Array)
#23 /Users/aminshojaei/AndroidStudioProjects/Calcuapp/backend/vendor/symfony/console/Command/Command.php(341): Illuminate\\Console\\Command->execute(Object(Symfony\\Component\\Console\\Input\\ArrayInput), Object(Illuminate\\Console\\OutputStyle))
#24 /Users/aminshojaei/AndroidStudioProjects/Calcuapp/backend/vendor/laravel/framework/src/Illuminate/Console/Command.php(180): Symfony\\Component\\Console\\Command\\Command->run(Object(Symfony\\Component\\Console\\Input\\ArrayInput), Object(Illuminate\\Console\\OutputStyle))
#25 /Users/aminshojaei/AndroidStudioProjects/Calcuapp/backend/vendor/laravel/framework/src/Illuminate/Console/Concerns/CallsCommands.php(68): Illuminate\\Console\\Command->run(Object(Symfony\\Component\\Console\\Input\\ArrayInput), Object(Illuminate\\Console\\OutputStyle))
#26 /Users/aminshojaei/AndroidStudioProjects/Calcuapp/backend/vendor/laravel/framework/src/Illuminate/Console/Concerns/CallsCommands.php(29): Illuminate\\Console\\Command->runCommand('migrate', Array, Object(Illuminate\\Console\\OutputStyle))
#27 /Users/aminshojaei/AndroidStudioProjects/Calcuapp/backend/vendor/laravel/framework/src/Illuminate/Database/Console/Migrations/FreshCommand.php(88): Illuminate\\Console\\Command->call('migrate', Array)
#28 /Users/aminshojaei/AndroidStudioProjects/Calcuapp/backend/vendor/laravel/framework/src/Illuminate/Container/BoundMethod.php(36): Illuminate\\Database\\Console\\Migrations\\FreshCommand->handle()
#29 /Users/aminshojaei/AndroidStudioProjects/Calcuapp/backend/vendor/laravel/framework/src/Illuminate/Container/Util.php(43): Illuminate\\Container\\BoundMethod::{closure:Illuminate\\Container\\BoundMethod::call():35}()
#30 /Users/aminshojaei/AndroidStudioProjects/Calcuapp/backend/vendor/laravel/framework/src/Illuminate/Container/BoundMethod.php(96): Illuminate\\Container\\Util::unwrapIfClosure(Object(Closure))
#31 /Users/aminshojaei/AndroidStudioProjects/Calcuapp/backend/vendor/laravel/framework/src/Illuminate/Container/BoundMethod.php(35): Illuminate\\Container\\BoundMethod::callBoundMethod(Object(Illuminate\\Foundation\\Application), Array, Object(Closure))
#32 /Users/aminshojaei/AndroidStudioProjects/Calcuapp/backend/vendor/laravel/framework/src/Illuminate/Container/Container.php(799): Illuminate\\Container\\BoundMethod::call(Object(Illuminate\\Foundation\\Application), Array, Array, NULL)
#33 /Users/aminshojaei/AndroidStudioProjects/Calcuapp/backend/vendor/laravel/framework/src/Illuminate/Console/Command.php(211): Illuminate\\Container\\Container->call(Array)
#34 /Users/aminshojaei/AndroidStudioProjects/Calcuapp/backend/vendor/symfony/console/Command/Command.php(341): Illuminate\\Console\\Command->execute(Object(Symfony\\Component\\Console\\Input\\ArgvInput), Object(Illuminate\\Console\\OutputStyle))
#35 /Users/aminshojaei/AndroidStudioProjects/Calcuapp/backend/vendor/laravel/framework/src/Illuminate/Console/Command.php(180): Symfony\\Component\\Console\\Command\\Command->run(Object(Symfony\\Component\\Console\\Input\\ArgvInput), Object(Illuminate\\Console\\OutputStyle))
#36 /Users/aminshojaei/AndroidStudioProjects/Calcuapp/backend/vendor/symfony/console/Application.php(1117): Illuminate\\Console\\Command->run(Object(Symfony\\Component\\Console\\Input\\ArgvInput), Object(Symfony\\Component\\Console\\Output\\ConsoleOutput))
#37 /Users/aminshojaei/AndroidStudioProjects/Calcuapp/backend/vendor/symfony/console/Application.php(356): Symfony\\Component\\Console\\Application->doRunCommand(Object(Illuminate\\Database\\Console\\Migrations\\FreshCommand), Object(Symfony\\Component\\Console\\Input\\ArgvInput), Object(Symfony\\Component\\Console\\Output\\ConsoleOutput))
#38 /Users/aminshojaei/AndroidStudioProjects/Calcuapp/backend/vendor/symfony/console/Application.php(195): Symfony\\Component\\Console\\Application->doRun(Object(Symfony\\Component\\Console\\Input\\ArgvInput), Object(Symfony\\Component\\Console\\Output\\ConsoleOutput))
#39 /Users/aminshojaei/AndroidStudioProjects/Calcuapp/backend/vendor/laravel/framework/src/Illuminate/Foundation/Console/Kernel.php(198): Symfony\\Component\\Console\\Application->run(Object(Symfony\\Component\\Console\\Input\\ArgvInput), Object(Symfony\\Component\\Console\\Output\\ConsoleOutput))
#40 /Users/aminshojaei/AndroidStudioProjects/Calcuapp/backend/artisan(13): Illuminate\\Foundation\\Console\\Kernel->handle(Object(Symfony\\Component\\Console\\Input\\ArgvInput), Object(Symfony\\Component\\Console\\Output\\ConsoleOutput))
#41 {main}

[previous exception] [object] (PDOException(code: 7): SQLSTATE[08006] [7] could not translate host name \"postgres\" to address: nodename nor servname provided, or not known at /Users/aminshojaei/AndroidStudioProjects/Calcuapp/backend/vendor/laravel/framework/src/Illuminate/Database/Connectors/Connector.php:67)
[stacktrace]
#0 /Users/aminshojaei/AndroidStudioProjects/Calcuapp/backend/vendor/laravel/framework/src/Illuminate/Database/Connectors/Connector.php(67): PDO::connect('pgsql:host=post...', 'postgres', Object(SensitiveParameterValue), Array)
#1 /Users/aminshojaei/AndroidStudioProjects/Calcuapp/backend/vendor/laravel/framework/src/Illuminate/Database/Connectors/Connector.php(85): Illuminate\\Database\\Connectors\\Connector->createPdoConnection('pgsql:host=post...', 'postgres', Object(SensitiveParameterValue), Array)
#2 /Users/aminshojaei/AndroidStudioProjects/Calcuapp/backend/vendor/laravel/framework/src/Illuminate/Database/Connectors/Connector.php(48): Illuminate\\Database\\Connectors\\Connector->tryAgainIfCausedByLostConnection(Object(PDOException), 'pgsql:host=post...', 'postgres', Object(SensitiveParameterValue), Array)
#3 /Users/aminshojaei/AndroidStudioProjects/Calcuapp/backend/vendor/laravel/framework/src/Illuminate/Database/Connectors/PostgresConnector.php(35): Illuminate\\Database\\Connectors\\Connector->createConnection('pgsql:host=post...', Array, Array)
#4 /Users/aminshojaei/AndroidStudioProjects/Calcuapp/backend/vendor/laravel/framework/src/Illuminate/Database/Connectors/ConnectionFactory.php(186): Illuminate\\Database\\Connectors\\PostgresConnector->connect(Array)
#5 [internal function]: Illuminate\\Database\\Connectors\\ConnectionFactory->{closure:Illuminate\\Database\\Connectors\\ConnectionFactory::createPdoResolverWithHosts():181}()
#6 /Users/aminshojaei/AndroidStudioProjects/Calcuapp/backend/vendor/laravel/framework/src/Illuminate/Database/Connection.php(1257): call_user_func(Object(Closure))
#7 /Users/aminshojaei/AndroidStudioProjects/Calcuapp/backend/vendor/laravel/framework/src/Illuminate/Database/Connection.php(1295): Illuminate\\Database\\Connection->getPdo()
#8 /Users/aminshojaei/AndroidStudioProjects/Calcuapp/backend/vendor/laravel/framework/src/Illuminate/Database/Connection.php(525): Illuminate\\Database\\Connection->getReadPdo()
#9 /Users/aminshojaei/AndroidStudioProjects/Calcuapp/backend/vendor/laravel/framework/src/Illuminate/Database/Connection.php(420): Illuminate\\Database\\Connection->getPdoForSelect(true)
#10 /Users/aminshojaei/AndroidStudioProjects/Calcuapp/backend/vendor/laravel/framework/src/Illuminate/Database/Connection.php(827): Illuminate\\Database\\Connection->{closure:Illuminate\\Database\\Connection::select():411}('select exists (...', Array)
#11 /Users/aminshojaei/AndroidStudioProjects/Calcuapp/backend/vendor/laravel/framework/src/Illuminate/Database/Connection.php(999): Illuminate\\Database\\Connection->runQueryCallback('select exists (...', Array, Object(Closure))
#12 /Users/aminshojaei/AndroidStudioProjects/Calcuapp/backend/vendor/laravel/framework/src/Illuminate/Database/Connection.php(978): Illuminate\\Database\\Connection->tryAgainIfCausedByLostConnection(Object(Illuminate\\Database\\QueryException), 'select exists (...', Array, Object(Closure))
#13 /Users/aminshojaei/AndroidStudioProjects/Calcuapp/backend/vendor/laravel/framework/src/Illuminate/Database/Connection.php(796): Illuminate\\Database\\Connection->handleQueryException(Object(Illuminate\\Database\\QueryException), 'select exists (...', Array, Object(Closure))
#14 /Users/aminshojaei/AndroidStudioProjects/Calcuapp/backend/vendor/laravel/framework/src/Illuminate/Database/Connection.php(411): Illuminate\\Database\\Connection->run('select exists (...', Array, Object(Closure))
#15 /Users/aminshojaei/AndroidStudioProjects/Calcuapp/backend/vendor/laravel/framework/src/Illuminate/Database/Connection.php(357): Illuminate\\Database\\Connection->select('select exists (...', Array, true)
#16 /Users/aminshojaei/AndroidStudioProjects/Calcuapp/backend/vendor/laravel/framework/src/Illuminate/Database/Connection.php(374): Illuminate\\Database\\Connection->selectOne('select exists (...', Array, true)
#17 /Users/aminshojaei/AndroidStudioProjects/Calcuapp/backend/vendor/laravel/framework/src/Illuminate/Database/Schema/Builder.php(176): Illuminate\\Database\\Connection->scalar('select exists (...')
#18 /Users/aminshojaei/AndroidStudioProjects/Calcuapp/backend/vendor/laravel/framework/src/Illuminate/Database/Migrations/DatabaseMigrationRepository.php(185): Illuminate\\Database\\Schema\\Builder->hasTable('migrations')
#19 /Users/aminshojaei/AndroidStudioProjects/Calcuapp/backend/vendor/laravel/framework/src/Illuminate/Database/Migrations/Migrator.php(758): Illuminate\\Database\\Migrations\\DatabaseMigrationRepository->repositoryExists()
#20 /Users/aminshojaei/AndroidStudioProjects/Calcuapp/backend/vendor/laravel/framework/src/Illuminate/Database/Console/Migrations/MigrateCommand.php(164): Illuminate\\Database\\Migrations\\Migrator->repositoryExists()
#21 /Users/aminshojaei/AndroidStudioProjects/Calcuapp/backend/vendor/laravel/framework/src/Illuminate/Support/helpers.php(328): Illuminate\\Database\\Console\\Migrations\\MigrateCommand->{closure:Illuminate\\Database\\Console\\Migrations\\MigrateCommand::repositoryExists():164}(1)
#22 /Users/aminshojaei/AndroidStudioProjects/Calcuapp/backend/vendor/laravel/framework/src/Illuminate/Database/Console/Migrations/MigrateCommand.php(164): retry(1, Object(Closure), 0, Object(Closure))
#23 /Users/aminshojaei/AndroidStudioProjects/Calcuapp/backend/vendor/laravel/framework/src/Illuminate/Database/Console/Migrations/MigrateCommand.php(140): Illuminate\\Database\\Console\\Migrations\\MigrateCommand->repositoryExists()
#24 /Users/aminshojaei/AndroidStudioProjects/Calcuapp/backend/vendor/laravel/framework/src/Illuminate/Database/Console/Migrations/MigrateCommand.php(110): Illuminate\\Database\\Console\\Migrations\\MigrateCommand->prepareDatabase()
#25 /Users/aminshojaei/AndroidStudioProjects/Calcuapp/backend/vendor/laravel/framework/src/Illuminate/Database/Migrations/Migrator.php(671): Illuminate\\Database\\Console\\Migrations\\MigrateCommand->{closure:Illuminate\\Database\\Console\\Migrations\\MigrateCommand::runMigrations():109}()
#26 /Users/aminshojaei/AndroidStudioProjects/Calcuapp/backend/vendor/laravel/framework/src/Illuminate/Database/Console/Migrations/MigrateCommand.php(109): Illuminate\\Database\\Migrations\\Migrator->usingConnection(NULL, Object(Closure))
#27 /Users/aminshojaei/AndroidStudioProjects/Calcuapp/backend/vendor/laravel/framework/src/Illuminate/Database/Console/Migrations/MigrateCommand.php(88): Illuminate\\Database\\Console\\Migrations\\MigrateCommand->runMigrations()
#28 /Users/aminshojaei/AndroidStudioProjects/Calcuapp/backend/vendor/laravel/framework/src/Illuminate/Container/BoundMethod.php(36): Illuminate\\Database\\Console\\Migrations\\MigrateCommand->handle()
#29 /Users/aminshojaei/AndroidStudioProjects/Calcuapp/backend/vendor/laravel/framework/src/Illuminate/Container/Util.php(43): Illuminate\\Container\\BoundMethod::{closure:Illuminate\\Container\\BoundMethod::call():35}()
#30 /Users/aminshojaei/AndroidStudioProjects/Calcuapp/backend/vendor/laravel/framework/src/Illuminate/Container/BoundMethod.php(96): Illuminate\\Container\\Util::unwrapIfClosure(Object(Closure))
#31 /Users/aminshojaei/AndroidStudioProjects/Calcuapp/backend/vendor/laravel/framework/src/Illuminate/Container/BoundMethod.php(35): Illuminate\\Container\\BoundMethod::callBoundMethod(Object(Illuminate\\Foundation\\Application), Array, Object(Closure))
#32 /Users/aminshojaei/AndroidStudioProjects/Calcuapp/backend/vendor/laravel/framework/src/Illuminate/Container/Container.php(799): Illuminate\\Container\\BoundMethod::call(Object(Illuminate\\Foundation\\Application), Array, Array, NULL)
#33 /Users/aminshojaei/AndroidStudioProjects/Calcuapp/backend/vendor/laravel/framework/src/Illuminate/Console/Command.php(211): Illuminate\\Container\\Container->call(Array)
#34 /Users/aminshojaei/AndroidStudioProjects/Calcuapp/backend/vendor/symfony/console/Command/Command.php(341): Illuminate\\Console\\Command->execute(Object(Symfony\\Component\\Console\\Input\\ArrayInput), Object(Illuminate\\Console\\OutputStyle))
#35 /Users/aminshojaei/AndroidStudioProjects/Calcuapp/backend/vendor/laravel/framework/src/Illuminate/Console/Command.php(180): Symfony\\Component\\Console\\Command\\Command->run(Object(Symfony\\Component\\Console\\Input\\ArrayInput), Object(Illuminate\\Console\\OutputStyle))
#36 /Users/aminshojaei/AndroidStudioProjects/Calcuapp/backend/vendor/laravel/framework/src/Illuminate/Console/Concerns/CallsCommands.php(68): Illuminate\\Console\\Command->run(Object(Symfony\\Component\\Console\\Input\\ArrayInput), Object(Illuminate\\Console\\OutputStyle))
#37 /Users/aminshojaei/AndroidStudioProjects/Calcuapp/backend/vendor/laravel/framework/src/Illuminate/Console/Concerns/CallsCommands.php(29): Illuminate\\Console\\Command->runCommand('migrate', Array, Object(Illuminate\\Console\\OutputStyle))
#38 /Users/aminshojaei/AndroidStudioProjects/Calcuapp/backend/vendor/laravel/framework/src/Illuminate/Database/Console/Migrations/FreshCommand.php(88): Illuminate\\Console\\Command->call('migrate', Array)
#39 /Users/aminshojaei/AndroidStudioProjects/Calcuapp/backend/vendor/laravel/framework/src/Illuminate/Container/BoundMethod.php(36): Illuminate\\Database\\Console\\Migrations\\FreshCommand->handle()
#40 /Users/aminshojaei/AndroidStudioProjects/Calcuapp/backend/vendor/laravel/framework/src/Illuminate/Container/Util.php(43): Illuminate\\Container\\BoundMethod::{closure:Illuminate\\Container\\BoundMethod::call():35}()
#41 /Users/aminshojaei/AndroidStudioProjects/Calcuapp/backend/vendor/laravel/framework/src/Illuminate/Container/BoundMethod.php(96): Illuminate\\Container\\Util::unwrapIfClosure(Object(Closure))
#42 /Users/aminshojaei/AndroidStudioProjects/Calcuapp/backend/vendor/laravel/framework/src/Illuminate/Container/BoundMethod.php(35): Illuminate\\Container\\BoundMethod::callBoundMethod(Object(Illuminate\\Foundation\\Application), Array, Object(Closure))
#43 /Users/aminshojaei/AndroidStudioProjects/Calcuapp/backend/vendor/laravel/framework/src/Illuminate/Container/Container.php(799): Illuminate\\Container\\BoundMethod::call(Object(Illuminate\\Foundation\\Application), Array, Array, NULL)
#44 /Users/aminshojaei/AndroidStudioProjects/Calcuapp/backend/vendor/laravel/framework/src/Illuminate/Console/Command.php(211): Illuminate\\Container\\Container->call(Array)
#45 /Users/aminshojaei/AndroidStudioProjects/Calcuapp/backend/vendor/symfony/console/Command/Command.php(341): Illuminate\\Console\\Command->execute(Object(Symfony\\Component\\Console\\Input\\ArgvInput), Object(Illuminate\\Console\\OutputStyle))
#46 /Users/aminshojaei/AndroidStudioProjects/Calcuapp/backend/vendor/laravel/framework/src/Illuminate/Console/Command.php(180): Symfony\\Component\\Console\\Command\\Command->run(Object(Symfony\\Component\\Console\\Input\\ArgvInput), Object(Illuminate\\Console\\OutputStyle))
#47 /Users/aminshojaei/AndroidStudioProjects/Calcuapp/backend/vendor/symfony/console/Application.php(1117): Illuminate\\Console\\Command->run(Object(Symfony\\Component\\Console\\Input\\ArgvInput), Object(Symfony\\Component\\Console\\Output\\ConsoleOutput))
#48 /Users/aminshojaei/AndroidStudioProjects/Calcuapp/backend/vendor/symfony/console/Application.php(356): Symfony\\Component\\Console\\Application->doRunCommand(Object(Illuminate\\Database\\Console\\Migrations\\FreshCommand), Object(Symfony\\Component\\Console\\Input\\ArgvInput), Object(Symfony\\Component\\Console\\Output\\ConsoleOutput))
#49 /Users/aminshojaei/AndroidStudioProjects/Calcuapp/backend/vendor/symfony/console/Application.php(195): Symfony\\Component\\Console\\Application->doRun(Object(Symfony\\Component\\Console\\Input\\ArgvInput), Object(Symfony\\Component\\Console\\Output\\ConsoleOutput))
#50 /Users/aminshojaei/AndroidStudioProjects/Calcuapp/backend/vendor/laravel/framework/src/Illuminate/Foundation/Console/Kernel.php(198): Symfony\\Component\\Console\\Application->run(Object(Symfony\\Component\\Console\\Input\\ArgvInput), Object(Symfony\\Component\\Console\\Output\\ConsoleOutput))
#51 /Users/aminshojaei/AndroidStudioProjects/Calcuapp/backend/artisan(13): Illuminate\\Foundation\\Console\\Kernel->handle(Object(Symfony\\Component\\Console\\Input\\ArgvInput), Object(Symfony\\Component\\Console\\Output\\ConsoleOutput))
#52 {main}
"} 
[2026-09-25 14:01:52] local.ERROR: SQLSTATE[08006] [7] could not translate host name "postgres" to address: nodename nor servname provided, or not known (Connection: pgsql, Host: postgres, Port: 5432, Database: calcuapp, SQL: select exists (select 1 from pg_class c, pg_namespace n where n.nspname = current_schema() and c.relname = 'migrations' and c.relkind in ('r', 'p') and n.oid = c.relnamespace)) {"exception":"[object] (Illuminate\\Database\\QueryException(code: 7): SQLSTATE[08006] [7] could not translate host name \"postgres\" to address: nodename nor servname provided, or not known (Connection: pgsql, Host: postgres, Port: 5432, Database: calcuapp, SQL: select exists (select 1 from pg_class c, pg_namespace n where n.nspname = current_schema() and c.relname = 'migrations' and c.relkind in ('r', 'p') and n.oid = c.relnamespace)) at /Users/aminshojaei/AndroidStudioProjects/Calcuapp/backend/vendor/laravel/framework/src/Illuminate/Database/Connection.php:838)
[stacktrace]
#0 /Users/aminshojaei/AndroidStudioProjects/Calcuapp/backend/vendor/laravel/framework/src/Illuminate/Database/Connection.php(999): Illuminate\\Database\\Connection->runQueryCallback('select exists (...', Array, Object(Closure))
#1 /Users/aminshojaei/AndroidStudioProjects/Calcuapp/backend/vendor/laravel/framework/src/Illuminate/Database/Connection.php(978): Illuminate\\Database\\Connection->tryAgainIfCausedByLostConnection(Object(Illuminate\\Database\\QueryException), 'select exists (...', Array, Object(Closure))
#2 /Users/aminshojaei/AndroidStudioProjects/Calcuapp/backend/vendor/laravel/framework/src/Illuminate/Database/Connection.php(796): Illuminate\\Database\\Connection->handleQueryException(Object(Illuminate\\Database\\QueryException), 'select exists (...', Array, Object(Closure))
#3 /Users/aminshojaei/AndroidStudioProjects/Calcuapp/backend/vendor/laravel/framework/src/Illuminate/Database/Connection.php(411): Illuminate\\Database\\Connection->run('select exists (...', Array, Object(Closure))
#4 /Users/aminshojaei/AndroidStudioProjects/Calcuapp/backend/vendor/laravel/framework/src/Illuminate/Database/Connection.php(357): Illuminate\\Database\\Connection->select('select exists (...', Array, true)
#5 /Users/aminshojaei/AndroidStudioProjects/Calcuapp/backend/vendor/laravel/framework/src/Illuminate/Database/Connection.php(374): Illuminate\\Database\\Connection->selectOne('select exists (...', Array, true)
#6 /Users/aminshojaei/AndroidStudioProjects/Calcuapp/backend/vendor/laravel/framework/src/Illuminate/Database/Schema/Builder.php(176): Illuminate\\Database\\Connection->scalar('select exists (...')
#7 /Users/aminshojaei/AndroidStudioProjects/Calcuapp/backend/vendor/laravel/framework/src/Illuminate/Database/Migrations/DatabaseMigrationRepository.php(185): Illuminate\\Database\\Schema\\Builder->hasTable('migrations')
#8 /Users/aminshojaei/AndroidStudioProjects/Calcuapp/backend/vendor/laravel/framework/src/Illuminate/Database/Migrations/Migrator.php(758): Illuminate\\Database\\Migrations\\DatabaseMigrationRepository->repositoryExists()
#9 /Users/aminshojaei/AndroidStudioProjects/Calcuapp/backend/vendor/laravel/framework/src/Illuminate/Database/Console/Migrations/MigrateCommand.php(164): Illuminate\\Database\\Migrations\\Migrator->repositoryExists()
#10 /Users/aminshojaei/AndroidStudioProjects/Calcuapp/backend/vendor/laravel/framework/src/Illuminate/Support/helpers.php(328): Illuminate\\Database\\Console\\Migrations\\MigrateCommand->{closure:Illuminate\\Database\\Console\\Migrations\\MigrateCommand::repositoryExists():164}(1)
#11 /Users/aminshojaei/AndroidStudioProjects/Calcuapp/backend/vendor/laravel/framework/src/Illuminate/Database/Console/Migrations/MigrateCommand.php(164): retry(1, Object(Closure), 0, Object(Closure))
#12 /Users/aminshojaei/AndroidStudioProjects/Calcuapp/backend/vendor/laravel/framework/src/Illuminate/Database/Console/Migrations/MigrateCommand.php(140): Illuminate\\Database\\Console\\Migrations\\MigrateCommand->repositoryExists()
#13 /Users/aminshojaei/AndroidStudioProjects/Calcuapp/backend/vendor/laravel/framework/src/Illuminate/Database/Console/Migrations/MigrateCommand.php(110): Illuminate\\Database\\Console\\Migrations\\MigrateCommand->prepareDatabase()
#14 /Users/aminshojaei/AndroidStudioProjects/Calcuapp/backend/vendor/laravel/framework/src/Illuminate/Database/Migrations/Migrator.php(671): Illuminate\\Database\\Console\\Migrations\\MigrateCommand->{closure:Illuminate\\Database\\Console\\Migrations\\MigrateCommand::runMigrations():109}()
#15 /Users/aminshojaei/AndroidStudioProjects/Calcuapp/backend/vendor/laravel/framework/src/Illuminate/Database/Console/Migrations/MigrateCommand.php(109): Illuminate\\Database\\Migrations\\Migrator->usingConnection(NULL, Object(Closure))
#16 /Users/aminshojaei/AndroidStudioProjects/Calcuapp/backend/vendor/laravel/framework/src/Illuminate/Database/Console/Migrations/MigrateCommand.php(88): Illuminate\\Database\\Console\\Migrations\\MigrateCommand->runMigrations()
#17 /Users/aminshojaei/AndroidStudioProjects/Calcuapp/backend/vendor/laravel/framework/src/Illuminate/Container/BoundMethod.php(36): Illuminate\\Database\\Console\\Migrations\\MigrateCommand->handle()
#18 /Users/aminshojaei/AndroidStudioProjects/Calcuapp/backend/vendor/laravel/framework/src/Illuminate/Container/Util.php(43): Illuminate\\Container\\BoundMethod::{closure:Illuminate\\Container\\BoundMethod::call():35}()
#19 /Users/aminshojaei/AndroidStudioProjects/Calcuapp/backend/vendor/laravel/framework/src/Illuminate/Container/BoundMethod.php(96): Illuminate\\Container\\Util::unwrapIfClosure(Object(Closure))
#20 /Users/aminshojaei/AndroidStudioProjects/Calcuapp/backend/vendor/laravel/framework/src/Illuminate/Container/BoundMethod.php(35): Illuminate\\Container\\BoundMethod::callBoundMethod(Object(Illuminate\\Foundation\\Application), Array, Object(Closure))
#21 /Users/aminshojaei/AndroidStudioProjects/Calcuapp/backend/vendor/laravel/framework/src/Illuminate/Container/Container.php(799): Illuminate\\Container\\BoundMethod::call(Object(Illuminate\\Foundation\\Application), Array, Array, NULL)
#22 /Users/aminshojaei/AndroidStudioProjects/Calcuapp/backend/vendor/laravel/framework/src/Illuminate/Console/Command.php(211): Illuminate\\Container\\Container->call(Array)
#23 /Users/aminshojaei/AndroidStudioProjects/Calcuapp/backend/vendor/symfony/console/Command/Command.php(341): Illuminate\\Console\\Command->execute(Object(Symfony\\Component\\Console\\Input\\ArrayInput), Object(Illuminate\\Console\\OutputStyle))
#24 /Users/aminshojaei/AndroidStudioProjects/Calcuapp/backend/vendor/laravel/framework/src/Illuminate/Console/Command.php(180): Symfony\\Component\\Console\\Command\\Command->run(Object(Symfony\\Component\\Console\\Input\\ArrayInput), Object(Illuminate\\Console\\OutputStyle))
#25 /Users/aminshojaei/AndroidStudioProjects/Calcuapp/backend/vendor/laravel/framework/src/Illuminate/Console/Concerns/CallsCommands.php(68): Illuminate\\Console\\Command->run(Object(Symfony\\Component\\Console\\Input\\ArrayInput), Object(Illuminate\\Console\\OutputStyle))
#26 /Users/aminshojaei/AndroidStudioProjects/Calcuapp/backend/vendor/laravel/framework/src/Illuminate/Console/Concerns/CallsCommands.php(29): Illuminate\\Console\\Command->runCommand('migrate', Array, Object(Illuminate\\Console\\OutputStyle))
#27 /Users/aminshojaei/AndroidStudioProjects/Calcuapp/backend/vendor/laravel/framework/src/Illuminate/Database/Console/Migrations/FreshCommand.php(88): Illuminate\\Console\\Command->call('migrate', Array)
#28 /Users/aminshojaei/AndroidStudioProjects/Calcuapp/backend/vendor/laravel/framework/src/Illuminate/Container/BoundMethod.php(36): Illuminate\\Database\\Console\\Migrations\\FreshCommand->handle()
#29 /Users/aminshojaei/AndroidStudioProjects/Calcuapp/backend/vendor/laravel/framework/src/Illuminate/Container/Util.php(43): Illuminate\\Container\\BoundMethod::{closure:Illuminate\\Container\\BoundMethod::call():35}()
#30 /Users/aminshojaei/AndroidStudioProjects/Calcuapp/backend/vendor/laravel/framework/src/Illuminate/Container/BoundMethod.php(96): Illuminate\\Container\\Util::unwrapIfClosure(Object(Closure))
#31 /Users/aminshojaei/AndroidStudioProjects/Calcuapp/backend/vendor/laravel/framework/src/Illuminate/Container/BoundMethod.php(35): Illuminate\\Container\\BoundMethod::callBoundMethod(Object(Illuminate\\Foundation\\Application), Array, Object(Closure))
#32 /Users/aminshojaei/AndroidStudioProjects/Calcuapp/backend/vendor/laravel/framework/src/Illuminate/Container/Container.php(799): Illuminate\\Container\\BoundMethod::call(Object(Illuminate\\Foundation\\Application), Array, Array, NULL)
#33 /Users/aminshojaei/AndroidStudioProjects/Calcuapp/backend/vendor/laravel/framework/src/Illuminate/Console/Command.php(211): Illuminate\\Container\\Container->call(Array)
#34 /Users/aminshojaei/AndroidStudioProjects/Calcuapp/backend/vendor/symfony/console/Command/Command.php(341): Illuminate\\Console\\Command->execute(Object(Symfony\\Component\\Console\\Input\\ArgvInput), Object(Illuminate\\Console\\OutputStyle))
#35 /Users/aminshojaei/AndroidStudioProjects/Calcuapp/backend/vendor/laravel/framework/src/Illuminate/Console/Command.php(180): Symfony\\Component\\Console\\Command\\Command->run(Object(Symfony\\Component\\Console\\Input\\ArgvInput), Object(Illuminate\\Console\\OutputStyle))
#36 /Users/aminshojaei/AndroidStudioProjects/Calcuapp/backend/vendor/symfony/console/Application.php(1117): Illuminate\\Console\\Command->run(Object(Symfony\\Component\\Console\\Input\\ArgvInput), Object(Symfony\\Component\\Console\\Output\\ConsoleOutput))
#37 /Users/aminshojaei/AndroidStudioProjects/Calcuapp/backend/vendor/symfony/console/Application.php(356): Symfony\\Component\\Console\\Application->doRunCommand(Object(Illuminate\\Database\\Console\\Migrations\\FreshCommand), Object(Symfony\\Component\\Console\\Input\\ArgvInput), Object(Symfony\\Component\\Console\\Output\\ConsoleOutput))
#38 /Users/aminshojaei/AndroidStudioProjects/Calcuapp/backend/vendor/symfony/console/Application.php(195): Symfony\\Component\\Console\\Application->doRun(Object(Symfony\\Component\\Console\\Input\\ArgvInput), Object(Symfony\\Component\\Console\\Output\\ConsoleOutput))
#39 /Users/aminshojaei/AndroidStudioProjects/Calcuapp/backend/vendor/laravel/framework/src/Illuminate/Foundation/Console/Kernel.php(198): Symfony\\Component\\Console\\Application->run(Object(Symfony\\Component\\Console\\Input\\ArgvInput), Object(Symfony\\Component\\Console\\Output\\ConsoleOutput))
#40 /Users/aminshojaei/AndroidStudioProjects/Calcuapp/backend/artisan(13): Illuminate\\Foundation\\Console\\Kernel->handle(Object(Symfony\\Component\\Console\\Input\\ArgvInput), Object(Symfony\\Component\\Console\\Output\\ConsoleOutput))
#41 {main}

[previous exception] [object] (PDOException(code: 7): SQLSTATE[08006] [7] could not translate host name \"postgres\" to address: nodename nor servname provided, or not known at /Users/aminshojaei/AndroidStudioProjects/Calcuapp/backend/vendor/laravel/framework/src/Illuminate/Database/Connectors/Connector.php:67)
[stacktrace]
#0 /Users/aminshojaei/AndroidStudioProjects/Calcuapp/backend/vendor/laravel/framework/src/Illuminate/Database/Connectors/Connector.php(67): PDO::connect('pgsql:host=post...', 'postgres', Object(SensitiveParameterValue), Array)
#1 /Users/aminshojaei/AndroidStudioProjects/Calcuapp/backend/vendor/laravel/framework/src/Illuminate/Database/Connectors/Connector.php(85): Illuminate\\Database\\Connectors\\Connector->createPdoConnection('pgsql:host=post...', 'postgres', Object(SensitiveParameterValue), Array)
#2 /Users/aminshojaei/AndroidStudioProjects/Calcuapp/backend/vendor/laravel/framework/src/Illuminate/Database/Connectors/Connector.php(48): Illuminate\\Database\\Connectors\\Connector->tryAgainIfCausedByLostConnection(Object(PDOException), 'pgsql:host=post...', 'postgres', Object(SensitiveParameterValue), Array)
#3 /Users/aminshojaei/AndroidStudioProjects/Calcuapp/backend/vendor/laravel/framework/src/Illuminate/Database/Connectors/PostgresConnector.php(35): Illuminate\\Database\\Connectors\\Connector->createConnection('pgsql:host=post...', Array, Array)
#4 /Users/aminshojaei/AndroidStudioProjects/Calcuapp/backend/vendor/laravel/framework/src/Illuminate/Database/Connectors/ConnectionFactory.php(186): Illuminate\\Database\\Connectors\\PostgresConnector->connect(Array)
#5 [internal function]: Illuminate\\Database\\Connectors\\ConnectionFactory->{closure:Illuminate\\Database\\Connectors\\ConnectionFactory::createPdoResolverWithHosts():181}()
#6 /Users/aminshojaei/AndroidStudioProjects/Calcuapp/backend/vendor/laravel/framework/src/Illuminate/Database/Connection.php(1257): call_user_func(Object(Closure))
#7 /Users/aminshojaei/AndroidStudioProjects/Calcuapp/backend/vendor/laravel/framework/src/Illuminate/Database/Connection.php(1295): Illuminate\\Database\\Connection->getPdo()
#8 /Users/aminshojaei/AndroidStudioProjects/Calcuapp/backend/vendor/laravel/framework/src/Illuminate/Database/Connection.php(525): Illuminate\\Database\\Connection->getReadPdo()
#9 /Users/aminshojaei/AndroidStudioProjects/Calcuapp/backend/vendor/laravel/framework/src/Illuminate/Database/Connection.php(420): Illuminate\\Database\\Connection->getPdoForSelect(true)
#10 /Users/aminshojaei/AndroidStudioProjects/Calcuapp/backend/vendor/laravel/framework/src/Illuminate/Database/Connection.php(827): Illuminate\\Database\\Connection->{closure:Illuminate\\Database\\Connection::select():411}('select exists (...', Array)
#11 /Users/aminshojaei/AndroidStudioProjects/Calcuapp/backend/vendor/laravel/framework/src/Illuminate/Database/Connection.php(999): Illuminate\\Database\\Connection->runQueryCallback('select exists (...', Array, Object(Closure))
#12 /Users/aminshojaei/AndroidStudioProjects/Calcuapp/backend/vendor/laravel/framework/src/Illuminate/Database/Connection.php(978): Illuminate\\Database\\Connection->tryAgainIfCausedByLostConnection(Object(Illuminate\\Database\\QueryException), 'select exists (...', Array, Object(Closure))
#13 /Users/aminshojaei/AndroidStudioProjects/Calcuapp/backend/vendor/laravel/framework/src/Illuminate/Database/Connection.php(796): Illuminate\\Database\\Connection->handleQueryException(Object(Illuminate\\Database\\QueryException), 'select exists (...', Array, Object(Closure))
#14 /Users/aminshojaei/AndroidStudioProjects/Calcuapp/backend/vendor/laravel/framework/src/Illuminate/Database/Connection.php(411): Illuminate\\Database\\Connection->run('select exists (...', Array, Object(Closure))
#15 /Users/aminshojaei/AndroidStudioProjects/Calcuapp/backend/vendor/laravel/framework/src/Illuminate/Database/Connection.php(357): Illuminate\\Database\\Connection->select('select exists (...', Array, true)
#16 /Users/aminshojaei/AndroidStudioProjects/Calcuapp/backend/vendor/laravel/framework/src/Illuminate/Database/Connection.php(374): Illuminate\\Database\\Connection->selectOne('select exists (...', Array, true)
#17 /Users/aminshojaei/AndroidStudioProjects/Calcuapp/backend/vendor/laravel/framework/src/Illuminate/Database/Schema/Builder.php(176): Illuminate\\Database\\Connection->scalar('select exists (...')
#18 /Users/aminshojaei/AndroidStudioProjects/Calcuapp/backend/vendor/laravel/framework/src/Illuminate/Database/Migrations/DatabaseMigrationRepository.php(185): Illuminate\\Database\\Schema\\Builder->hasTable('migrations')
#19 /Users/aminshojaei/AndroidStudioProjects/Calcuapp/backend/vendor/laravel/framework/src/Illuminate/Database/Migrations/Migrator.php(758): Illuminate\\Database\\Migrations\\DatabaseMigrationRepository->repositoryExists()
#20 /Users/aminshojaei/AndroidStudioProjects/Calcuapp/backend/vendor/laravel/framework/src/Illuminate/Database/Console/Migrations/MigrateCommand.php(164): Illuminate\\Database\\Migrations\\Migrator->repositoryExists()
#21 /Users/aminshojaei/AndroidStudioProjects/Calcuapp/backend/vendor/laravel/framework/src/Illuminate/Support/helpers.php(328): Illuminate\\Database\\Console\\Migrations\\MigrateCommand->{closure:Illuminate\\Database\\Console\\Migrations\\MigrateCommand::repositoryExists():164}(1)
#22 /Users/aminshojaei/AndroidStudioProjects/Calcuapp/backend/vendor/laravel/framework/src/Illuminate/Database/Console/Migrations/MigrateCommand.php(164): retry(1, Object(Closure), 0, Object(Closure))
#23 /Users/aminshojaei/AndroidStudioProjects/Calcuapp/backend/vendor/laravel/framework/src/Illuminate/Database/Console/Migrations/MigrateCommand.php(140): Illuminate\\Database\\Console\\Migrations\\MigrateCommand->repositoryExists()
#24 /Users/aminshojaei/AndroidStudioProjects/Calcuapp/backend/vendor/laravel/framework/src/Illuminate/Database/Console/Migrations/MigrateCommand.php(110): Illuminate\\Database\\Console\\Migrations\\MigrateCommand->prepareDatabase()
#25 /Users/aminshojaei/AndroidStudioProjects/Calcuapp/backend/vendor/laravel/framework/src/Illuminate/Database/Migrations/Migrator.php(671): Illuminate\\Database\\Console\\Migrations\\MigrateCommand->{closure:Illuminate\\Database\\Console\\Migrations\\MigrateCommand::runMigrations():109}()
#26 /Users/aminshojaei/AndroidStudioProjects/Calcuapp/backend/vendor/laravel/framework/src/Illuminate/Database/Console/Migrations/MigrateCommand.php(109): Illuminate\\Database\\Migrations\\Migrator->usingConnection(NULL, Object(Closure))
#27 /Users/aminshojaei/AndroidStudioProjects/Calcuapp/backend/vendor/laravel/framework/src/Illuminate/Database/Console/Migrations/MigrateCommand.php(88): Illuminate\\Database\\Console\\Migrations\\MigrateCommand->runMigrations()
#28 /Users/aminshojaei/AndroidStudioProjects/Calcuapp/backend/vendor/laravel/framework/src/Illuminate/Container/BoundMethod.php(36): Illuminate\\Database\\Console\\Migrations\\MigrateCommand->handle()
#29 /Users/aminshojaei/AndroidStudioProjects/Calcuapp/backend/vendor/laravel/framework/src/Illuminate/Container/Util.php(43): Illuminate\\Container\\BoundMethod::{closure:Illuminate\\Container\\BoundMethod::call():35}()
#30 /Users/aminshojaei/AndroidStudioProjects/Calcuapp/backend/vendor/laravel/framework/src/Illuminate/Container/BoundMethod.php(96): Illuminate\\Container\\Util::unwrapIfClosure(Object(Closure))
#31 /Users/aminshojaei/AndroidStudioProjects/Calcuapp/backend/vendor/laravel/framework/src/Illuminate/Container/BoundMethod.php(35): Illuminate\\Container\\BoundMethod::callBoundMethod(Object(Illuminate\\Foundation\\Application), Array, Object(Closure))
#32 /Users/aminshojaei/AndroidStudioProjects/Calcuapp/backend/vendor/laravel/framework/src/Illuminate/Container/Container.php(799): Illuminate\\Container\\BoundMethod::call(Object(Illuminate\\Foundation\\Application), Array, Array, NULL)
#33 /Users/aminshojaei/AndroidStudioProjects/Calcuapp/backend/vendor/laravel/framework/src/Illuminate/Console/Command.php(211): Illuminate\\Container\\Container->call(Array)
#34 /Users/aminshojaei/AndroidStudioProjects/Calcuapp/backend/vendor/symfony/console/Command/Command.php(341): Illuminate\\Console\\Command->execute(Object(Symfony\\Component\\Console\\Input\\ArrayInput), Object(Illuminate\\Console\\OutputStyle))
#35 /Users/aminshojaei/AndroidStudioProjects/Calcuapp/backend/vendor/laravel/framework/src/Illuminate/Console/Command.php(180): Symfony\\Component\\Console\\Command\\Command->run(Object(Symfony\\Component\\Console\\Input\\ArrayInput), Object(Illuminate\\Console\\OutputStyle))
#36 /Users/aminshojaei/AndroidStudioProjects/Calcuapp/backend/vendor/laravel/framework/src/Illuminate/Console/Concerns/CallsCommands.php(68): Illuminate\\Console\\Command->run(Object(Symfony\\Component\\Console\\Input\\ArrayInput), Object(Illuminate\\Console\\OutputStyle))
#37 /Users/aminshojaei/AndroidStudioProjects/Calcuapp/backend/vendor/laravel/framework/src/Illuminate/Console/Concerns/CallsCommands.php(29): Illuminate\\Console\\Command->runCommand('migrate', Array, Object(Illuminate\\Console\\OutputStyle))
#38 /Users/aminshojaei/AndroidStudioProjects/Calcuapp/backend/vendor/laravel/framework/src/Illuminate/Database/Console/Migrations/FreshCommand.php(88): Illuminate\\Console\\Command->call('migrate', Array)
#39 /Users/aminshojaei/AndroidStudioProjects/Calcuapp/backend/vendor/laravel/framework/src/Illuminate/Container/BoundMethod.php(36): Illuminate\\Database\\Console\\Migrations\\FreshCommand->handle()
#40 /Users/aminshojaei/AndroidStudioProjects/Calcuapp/backend/vendor/laravel/framework/src/Illuminate/Container/Util.php(43): Illuminate\\Container\\BoundMethod::{closure:Illuminate\\Container\\BoundMethod::call():35}()
#41 /Users/aminshojaei/AndroidStudioProjects/Calcuapp/backend/vendor/laravel/framework/src/Illuminate/Container/BoundMethod.php(96): Illuminate\\Container\\Util::unwrapIfClosure(Object(Closure))
#42 /Users/aminshojaei/AndroidStudioProjects/Calcuapp/backend/vendor/laravel/framework/src/Illuminate/Container/BoundMethod.php(35): Illuminate\\Container\\BoundMethod::callBoundMethod(Object(Illuminate\\Foundation\\Application), Array, Object(Closure))
#43 /Users/aminshojaei/AndroidStudioProjects/Calcuapp/backend/vendor/laravel/framework/src/Illuminate/Container/Container.php(799): Illuminate\\Container\\BoundMethod::call(Object(Illuminate\\Foundation\\Application), Array, Array, NULL)
#44 /Users/aminshojaei/AndroidStudioProjects/Calcuapp/backend/vendor/laravel/framework/src/Illuminate/Console/Command.php(211): Illuminate\\Container\\Container->call(Array)
#45 /Users/aminshojaei/AndroidStudioProjects/Calcuapp/backend/vendor/symfony/console/Command/Command.php(341): Illuminate\\Console\\Command->execute(Object(Symfony\\Component\\Console\\Input\\ArgvInput), Object(Illuminate\\Console\\OutputStyle))
#46 /Users/aminshojaei/AndroidStudioProjects/Calcuapp/backend/vendor/laravel/framework/src/Illuminate/Console/Command.php(180): Symfony\\Component\\Console\\Command\\Command->run(Object(Symfony\\Component\\Console\\Input\\ArgvInput), Object(Illuminate\\Console\\OutputStyle))
#47 /Users/aminshojaei/AndroidStudioProjects/Calcuapp/backend/vendor/symfony/console/Application.php(1117): Illuminate\\Console\\Command->run(Object(Symfony\\Component\\Console\\Input\\ArgvInput), Object(Symfony\\Component\\Console\\Output\\ConsoleOutput))
#48 /Users/aminshojaei/AndroidStudioProjects/Calcuapp/backend/vendor/symfony/console/Application.php(356): Symfony\\Component\\Console\\Application->doRunCommand(Object(Illuminate\\Database\\Console\\Migrations\\FreshCommand), Object(Symfony\\Component\\Console\\Input\\ArgvInput), Object(Symfony\\Component\\Console\\Output\\ConsoleOutput))
#49 /Users/aminshojaei/AndroidStudioProjects/Calcuapp/backend/vendor/symfony/console/Application.php(195): Symfony\\Component\\Console\\Application->doRun(Object(Symfony\\Component\\Console\\Input\\ArgvInput), Object(Symfony\\Component\\Console\\Output\\ConsoleOutput))
#50 /Users/aminshojaei/AndroidStudioProjects/Calcuapp/backend/vendor/laravel/framework/src/Illuminate/Foundation/Console/Kernel.php(198): Symfony\\Component\\Console\\Application->run(Object(Symfony\\Component\\Console\\Input\\ArgvInput), Object(Symfony\\Component\\Console\\Output\\ConsoleOutput))
#51 /Users/aminshojaei/AndroidStudioProjects/Calcuapp/backend/artisan(13): Illuminate\\Foundation\\Console\\Kernel->handle(Object(Symfony\\Component\\Console\\Input\\ArgvInput), Object(Symfony\\Component\\Console\\Output\\ConsoleOutput))
#52 {main}
"} 
[2026-10-01 07:59:21] local.ERROR: SQLSTATE[23000]: Integrity constraint violation: 19 FOREIGN KEY constraint failed (Connection: sqlite, Database: database/database.sqlite, SQL: insert into "products" ("id", "organization_id", "sku", "barcode", "name", "description", "price", "cost_price", "category", "unit", "image_url", "updated_at", "created_at") values (ee7bf083-0f60-4893-85b8-7f5f4bb0a461, , SKU-7980, jcjh.jhcj, hgnjbk, , 14860000, 14850000, عمومی, pcs, , 2026-10-01 07:59:21, 2026-10-01 07:59:21)) {"exception":"[object] (Illuminate\\Database\\QueryException(code: 23000): SQLSTATE[23000]: Integrity constraint violation: 19 FOREIGN KEY constraint failed (Connection: sqlite, Database: database/database.sqlite, SQL: insert into \"products\" (\"id\", \"organization_id\", \"sku\", \"barcode\", \"name\", \"description\", \"price\", \"cost_price\", \"category\", \"unit\", \"image_url\", \"updated_at\", \"created_at\") values (ee7bf083-0f60-4893-85b8-7f5f4bb0a461, , SKU-7980, jcjh.jhcj, hgnjbk, , 14860000, 14850000, عمومی, pcs, , 2026-10-01 07:59:21, 2026-10-01 07:59:21)) at /Users/aminshojaei/AndroidStudioProjects/Calcuapp/backend/vendor/laravel/framework/src/Illuminate/Database/Connection.php:838)
[stacktrace]
#0 /Users/aminshojaei/AndroidStudioProjects/Calcuapp/backend/vendor/laravel/framework/src/Illuminate/Database/Connection.php(794): Illuminate\\Database\\Connection->runQueryCallback('insert into \"pr...', Array, Object(Closure))
#1 /Users/aminshojaei/AndroidStudioProjects/Calcuapp/backend/vendor/laravel/framework/src/Illuminate/Database/Connection.php(573): Illuminate\\Database\\Connection->run('insert into \"pr...', Array, Object(Closure))
#2 /Users/aminshojaei/AndroidStudioProjects/Calcuapp/backend/vendor/laravel/framework/src/Illuminate/Database/Connection.php(537): Illuminate\\Database\\Connection->statement('insert into \"pr...', Array)
#3 /Users/aminshojaei/AndroidStudioProjects/Calcuapp/backend/vendor/laravel/framework/src/Illuminate/Database/Query/Builder.php(4121): Illuminate\\Database\\Connection->insert('insert into \"pr...', Array)
#4 /Users/aminshojaei/AndroidStudioProjects/Calcuapp/backend/vendor/laravel/framework/src/Illuminate/Database/Eloquent/Builder.php(2237): Illuminate\\Database\\Query\\Builder->insert(Array)
#5 /Users/aminshojaei/AndroidStudioProjects/Calcuapp/backend/vendor/laravel/framework/src/Illuminate/Database/Eloquent/Model.php(1412): Illuminate\\Database\\Eloquent\\Builder->__call('insert', Array)
#6 /Users/aminshojaei/AndroidStudioProjects/Calcuapp/backend/vendor/laravel/framework/src/Illuminate/Database/Eloquent/Model.php(1240): Illuminate\\Database\\Eloquent\\Model->performInsert(Object(Illuminate\\Database\\Eloquent\\Builder))
#7 /Users/aminshojaei/AndroidStudioProjects/Calcuapp/backend/vendor/laravel/framework/src/Illuminate/Database/Eloquent/Builder.php(1219): Illuminate\\Database\\Eloquent\\Model->save()
#8 /Users/aminshojaei/AndroidStudioProjects/Calcuapp/backend/vendor/laravel/framework/src/Illuminate/Support/helpers.php(393): Illuminate\\Database\\Eloquent\\Builder->{closure:Illuminate\\Database\\Eloquent\\Builder::create():1218}(Object(App\\Models\\Product))
#9 /Users/aminshojaei/AndroidStudioProjects/Calcuapp/backend/vendor/laravel/framework/src/Illuminate/Database/Eloquent/Builder.php(1218): tap(Object(App\\Models\\Product), Object(Closure))
#10 /Users/aminshojaei/AndroidStudioProjects/Calcuapp/backend/vendor/laravel/framework/src/Illuminate/Support/Traits/ForwardsCalls.php(23): Illuminate\\Database\\Eloquent\\Builder->create(Array)
#11 /Users/aminshojaei/AndroidStudioProjects/Calcuapp/backend/vendor/laravel/framework/src/Illuminate/Database/Eloquent/Model.php(2544): Illuminate\\Database\\Eloquent\\Model->forwardCallTo(Object(Illuminate\\Database\\Eloquent\\Builder), 'create', Array)
#12 /Users/aminshojaei/AndroidStudioProjects/Calcuapp/backend/vendor/laravel/framework/src/Illuminate/Database/Eloquent/Model.php(2560): Illuminate\\Database\\Eloquent\\Model->__call('create', Array)
#13 /Users/aminshojaei/AndroidStudioProjects/Calcuapp/backend/app/Http/Controllers/Api/ProductController.php(71): Illuminate\\Database\\Eloquent\\Model::__callStatic('create', Array)
#14 /Users/aminshojaei/AndroidStudioProjects/Calcuapp/backend/vendor/laravel/framework/src/Illuminate/Routing/ControllerDispatcher.php(46): App\\Http\\Controllers\\Api\\ProductController->store(Object(Illuminate\\Http\\Request))
#15 /Users/aminshojaei/AndroidStudioProjects/Calcuapp/backend/vendor/laravel/framework/src/Illuminate/Routing/Route.php(265): Illuminate\\Routing\\ControllerDispatcher->dispatch(Object(Illuminate\\Routing\\Route), Object(App\\Http\\Controllers\\Api\\ProductController), 'store')
#16 /Users/aminshojaei/AndroidStudioProjects/Calcuapp/backend/vendor/laravel/framework/src/Illuminate/Routing/Route.php(211): Illuminate\\Routing\\Route->runController()
#17 /Users/aminshojaei/AndroidStudioProjects/Calcuapp/backend/vendor/laravel/framework/src/Illuminate/Routing/Router.php(822): Illuminate\\Routing\\Route->run()
#18 /Users/aminshojaei/AndroidStudioProjects/Calcuapp/backend/vendor/laravel/framework/src/Illuminate/Pipeline/Pipeline.php(180): Illuminate\\Routing\\Router->{closure:Illuminate\\Routing\\Router::runRouteWithinStack():821}(Object(Illuminate\\Http\\Request))
#19 /Users/aminshojaei/AndroidStudioProjects/Calcuapp/backend/app/Http/Middleware/IdempotencyMiddleware.php(18): Illuminate\\Pipeline\\Pipeline->{closure:Illuminate\\Pipeline\\Pipeline::prepareDestination():178}(Object(Illuminate\\Http\\Request))
#20 /Users/aminshojaei/AndroidStudioProjects/Calcuapp/backend/vendor/laravel/framework/src/Illuminate/Pipeline/Pipeline.php(219): App\\Http\\Middleware\\IdempotencyMiddleware->handle(Object(Illuminate\\Http\\Request), Object(Closure))
#21 /Users/aminshojaei/AndroidStudioProjects/Calcuapp/backend/app/Http/Middleware/TenantMiddleware.php(53): Illuminate\\Pipeline\\Pipeline->{closure:{closure:Illuminate\\Pipeline\\Pipeline::carry():194}:195}(Object(Illuminate\\Http\\Request))
#22 /Users/aminshojaei/AndroidStudioProjects/Calcuapp/backend/vendor/laravel/framework/src/Illuminate/Pipeline/Pipeline.php(219): App\\Http\\Middleware\\TenantMiddleware->handle(Object(Illuminate\\Http\\Request), Object(Closure))
#23 /Users/aminshojaei/AndroidStudioProjects/Calcuapp/backend/vendor/laravel/framework/src/Illuminate/Routing/Middleware/SubstituteBindings.php(50): Illuminate\\Pipeline\\Pipeline->{closure:{closure:Illuminate\\Pipeline\\Pipeline::carry():194}:195}(Object(Illuminate\\Http\\Request))
#24 /Users/aminshojaei/AndroidStudioProjects/Calcuapp/backend/vendor/laravel/framework/src/Illuminate/Pipeline/Pipeline.php(219): Illuminate\\Routing\\Middleware\\SubstituteBindings->handle(Object(Illuminate\\Http\\Request), Object(Closure))
#25 /Users/aminshojaei/AndroidStudioProjects/Calcuapp/backend/vendor/laravel/framework/src/Illuminate/Pipeline/Pipeline.php(137): Illuminate\\Pipeline\\Pipeline->{closure:{closure:Illuminate\\Pipeline\\Pipeline::carry():194}:195}(Object(Illuminate\\Http\\Request))
#26 /Users/aminshojaei/AndroidStudioProjects/Calcuapp/backend/vendor/laravel/framework/src/Illuminate/Routing/Router.php(821): Illuminate\\Pipeline\\Pipeline->then(Object(Closure))
#27 /Users/aminshojaei/AndroidStudioProjects/Calcuapp/backend/vendor/laravel/framework/src/Illuminate/Routing/Router.php(800): Illuminate\\Routing\\Router->runRouteWithinStack(Object(Illuminate\\Routing\\Route), Object(Illuminate\\Http\\Request))
#28 /Users/aminshojaei/AndroidStudioProjects/Calcuapp/backend/vendor/laravel/framework/src/Illuminate/Routing/Router.php(764): Illuminate\\Routing\\Router->runRoute(Object(Illuminate\\Http\\Request), Object(Illuminate\\Routing\\Route))
#29 /Users/aminshojaei/AndroidStudioProjects/Calcuapp/backend/vendor/laravel/framework/src/Illuminate/Routing/Router.php(753): Illuminate\\Routing\\Router->dispatchToRoute(Object(Illuminate\\Http\\Request))
#30 /Users/aminshojaei/AndroidStudioProjects/Calcuapp/backend/vendor/laravel/framework/src/Illuminate/Foundation/Http/Kernel.php(200): Illuminate\\Routing\\Router->dispatch(Object(Illuminate\\Http\\Request))
#31 /Users/aminshojaei/AndroidStudioProjects/Calcuapp/backend/vendor/laravel/framework/src/Illuminate/Pipeline/Pipeline.php(180): Illuminate\\Foundation\\Http\\Kernel->{closure:Illuminate\\Foundation\\Http\\Kernel::dispatchToRouter():197}(Object(Illuminate\\Http\\Request))
#32 /Users/aminshojaei/AndroidStudioProjects/Calcuapp/backend/vendor/laravel/framework/src/Illuminate/Foundation/Http/Middleware/TransformsRequest.php(21): Illuminate\\Pipeline\\Pipeline->{closure:Illuminate\\Pipeline\\Pipeline::prepareDestination():178}(Object(Illuminate\\Http\\Request))
#33 /Users/aminshojaei/AndroidStudioProjects/Calcuapp/backend/vendor/laravel/framework/src/Illuminate/Foundation/Http/Middleware/ConvertEmptyStringsToNull.php(31): Illuminate\\Foundation\\Http\\Middleware\\TransformsRequest->handle(Object(Illuminate\\Http\\Request), Object(Closure))
#34 /Users/aminshojaei/AndroidStudioProjects/Calcuapp/backend/vendor/laravel/framework/src/Illuminate/Pipeline/Pipeline.php(219): Illuminate\\Foundation\\Http\\Middleware\\ConvertEmptyStringsToNull->handle(Object(Illuminate\\Http\\Request), Object(Closure))
#35 /Users/aminshojaei/AndroidStudioProjects/Calcuapp/backend/vendor/laravel/framework/src/Illuminate/Foundation/Http/Middleware/TransformsRequest.php(21): Illuminate\\Pipeline\\Pipeline->{closure:{closure:Illuminate\\Pipeline\\Pipeline::carry():194}:195}(Object(Illuminate\\Http\\Request))
#36 /Users/aminshojaei/AndroidStudioProjects/Calcuapp/backend/vendor/laravel/framework/src/Illuminate/Foundation/Http/Middleware/TrimStrings.php(51): Illuminate\\Foundation\\Http\\Middleware\\TransformsRequest->handle(Object(Illuminate\\Http\\Request), Object(Closure))
#37 /Users/aminshojaei/AndroidStudioProjects/Calcuapp/backend/vendor/laravel/framework/src/Illuminate/Pipeline/Pipeline.php(219): Illuminate\\Foundation\\Http\\Middleware\\TrimStrings->handle(Object(Illuminate\\Http\\Request), Object(Closure))
#38 /Users/aminshojaei/AndroidStudioProjects/Calcuapp/backend/vendor/laravel/framework/src/Illuminate/Http/Middleware/ValidatePostSize.php(27): Illuminate\\Pipeline\\Pipeline->{closure:{closure:Illuminate\\Pipeline\\Pipeline::carry():194}:195}(Object(Illuminate\\Http\\Request))
#39 /Users/aminshojaei/AndroidStudioProjects/Calcuapp/backend/vendor/laravel/framework/src/Illuminate/Pipeline/Pipeline.php(219): Illuminate\\Http\\Middleware\\ValidatePostSize->handle(Object(Illuminate\\Http\\Request), Object(Closure))
#40 /Users/aminshojaei/AndroidStudioProjects/Calcuapp/backend/vendor/laravel/framework/src/Illuminate/Foundation/Http/Middleware/PreventRequestsDuringMaintenance.php(109): Illuminate\\Pipeline\\Pipeline->{closure:{closure:Illuminate\\Pipeline\\Pipeline::carry():194}:195}(Object(Illuminate\\Http\\Request))
#41 /Users/aminshojaei/AndroidStudioProjects/Calcuapp/backend/vendor/laravel/framework/src/Illuminate/Pipeline/Pipeline.php(219): Illuminate\\Foundation\\Http\\Middleware\\PreventRequestsDuringMaintenance->handle(Object(Illuminate\\Http\\Request), Object(Closure))
#42 /Users/aminshojaei/AndroidStudioProjects/Calcuapp/backend/vendor/laravel/framework/src/Illuminate/Http/Middleware/HandleCors.php(74): Illuminate\\Pipeline\\Pipeline->{closure:{closure:Illuminate\\Pipeline\\Pipeline::carry():194}:195}(Object(Illuminate\\Http\\Request))
#43 /Users/aminshojaei/AndroidStudioProjects/Calcuapp/backend/vendor/laravel/framework/src/Illuminate/Pipeline/Pipeline.php(219): Illuminate\\Http\\Middleware\\HandleCors->handle(Object(Illuminate\\Http\\Request), Object(Closure))
#44 /Users/aminshojaei/AndroidStudioProjects/Calcuapp/backend/vendor/laravel/framework/src/Illuminate/Http/Middleware/TrustProxies.php(58): Illuminate\\Pipeline\\Pipeline->{closure:{closure:Illuminate\\Pipeline\\Pipeline::carry():194}:195}(Object(Illuminate\\Http\\Request))
#45 /Users/aminshojaei/AndroidStudioProjects/Calcuapp/backend/vendor/laravel/framework/src/Illuminate/Pipeline/Pipeline.php(219): Illuminate\\Http\\Middleware\\TrustProxies->handle(Object(Illuminate\\Http\\Request), Object(Closure))
#46 /Users/aminshojaei/AndroidStudioProjects/Calcuapp/backend/vendor/laravel/framework/src/Illuminate/Foundation/Http/Middleware/InvokeDeferredCallbacks.php(22): Illuminate\\Pipeline\\Pipeline->{closure:{closure:Illuminate\\Pipeline\\Pipeline::carry():194}:195}(Object(Illuminate\\Http\\Request))
#47 /Users/aminshojaei/AndroidStudioProjects/Calcuapp/backend/vendor/laravel/framework/src/Illuminate/Pipeline/Pipeline.php(219): Illuminate\\Foundation\\Http\\Middleware\\InvokeDeferredCallbacks->handle(Object(Illuminate\\Http\\Request), Object(Closure))
#48 /Users/aminshojaei/AndroidStudioProjects/Calcuapp/backend/vendor/laravel/framework/src/Illuminate/Http/Middleware/ValidatePathEncoding.php(26): Illuminate\\Pipeline\\Pipeline->{closure:{closure:Illuminate\\Pipeline\\Pipeline::carry():194}:195}(Object(Illuminate\\Http\\Request))
#49 /Users/aminshojaei/AndroidStudioProjects/Calcuapp/backend/vendor/laravel/framework/src/Illuminate/Pipeline/Pipeline.php(219): Illuminate\\Http\\Middleware\\ValidatePathEncoding->handle(Object(Illuminate\\Http\\Request), Object(Closure))
#50 /Users/aminshojaei/AndroidStudioProjects/Calcuapp/backend/vendor/laravel/framework/src/Illuminate/Pipeline/Pipeline.php(137): Illuminate\\Pipeline\\Pipeline->{closure:{closure:Illuminate\\Pipeline\\Pipeline::carry():194}:195}(Object(Illuminate\\Http\\Request))
#51 /Users/aminshojaei/AndroidStudioProjects/Calcuapp/backend/vendor/laravel/framework/src/Illuminate/Foundation/Http/Kernel.php(175): Illuminate\\Pipeline\\Pipeline->then(Object(Closure))
#52 /Users/aminshojaei/AndroidStudioProjects/Calcuapp/backend/vendor/laravel/framework/src/Illuminate/Foundation/Http/Kernel.php(144): Illuminate\\Foundation\\Http\\Kernel->sendRequestThroughRouter(Object(Illuminate\\Http\\Request))
#53 /Users/aminshojaei/AndroidStudioProjects/Calcuapp/backend/vendor/laravel/framework/src/Illuminate/Foundation/Application.php(1220): Illuminate\\Foundation\\Http\\Kernel->handle(Object(Illuminate\\Http\\Request))
#54 /Users/aminshojaei/AndroidStudioProjects/Calcuapp/backend/public/index.php(17): Illuminate\\Foundation\\Application->handleRequest(Object(Illuminate\\Http\\Request))
#55 /Users/aminshojaei/AndroidStudioProjects/Calcuapp/backend/vendor/laravel/framework/src/Illuminate/Foundation/resources/server.php(23): require_once('/Users/aminshoj...')
#56 {main}

[previous exception] [object] (PDOException(code: 23000): SQLSTATE[23000]: Integrity constraint violation: 19 FOREIGN KEY constraint failed at /Users/aminshojaei/AndroidStudioProjects/Calcuapp/backend/vendor/laravel/framework/src/Illuminate/Database/Connection.php:584)
[stacktrace]
#0 /Users/aminshojaei/AndroidStudioProjects/Calcuapp/backend/vendor/laravel/framework/src/Illuminate/Database/Connection.php(584): PDOStatement->execute()
#1 /Users/aminshojaei/AndroidStudioProjects/Calcuapp/backend/vendor/laravel/framework/src/Illuminate/Database/Connection.php(827): Illuminate\\Database\\Connection->{closure:Illuminate\\Database\\Connection::statement():573}('insert into \"pr...', Array)
#2 /Users/aminshojaei/AndroidStudioProjects/Calcuapp/backend/vendor/laravel/framework/src/Illuminate/Database/Connection.php(794): Illuminate\\Database\\Connection->runQueryCallback('insert into \"pr...', Array, Object(Closure))
#3 /Users/aminshojaei/AndroidStudioProjects/Calcuapp/backend/vendor/laravel/framework/src/Illuminate/Database/Connection.php(573): Illuminate\\Database\\Connection->run('insert into \"pr...', Array, Object(Closure))
#4 /Users/aminshojaei/AndroidStudioProjects/Calcuapp/backend/vendor/laravel/framework/src/Illuminate/Database/Connection.php(537): Illuminate\\Database\\Connection->statement('insert into \"pr...', Array)
#5 /Users/aminshojaei/AndroidStudioProjects/Calcuapp/backend/vendor/laravel/framework/src/Illuminate/Database/Query/Builder.php(4121): Illuminate\\Database\\Connection->insert('insert into \"pr...', Array)
#6 /Users/aminshojaei/AndroidStudioProjects/Calcuapp/backend/vendor/laravel/framework/src/Illuminate/Database/Eloquent/Builder.php(2237): Illuminate\\Database\\Query\\Builder->insert(Array)
#7 /Users/aminshojaei/AndroidStudioProjects/Calcuapp/backend/vendor/laravel/framework/src/Illuminate/Database/Eloquent/Model.php(1412): Illuminate\\Database\\Eloquent\\Builder->__call('insert', Array)
#8 /Users/aminshojaei/AndroidStudioProjects/Calcuapp/backend/vendor/laravel/framework/src/Illuminate/Database/Eloquent/Model.php(1240): Illuminate\\Database\\Eloquent\\Model->performInsert(Object(Illuminate\\Database\\Eloquent\\Builder))
#9 /Users/aminshojaei/AndroidStudioProjects/Calcuapp/backend/vendor/laravel/framework/src/Illuminate/Database/Eloquent/Builder.php(1219): Illuminate\\Database\\Eloquent\\Model->save()
#10 /Users/aminshojaei/AndroidStudioProjects/Calcuapp/backend/vendor/laravel/framework/src/Illuminate/Support/helpers.php(393): Illuminate\\Database\\Eloquent\\Builder->{closure:Illuminate\\Database\\Eloquent\\Builder::create():1218}(Object(App\\Models\\Product))
#11 /Users/aminshojaei/AndroidStudioProjects/Calcuapp/backend/vendor/laravel/framework/src/Illuminate/Database/Eloquent/Builder.php(1218): tap(Object(App\\Models\\Product), Object(Closure))
#12 /Users/aminshojaei/AndroidStudioProjects/Calcuapp/backend/vendor/laravel/framework/src/Illuminate/Support/Traits/ForwardsCalls.php(23): Illuminate\\Database\\Eloquent\\Builder->create(Array)
#13 /Users/aminshojaei/AndroidStudioProjects/Calcuapp/backend/vendor/laravel/framework/src/Illuminate/Database/Eloquent/Model.php(2544): Illuminate\\Database\\Eloquent\\Model->forwardCallTo(Object(Illuminate\\Database\\Eloquent\\Builder), 'create', Array)
#14 /Users/aminshojaei/AndroidStudioProjects/Calcuapp/backend/vendor/laravel/framework/src/Illuminate/Database/Eloquent/Model.php(2560): Illuminate\\Database\\Eloquent\\Model->__call('create', Array)
#15 /Users/aminshojaei/AndroidStudioProjects/Calcuapp/backend/app/Http/Controllers/Api/ProductController.php(71): Illuminate\\Database\\Eloquent\\Model::__callStatic('create', Array)
#16 /Users/aminshojaei/AndroidStudioProjects/Calcuapp/backend/vendor/laravel/framework/src/Illuminate/Routing/ControllerDispatcher.php(46): App\\Http\\Controllers\\Api\\ProductController->store(Object(Illuminate\\Http\\Request))
#17 /Users/aminshojaei/AndroidStudioProjects/Calcuapp/backend/vendor/laravel/framework/src/Illuminate/Routing/Route.php(265): Illuminate\\Routing\\ControllerDispatcher->dispatch(Object(Illuminate\\Routing\\Route), Object(App\\Http\\Controllers\\Api\\ProductController), 'store')
#18 /Users/aminshojaei/AndroidStudioProjects/Calcuapp/backend/vendor/laravel/framework/src/Illuminate/Routing/Route.php(211): Illuminate\\Routing\\Route->runController()
#19 /Users/aminshojaei/AndroidStudioProjects/Calcuapp/backend/vendor/laravel/framework/src/Illuminate/Routing/Router.php(822): Illuminate\\Routing\\Route->run()
#20 /Users/aminshojaei/AndroidStudioProjects/Calcuapp/backend/vendor/laravel/framework/src/Illuminate/Pipeline/Pipeline.php(180): Illuminate\\Routing\\Router->{closure:Illuminate\\Routing\\Router::runRouteWithinStack():821}(Object(Illuminate\\Http\\Request))
#21 /Users/aminshojaei/AndroidStudioProjects/Calcuapp/backend/app/Http/Middleware/IdempotencyMiddleware.php(18): Illuminate\\Pipeline\\Pipeline->{closure:Illuminate\\Pipeline\\Pipeline::prepareDestination():178}(Object(Illuminate\\Http\\Request))
#22 /Users/aminshojaei/AndroidStudioProjects/Calcuapp/backend/vendor/laravel/framework/src/Illuminate/Pipeline/Pipeline.php(219): App\\Http\\Middleware\\IdempotencyMiddleware->handle(Object(Illuminate\\Http\\Request), Object(Closure))
#23 /Users/aminshojaei/AndroidStudioProjects/Calcuapp/backend/app/Http/Middleware/TenantMiddleware.php(53): Illuminate\\Pipeline\\Pipeline->{closure:{closure:Illuminate\\Pipeline\\Pipeline::carry():194}:195}(Object(Illuminate\\Http\\Request))
#24 /Users/aminshojaei/AndroidStudioProjects/Calcuapp/backend/vendor/laravel/framework/src/Illuminate/Pipeline/Pipeline.php(219): App\\Http\\Middleware\\TenantMiddleware->handle(Object(Illuminate\\Http\\Request), Object(Closure))
#25 /Users/aminshojaei/AndroidStudioProjects/Calcuapp/backend/vendor/laravel/framework/src/Illuminate/Routing/Middleware/SubstituteBindings.php(50): Illuminate\\Pipeline\\Pipeline->{closure:{closure:Illuminate\\Pipeline\\Pipeline::carry():194}:195}(Object(Illuminate\\Http\\Request))
#26 /Users/aminshojaei/AndroidStudioProjects/Calcuapp/backend/vendor/laravel/framework/src/Illuminate/Pipeline/Pipeline.php(219): Illuminate\\Routing\\Middleware\\SubstituteBindings->handle(Object(Illuminate\\Http\\Request), Object(Closure))
#27 /Users/aminshojaei/AndroidStudioProjects/Calcuapp/backend/vendor/laravel/framework/src/Illuminate/Pipeline/Pipeline.php(137): Illuminate\\Pipeline\\Pipeline->{closure:{closure:Illuminate\\Pipeline\\Pipeline::carry():194}:195}(Object(Illuminate\\Http\\Request))
#28 /Users/aminshojaei/AndroidStudioProjects/Calcuapp/backend/vendor/laravel/framework/src/Illuminate/Routing/Router.php(821): Illuminate\\Pipeline\\Pipeline->then(Object(Closure))
#29 /Users/aminshojaei/AndroidStudioProjects/Calcuapp/backend/vendor/laravel/framework/src/Illuminate/Routing/Router.php(800): Illuminate\\Routing\\Router->runRouteWithinStack(Object(Illuminate\\Routing\\Route), Object(Illuminate\\Http\\Request))
#30 /Users/aminshojaei/AndroidStudioProjects/Calcuapp/backend/vendor/laravel/framework/src/Illuminate/Routing/Router.php(764): Illuminate\\Routing\\Router->runRoute(Object(Illuminate\\Http\\Request), Object(Illuminate\\Routing\\Route))
#31 /Users/aminshojaei/AndroidStudioProjects/Calcuapp/backend/vendor/laravel/framework/src/Illuminate/Routing/Router.php(753): Illuminate\\Routing\\Router->dispatchToRoute(Object(Illuminate\\Http\\Request))
#32 /Users/aminshojaei/AndroidStudioProjects/Calcuapp/backend/vendor/laravel/framework/src/Illuminate/Foundation/Http/Kernel.php(200): Illuminate\\Routing\\Router->dispatch(Object(Illuminate\\Http\\Request))
#33 /Users/aminshojaei/AndroidStudioProjects/Calcuapp/backend/vendor/laravel/framework/src/Illuminate/Pipeline/Pipeline.php(180): Illuminate\\Foundation\\Http\\Kernel->{closure:Illuminate\\Foundation\\Http\\Kernel::dispatchToRouter():197}(Object(Illuminate\\Http\\Request))
#34 /Users/aminshojaei/AndroidStudioProjects/Calcuapp/backend/vendor/laravel/framework/src/Illuminate/Foundation/Http/Middleware/TransformsRequest.php(21): Illuminate\\Pipeline\\Pipeline->{closure:Illuminate\\Pipeline\\Pipeline::prepareDestination():178}(Object(Illuminate\\Http\\Request))
#35 /Users/aminshojaei/AndroidStudioProjects/Calcuapp/backend/vendor/laravel/framework/src/Illuminate/Foundation/Http/Middleware/ConvertEmptyStringsToNull.php(31): Illuminate\\Foundation\\Http\\Middleware\\TransformsRequest->handle(Object(Illuminate\\Http\\Request), Object(Closure))
#36 /Users/aminshojaei/AndroidStudioProjects/Calcuapp/backend/vendor/laravel/framework/src/Illuminate/Pipeline/Pipeline.php(219): Illuminate\\Foundation\\Http\\Middleware\\ConvertEmptyStringsToNull->handle(Object(Illuminate\\Http\\Request), Object(Closure))
#37 /Users/aminshojaei/AndroidStudioProjects/Calcuapp/backend/vendor/laravel/framework/src/Illuminate/Foundation/Http/Middleware/TransformsRequest.php(21): Illuminate\\Pipeline\\Pipeline->{closure:{closure:Illuminate\\Pipeline\\Pipeline::carry():194}:195}(Object(Illuminate\\Http\\Request))
#38 /Users/aminshojaei/AndroidStudioProjects/Calcuapp/backend/vendor/laravel/framework/src/Illuminate/Foundation/Http/Middleware/TrimStrings.php(51): Illuminate\\Foundation\\Http\\Middleware\\TransformsRequest->handle(Object(Illuminate\\Http\\Request), Object(Closure))
#39 /Users/aminshojaei/AndroidStudioProjects/Calcuapp/backend/vendor/laravel/framework/src/Illuminate/Pipeline/Pipeline.php(219): Illuminate\\Foundation\\Http\\Middleware\\TrimStrings->handle(Object(Illuminate\\Http\\Request), Object(Closure))
#40 /Users/aminshojaei/AndroidStudioProjects/Calcuapp/backend/vendor/laravel/framework/src/Illuminate/Http/Middleware/ValidatePostSize.php(27): Illuminate\\Pipeline\\Pipeline->{closure:{closure:Illuminate\\Pipeline\\Pipeline::carry():194}:195}(Object(Illuminate\\Http\\Request))
#41 /Users/aminshojaei/AndroidStudioProjects/Calcuapp/backend/vendor/laravel/framework/src/Illuminate/Pipeline/Pipeline.php(219): Illuminate\\Http\\Middleware\\ValidatePostSize->handle(Object(Illuminate\\Http\\Request), Object(Closure))
#42 /Users/aminshojaei/AndroidStudioProjects/Calcuapp/backend/vendor/laravel/framework/src/Illuminate/Foundation/Http/Middleware/PreventRequestsDuringMaintenance.php(109): Illuminate\\Pipeline\\Pipeline->{closure:{closure:Illuminate\\Pipeline\\Pipeline::carry():194}:195}(Object(Illuminate\\Http\\Request))
#43 /Users/aminshojaei/AndroidStudioProjects/Calcuapp/backend/vendor/laravel/framework/src/Illuminate/Pipeline/Pipeline.php(219): Illuminate\\Foundation\\Http\\Middleware\\PreventRequestsDuringMaintenance->handle(Object(Illuminate\\Http\\Request), Object(Closure))
#44 /Users/aminshojaei/AndroidStudioProjects/Calcuapp/backend/vendor/laravel/framework/src/Illuminate/Http/Middleware/HandleCors.php(74): Illuminate\\Pipeline\\Pipeline->{closure:{closure:Illuminate\\Pipeline\\Pipeline::carry():194}:195}(Object(Illuminate\\Http\\Request))
#45 /Users/aminshojaei/AndroidStudioProjects/Calcuapp/backend/vendor/laravel/framework/src/Illuminate/Pipeline/Pipeline.php(219): Illuminate\\Http\\Middleware\\HandleCors->handle(Object(Illuminate\\Http\\Request), Object(Closure))
#46 /Users/aminshojaei/AndroidStudioProjects/Calcuapp/backend/vendor/laravel/framework/src/Illuminate/Http/Middleware/TrustProxies.php(58): Illuminate\\Pipeline\\Pipeline->{closure:{closure:Illuminate\\Pipeline\\Pipeline::carry():194}:195}(Object(Illuminate\\Http\\Request))
#47 /Users/aminshojaei/AndroidStudioProjects/Calcuapp/backend/vendor/laravel/framework/src/Illuminate/Pipeline/Pipeline.php(219): Illuminate\\Http\\Middleware\\TrustProxies->handle(Object(Illuminate\\Http\\Request), Object(Closure))
#48 /Users/aminshojaei/AndroidStudioProjects/Calcuapp/backend/vendor/laravel/framework/src/Illuminate/Foundation/Http/Middleware/InvokeDeferredCallbacks.php(22): Illuminate\\Pipeline\\Pipeline->{closure:{closure:Illuminate\\Pipeline\\Pipeline::carry():194}:195}(Object(Illuminate\\Http\\Request))
#49 /Users/aminshojaei/AndroidStudioProjects/Calcuapp/backend/vendor/laravel/framework/src/Illuminate/Pipeline/Pipeline.php(219): Illuminate\\Foundation\\Http\\Middleware\\InvokeDeferredCallbacks->handle(Object(Illuminate\\Http\\Request), Object(Closure))
#50 /Users/aminshojaei/AndroidStudioProjects/Calcuapp/backend/vendor/laravel/framework/src/Illuminate/Http/Middleware/ValidatePathEncoding.php(26): Illuminate\\Pipeline\\Pipeline->{closure:{closure:Illuminate\\Pipeline\\Pipeline::carry():194}:195}(Object(Illuminate\\Http\\Request))
#51 /Users/aminshojaei/AndroidStudioProjects/Calcuapp/backend/vendor/laravel/framework/src/Illuminate/Pipeline/Pipeline.php(219): Illuminate\\Http\\Middleware\\ValidatePathEncoding->handle(Object(Illuminate\\Http\\Request), Object(Closure))
#52 /Users/aminshojaei/AndroidStudioProjects/Calcuapp/backend/vendor/laravel/framework/src/Illuminate/Pipeline/Pipeline.php(137): Illuminate\\Pipeline\\Pipeline->{closure:{closure:Illuminate\\Pipeline\\Pipeline::carry():194}:195}(Object(Illuminate\\Http\\Request))
#53 /Users/aminshojaei/AndroidStudioProjects/Calcuapp/backend/vendor/laravel/framework/src/Illuminate/Foundation/Http/Kernel.php(175): Illuminate\\Pipeline\\Pipeline->then(Object(Closure))
#54 /Users/aminshojaei/AndroidStudioProjects/Calcuapp/backend/vendor/laravel/framework/src/Illuminate/Foundation/Http/Kernel.php(144): Illuminate\\Foundation\\Http\\Kernel->sendRequestThroughRouter(Object(Illuminate\\Http\\Request))
#55 /Users/aminshojaei/AndroidStudioProjects/Calcuapp/backend/vendor/laravel/framework/src/Illuminate/Foundation/Application.php(1220): Illuminate\\Foundation\\Http\\Kernel->handle(Object(Illuminate\\Http\\Request))
#56 /Users/aminshojaei/AndroidStudioProjects/Calcuapp/backend/public/index.php(17): Illuminate\\Foundation\\Application->handleRequest(Object(Illuminate\\Http\\Request))
#57 /Users/aminshojaei/AndroidStudioProjects/Calcuapp/backend/vendor/laravel/framework/src/Illuminate/Foundation/resources/server.php(23): require_once('/Users/aminshoj...')
#58 {main}
"} 
[2026-10-01 08:00:27] local.ERROR: SQLSTATE[23000]: Integrity constraint violation: 19 FOREIGN KEY constraint failed (Connection: sqlite, Database: database/database.sqlite, SQL: insert into "products" ("id", "organization_id", "sku", "barcode", "name", "description", "price", "cost_price", "category", "unit", "image_url", "updated_at", "created_at") values (ed72428e-2988-492f-8cdc-c5ff19984a96, , SKU-7980, 123243, hgnjbk, , 14860000, 14850000, عمومی, pcs, , 2026-10-01 08:00:27, 2026-10-01 08:00:27)) {"exception":"[object] (Illuminate\\Database\\QueryException(code: 23000): SQLSTATE[23000]: Integrity constraint violation: 19 FOREIGN KEY constraint failed (Connection: sqlite, Database: database/database.sqlite, SQL: insert into \"products\" (\"id\", \"organization_id\", \"sku\", \"barcode\", \"name\", \"description\", \"price\", \"cost_price\", \"category\", \"unit\", \"image_url\", \"updated_at\", \"created_at\") values (ed72428e-2988-492f-8cdc-c5ff19984a96, , SKU-7980, 123243, hgnjbk, , 14860000, 14850000, عمومی, pcs, , 2026-10-01 08:00:27, 2026-10-01 08:00:27)) at /Users/aminshojaei/AndroidStudioProjects/Calcuapp/backend/vendor/laravel/framework/src/Illuminate/Database/Connection.php:838)
[stacktrace]
#0 /Users/aminshojaei/AndroidStudioProjects/Calcuapp/backend/vendor/laravel/framework/src/Illuminate/Database/Connection.php(794): Illuminate\\Database\\Connection->runQueryCallback('insert into \"pr...', Array, Object(Closure))
#1 /Users/aminshojaei/AndroidStudioProjects/Calcuapp/backend/vendor/laravel/framework/src/Illuminate/Database/Connection.php(573): Illuminate\\Database\\Connection->run('insert into \"pr...', Array, Object(Closure))
#2 /Users/aminshojaei/AndroidStudioProjects/Calcuapp/backend/vendor/laravel/framework/src/Illuminate/Database/Connection.php(537): Illuminate\\Database\\Connection->statement('insert into \"pr...', Array)
#3 /Users/aminshojaei/AndroidStudioProjects/Calcuapp/backend/vendor/laravel/framework/src/Illuminate/Database/Query/Builder.php(4121): Illuminate\\Database\\Connection->insert('insert into \"pr...', Array)
#4 /Users/aminshojaei/AndroidStudioProjects/Calcuapp/backend/vendor/laravel/framework/src/Illuminate/Database/Eloquent/Builder.php(2237): Illuminate\\Database\\Query\\Builder->insert(Array)
#5 /Users/aminshojaei/AndroidStudioProjects/Calcuapp/backend/vendor/laravel/framework/src/Illuminate/Database/Eloquent/Model.php(1412): Illuminate\\Database\\Eloquent\\Builder->__call('insert', Array)
#6 /Users/aminshojaei/AndroidStudioProjects/Calcuapp/backend/vendor/laravel/framework/src/Illuminate/Database/Eloquent/Model.php(1240): Illuminate\\Database\\Eloquent\\Model->performInsert(Object(Illuminate\\Database\\Eloquent\\Builder))
#7 /Users/aminshojaei/AndroidStudioProjects/Calcuapp/backend/vendor/laravel/framework/src/Illuminate/Database/Eloquent/Builder.php(1219): Illuminate\\Database\\Eloquent\\Model->save()
#8 /Users/aminshojaei/AndroidStudioProjects/Calcuapp/backend/vendor/laravel/framework/src/Illuminate/Support/helpers.php(393): Illuminate\\Database\\Eloquent\\Builder->{closure:Illuminate\\Database\\Eloquent\\Builder::create():1218}(Object(App\\Models\\Product))
#9 /Users/aminshojaei/AndroidStudioProjects/Calcuapp/backend/vendor/laravel/framework/src/Illuminate/Database/Eloquent/Builder.php(1218): tap(Object(App\\Models\\Product), Object(Closure))
#10 /Users/aminshojaei/AndroidStudioProjects/Calcuapp/backend/vendor/laravel/framework/src/Illuminate/Support/Traits/ForwardsCalls.php(23): Illuminate\\Database\\Eloquent\\Builder->create(Array)
#11 /Users/aminshojaei/AndroidStudioProjects/Calcuapp/backend/vendor/laravel/framework/src/Illuminate/Database/Eloquent/Model.php(2544): Illuminate\\Database\\Eloquent\\Model->forwardCallTo(Object(Illuminate\\Database\\Eloquent\\Builder), 'create', Array)
#12 /Users/aminshojaei/AndroidStudioProjects/Calcuapp/backend/vendor/laravel/framework/src/Illuminate/Database/Eloquent/Model.php(2560): Illuminate\\Database\\Eloquent\\Model->__call('create', Array)
#13 /Users/aminshojaei/AndroidStudioProjects/Calcuapp/backend/app/Http/Controllers/Api/ProductController.php(71): Illuminate\\Database\\Eloquent\\Model::__callStatic('create', Array)
#14 /Users/aminshojaei/AndroidStudioProjects/Calcuapp/backend/vendor/laravel/framework/src/Illuminate/Routing/ControllerDispatcher.php(46): App\\Http\\Controllers\\Api\\ProductController->store(Object(Illuminate\\Http\\Request))
#15 /Users/aminshojaei/AndroidStudioProjects/Calcuapp/backend/vendor/laravel/framework/src/Illuminate/Routing/Route.php(265): Illuminate\\Routing\\ControllerDispatcher->dispatch(Object(Illuminate\\Routing\\Route), Object(App\\Http\\Controllers\\Api\\ProductController), 'store')
#16 /Users/aminshojaei/AndroidStudioProjects/Calcuapp/backend/vendor/laravel/framework/src/Illuminate/Routing/Route.php(211): Illuminate\\Routing\\Route->runController()
#17 /Users/aminshojaei/AndroidStudioProjects/Calcuapp/backend/vendor/laravel/framework/src/Illuminate/Routing/Router.php(822): Illuminate\\Routing\\Route->run()
#18 /Users/aminshojaei/AndroidStudioProjects/Calcuapp/backend/vendor/laravel/framework/src/Illuminate/Pipeline/Pipeline.php(180): Illuminate\\Routing\\Router->{closure:Illuminate\\Routing\\Router::runRouteWithinStack():821}(Object(Illuminate\\Http\\Request))
#19 /Users/aminshojaei/AndroidStudioProjects/Calcuapp/backend/app/Http/Middleware/IdempotencyMiddleware.php(18): Illuminate\\Pipeline\\Pipeline->{closure:Illuminate\\Pipeline\\Pipeline::prepareDestination():178}(Object(Illuminate\\Http\\Request))
#20 /Users/aminshojaei/AndroidStudioProjects/Calcuapp/backend/vendor/laravel/framework/src/Illuminate/Pipeline/Pipeline.php(219): App\\Http\\Middleware\\IdempotencyMiddleware->handle(Object(Illuminate\\Http\\Request), Object(Closure))
#21 /Users/aminshojaei/AndroidStudioProjects/Calcuapp/backend/app/Http/Middleware/TenantMiddleware.php(53): Illuminate\\Pipeline\\Pipeline->{closure:{closure:Illuminate\\Pipeline\\Pipeline::carry():194}:195}(Object(Illuminate\\Http\\Request))
#22 /Users/aminshojaei/AndroidStudioProjects/Calcuapp/backend/vendor/laravel/framework/src/Illuminate/Pipeline/Pipeline.php(219): App\\Http\\Middleware\\TenantMiddleware->handle(Object(Illuminate\\Http\\Request), Object(Closure))
#23 /Users/aminshojaei/AndroidStudioProjects/Calcuapp/backend/vendor/laravel/framework/src/Illuminate/Routing/Middleware/SubstituteBindings.php(50): Illuminate\\Pipeline\\Pipeline->{closure:{closure:Illuminate\\Pipeline\\Pipeline::carry():194}:195}(Object(Illuminate\\Http\\Request))
#24 /Users/aminshojaei/AndroidStudioProjects/Calcuapp/backend/vendor/laravel/framework/src/Illuminate/Pipeline/Pipeline.php(219): Illuminate\\Routing\\Middleware\\SubstituteBindings->handle(Object(Illuminate\\Http\\Request), Object(Closure))
#25 /Users/aminshojaei/AndroidStudioProjects/Calcuapp/backend/vendor/laravel/framework/src/Illuminate/Pipeline/Pipeline.php(137): Illuminate\\Pipeline\\Pipeline->{closure:{closure:Illuminate\\Pipeline\\Pipeline::carry():194}:195}(Object(Illuminate\\Http\\Request))
#26 /Users/aminshojaei/AndroidStudioProjects/Calcuapp/backend/vendor/laravel/framework/src/Illuminate/Routing/Router.php(821): Illuminate\\Pipeline\\Pipeline->then(Object(Closure))
#27 /Users/aminshojaei/AndroidStudioProjects/Calcuapp/backend/vendor/laravel/framework/src/Illuminate/Routing/Router.php(800): Illuminate\\Routing\\Router->runRouteWithinStack(Object(Illuminate\\Routing\\Route), Object(Illuminate\\Http\\Request))
#28 /Users/aminshojaei/AndroidStudioProjects/Calcuapp/backend/vendor/laravel/framework/src/Illuminate/Routing/Router.php(764): Illuminate\\Routing\\Router->runRoute(Object(Illuminate\\Http\\Request), Object(Illuminate\\Routing\\Route))
#29 /Users/aminshojaei/AndroidStudioProjects/Calcuapp/backend/vendor/laravel/framework/src/Illuminate/Routing/Router.php(753): Illuminate\\Routing\\Router->dispatchToRoute(Object(Illuminate\\Http\\Request))
#30 /Users/aminshojaei/AndroidStudioProjects/Calcuapp/backend/vendor/laravel/framework/src/Illuminate/Foundation/Http/Kernel.php(200): Illuminate\\Routing\\Router->dispatch(Object(Illuminate\\Http\\Request))
#31 /Users/aminshojaei/AndroidStudioProjects/Calcuapp/backend/vendor/laravel/framework/src/Illuminate/Pipeline/Pipeline.php(180): Illuminate\\Foundation\\Http\\Kernel->{closure:Illuminate\\Foundation\\Http\\Kernel::dispatchToRouter():197}(Object(Illuminate\\Http\\Request))
#32 /Users/aminshojaei/AndroidStudioProjects/Calcuapp/backend/vendor/laravel/framework/src/Illuminate/Foundation/Http/Middleware/TransformsRequest.php(21): Illuminate\\Pipeline\\Pipeline->{closure:Illuminate\\Pipeline\\Pipeline::prepareDestination():178}(Object(Illuminate\\Http\\Request))
#33 /Users/aminshojaei/AndroidStudioProjects/Calcuapp/backend/vendor/laravel/framework/src/Illuminate/Foundation/Http/Middleware/ConvertEmptyStringsToNull.php(31): Illuminate\\Foundation\\Http\\Middleware\\TransformsRequest->handle(Object(Illuminate\\Http\\Request), Object(Closure))
#34 /Users/aminshojaei/AndroidStudioProjects/Calcuapp/backend/vendor/laravel/framework/src/Illuminate/Pipeline/Pipeline.php(219): Illuminate\\Foundation\\Http\\Middleware\\ConvertEmptyStringsToNull->handle(Object(Illuminate\\Http\\Request), Object(Closure))
#35 /Users/aminshojaei/AndroidStudioProjects/Calcuapp/backend/vendor/laravel/framework/src/Illuminate/Foundation/Http/Middleware/TransformsRequest.php(21): Illuminate\\Pipeline\\Pipeline->{closure:{closure:Illuminate\\Pipeline\\Pipeline::carry():194}:195}(Object(Illuminate\\Http\\Request))
#36 /Users/aminshojaei/AndroidStudioProjects/Calcuapp/backend/vendor/laravel/framework/src/Illuminate/Foundation/Http/Middleware/TrimStrings.php(51): Illuminate\\Foundation\\Http\\Middleware\\TransformsRequest->handle(Object(Illuminate\\Http\\Request), Object(Closure))
#37 /Users/aminshojaei/AndroidStudioProjects/Calcuapp/backend/vendor/laravel/framework/src/Illuminate/Pipeline/Pipeline.php(219): Illuminate\\Foundation\\Http\\Middleware\\TrimStrings->handle(Object(Illuminate\\Http\\Request), Object(Closure))
#38 /Users/aminshojaei/AndroidStudioProjects/Calcuapp/backend/vendor/laravel/framework/src/Illuminate/Http/Middleware/ValidatePostSize.php(27): Illuminate\\Pipeline\\Pipeline->{closure:{closure:Illuminate\\Pipeline\\Pipeline::carry():194}:195}(Object(Illuminate\\Http\\Request))
#39 /Users/aminshojaei/AndroidStudioProjects/Calcuapp/backend/vendor/laravel/framework/src/Illuminate/Pipeline/Pipeline.php(219): Illuminate\\Http\\Middleware\\ValidatePostSize->handle(Object(Illuminate\\Http\\Request), Object(Closure))
#40 /Users/aminshojaei/AndroidStudioProjects/Calcuapp/backend/vendor/laravel/framework/src/Illuminate/Foundation/Http/Middleware/PreventRequestsDuringMaintenance.php(109): Illuminate\\Pipeline\\Pipeline->{closure:{closure:Illuminate\\Pipeline\\Pipeline::carry():194}:195}(Object(Illuminate\\Http\\Request))
#41 /Users/aminshojaei/AndroidStudioProjects/Calcuapp/backend/vendor/laravel/framework/src/Illuminate/Pipeline/Pipeline.php(219): Illuminate\\Foundation\\Http\\Middleware\\PreventRequestsDuringMaintenance->handle(Object(Illuminate\\Http\\Request), Object(Closure))
#42 /Users/aminshojaei/AndroidStudioProjects/Calcuapp/backend/vendor/laravel/framework/src/Illuminate/Http/Middleware/HandleCors.php(74): Illuminate\\Pipeline\\Pipeline->{closure:{closure:Illuminate\\Pipeline\\Pipeline::carry():194}:195}(Object(Illuminate\\Http\\Request))
#43 /Users/aminshojaei/AndroidStudioProjects/Calcuapp/backend/vendor/laravel/framework/src/Illuminate/Pipeline/Pipeline.php(219): Illuminate\\Http\\Middleware\\HandleCors->handle(Object(Illuminate\\Http\\Request), Object(Closure))
#44 /Users/aminshojaei/AndroidStudioProjects/Calcuapp/backend/vendor/laravel/framework/src/Illuminate/Http/Middleware/TrustProxies.php(58): Illuminate\\Pipeline\\Pipeline->{closure:{closure:Illuminate\\Pipeline\\Pipeline::carry():194}:195}(Object(Illuminate\\Http\\Request))
#45 /Users/aminshojaei/AndroidStudioProjects/Calcuapp/backend/vendor/laravel/framework/src/Illuminate/Pipeline/Pipeline.php(219): Illuminate\\Http\\Middleware\\TrustProxies->handle(Object(Illuminate\\Http\\Request), Object(Closure))
#46 /Users/aminshojaei/AndroidStudioProjects/Calcuapp/backend/vendor/laravel/framework/src/Illuminate/Foundation/Http/Middleware/InvokeDeferredCallbacks.php(22): Illuminate\\Pipeline\\Pipeline->{closure:{closure:Illuminate\\Pipeline\\Pipeline::carry():194}:195}(Object(Illuminate\\Http\\Request))
#47 /Users/aminshojaei/AndroidStudioProjects/Calcuapp/backend/vendor/laravel/framework/src/Illuminate/Pipeline/Pipeline.php(219): Illuminate\\Foundation\\Http\\Middleware\\InvokeDeferredCallbacks->handle(Object(Illuminate\\Http\\Request), Object(Closure))
#48 /Users/aminshojaei/AndroidStudioProjects/Calcuapp/backend/vendor/laravel/framework/src/Illuminate/Http/Middleware/ValidatePathEncoding.php(26): Illuminate\\Pipeline\\Pipeline->{closure:{closure:Illuminate\\Pipeline\\Pipeline::carry():194}:195}(Object(Illuminate\\Http\\Request))
#49 /Users/aminshojaei/AndroidStudioProjects/Calcuapp/backend/vendor/laravel/framework/src/Illuminate/Pipeline/Pipeline.php(219): Illuminate\\Http\\Middleware\\ValidatePathEncoding->handle(Object(Illuminate\\Http\\Request), Object(Closure))
#50 /Users/aminshojaei/AndroidStudioProjects/Calcuapp/backend/vendor/laravel/framework/src/Illuminate/Pipeline/Pipeline.php(137): Illuminate\\Pipeline\\Pipeline->{closure:{closure:Illuminate\\Pipeline\\Pipeline::carry():194}:195}(Object(Illuminate\\Http\\Request))
#51 /Users/aminshojaei/AndroidStudioProjects/Calcuapp/backend/vendor/laravel/framework/src/Illuminate/Foundation/Http/Kernel.php(175): Illuminate\\Pipeline\\Pipeline->then(Object(Closure))
#52 /Users/aminshojaei/AndroidStudioProjects/Calcuapp/backend/vendor/laravel/framework/src/Illuminate/Foundation/Http/Kernel.php(144): Illuminate\\Foundation\\Http\\Kernel->sendRequestThroughRouter(Object(Illuminate\\Http\\Request))
#53 /Users/aminshojaei/AndroidStudioProjects/Calcuapp/backend/vendor/laravel/framework/src/Illuminate/Foundation/Application.php(1220): Illuminate\\Foundation\\Http\\Kernel->handle(Object(Illuminate\\Http\\Request))
#54 /Users/aminshojaei/AndroidStudioProjects/Calcuapp/backend/public/index.php(17): Illuminate\\Foundation\\Application->handleRequest(Object(Illuminate\\Http\\Request))
#55 /Users/aminshojaei/AndroidStudioProjects/Calcuapp/backend/vendor/laravel/framework/src/Illuminate/Foundation/resources/server.php(23): require_once('/Users/aminshoj...')
#56 {main}

[previous exception] [object] (PDOException(code: 23000): SQLSTATE[23000]: Integrity constraint violation: 19 FOREIGN KEY constraint failed at /Users/aminshojaei/AndroidStudioProjects/Calcuapp/backend/vendor/laravel/framework/src/Illuminate/Database/Connection.php:584)
[stacktrace]
#0 /Users/aminshojaei/AndroidStudioProjects/Calcuapp/backend/vendor/laravel/framework/src/Illuminate/Database/Connection.php(584): PDOStatement->execute()
#1 /Users/aminshojaei/AndroidStudioProjects/Calcuapp/backend/vendor/laravel/framework/src/Illuminate/Database/Connection.php(827): Illuminate\\Database\\Connection->{closure:Illuminate\\Database\\Connection::statement():573}('insert into \"pr...', Array)
#2 /Users/aminshojaei/AndroidStudioProjects/Calcuapp/backend/vendor/laravel/framework/src/Illuminate/Database/Connection.php(794): Illuminate\\Database\\Connection->runQueryCallback('insert into \"pr...', Array, Object(Closure))
#3 /Users/aminshojaei/AndroidStudioProjects/Calcuapp/backend/vendor/laravel/framework/src/Illuminate/Database/Connection.php(573): Illuminate\\Database\\Connection->run('insert into \"pr...', Array, Object(Closure))
#4 /Users/aminshojaei/AndroidStudioProjects/Calcuapp/backend/vendor/laravel/framework/src/Illuminate/Database/Connection.php(537): Illuminate\\Database\\Connection->statement('insert into \"pr...', Array)
#5 /Users/aminshojaei/AndroidStudioProjects/Calcuapp/backend/vendor/laravel/framework/src/Illuminate/Database/Query/Builder.php(4121): Illuminate\\Database\\Connection->insert('insert into \"pr...', Array)
#6 /Users/aminshojaei/AndroidStudioProjects/Calcuapp/backend/vendor/laravel/framework/src/Illuminate/Database/Eloquent/Builder.php(2237): Illuminate\\Database\\Query\\Builder->insert(Array)
#7 /Users/aminshojaei/AndroidStudioProjects/Calcuapp/backend/vendor/laravel/framework/src/Illuminate/Database/Eloquent/Model.php(1412): Illuminate\\Database\\Eloquent\\Builder->__call('insert', Array)
#8 /Users/aminshojaei/AndroidStudioProjects/Calcuapp/backend/vendor/laravel/framework/src/Illuminate/Database/Eloquent/Model.php(1240): Illuminate\\Database\\Eloquent\\Model->performInsert(Object(Illuminate\\Database\\Eloquent\\Builder))
#9 /Users/aminshojaei/AndroidStudioProjects/Calcuapp/backend/vendor/laravel/framework/src/Illuminate/Database/Eloquent/Builder.php(1219): Illuminate\\Database\\Eloquent\\Model->save()
#10 /Users/aminshojaei/AndroidStudioProjects/Calcuapp/backend/vendor/laravel/framework/src/Illuminate/Support/helpers.php(393): Illuminate\\Database\\Eloquent\\Builder->{closure:Illuminate\\Database\\Eloquent\\Builder::create():1218}(Object(App\\Models\\Product))
#11 /Users/aminshojaei/AndroidStudioProjects/Calcuapp/backend/vendor/laravel/framework/src/Illuminate/Database/Eloquent/Builder.php(1218): tap(Object(App\\Models\\Product), Object(Closure))
#12 /Users/aminshojaei/AndroidStudioProjects/Calcuapp/backend/vendor/laravel/framework/src/Illuminate/Support/Traits/ForwardsCalls.php(23): Illuminate\\Database\\Eloquent\\Builder->create(Array)
#13 /Users/aminshojaei/AndroidStudioProjects/Calcuapp/backend/vendor/laravel/framework/src/Illuminate/Database/Eloquent/Model.php(2544): Illuminate\\Database\\Eloquent\\Model->forwardCallTo(Object(Illuminate\\Database\\Eloquent\\Builder), 'create', Array)
#14 /Users/aminshojaei/AndroidStudioProjects/Calcuapp/backend/vendor/laravel/framework/src/Illuminate/Database/Eloquent/Model.php(2560): Illuminate\\Database\\Eloquent\\Model->__call('create', Array)
#15 /Users/aminshojaei/AndroidStudioProjects/Calcuapp/backend/app/Http/Controllers/Api/ProductController.php(71): Illuminate\\Database\\Eloquent\\Model::__callStatic('create', Array)
#16 /Users/aminshojaei/AndroidStudioProjects/Calcuapp/backend/vendor/laravel/framework/src/Illuminate/Routing/ControllerDispatcher.php(46): App\\Http\\Controllers\\Api\\ProductController->store(Object(Illuminate\\Http\\Request))
#17 /Users/aminshojaei/AndroidStudioProjects/Calcuapp/backend/vendor/laravel/framework/src/Illuminate/Routing/Route.php(265): Illuminate\\Routing\\ControllerDispatcher->dispatch(Object(Illuminate\\Routing\\Route), Object(App\\Http\\Controllers\\Api\\ProductController), 'store')
#18 /Users/aminshojaei/AndroidStudioProjects/Calcuapp/backend/vendor/laravel/framework/src/Illuminate/Routing/Route.php(211): Illuminate\\Routing\\Route->runController()
#19 /Users/aminshojaei/AndroidStudioProjects/Calcuapp/backend/vendor/laravel/framework/src/Illuminate/Routing/Router.php(822): Illuminate\\Routing\\Route->run()
#20 /Users/aminshojaei/AndroidStudioProjects/Calcuapp/backend/vendor/laravel/framework/src/Illuminate/Pipeline/Pipeline.php(180): Illuminate\\Routing\\Router->{closure:Illuminate\\Routing\\Router::runRouteWithinStack():821}(Object(Illuminate\\Http\\Request))
#21 /Users/aminshojaei/AndroidStudioProjects/Calcuapp/backend/app/Http/Middleware/IdempotencyMiddleware.php(18): Illuminate\\Pipeline\\Pipeline->{closure:Illuminate\\Pipeline\\Pipeline::prepareDestination():178}(Object(Illuminate\\Http\\Request))
#22 /Users/aminshojaei/AndroidStudioProjects/Calcuapp/backend/vendor/laravel/framework/src/Illuminate/Pipeline/Pipeline.php(219): App\\Http\\Middleware\\IdempotencyMiddleware->handle(Object(Illuminate\\Http\\Request), Object(Closure))
#23 /Users/aminshojaei/AndroidStudioProjects/Calcuapp/backend/app/Http/Middleware/TenantMiddleware.php(53): Illuminate\\Pipeline\\Pipeline->{closure:{closure:Illuminate\\Pipeline\\Pipeline::carry():194}:195}(Object(Illuminate\\Http\\Request))
#24 /Users/aminshojaei/AndroidStudioProjects/Calcuapp/backend/vendor/laravel/framework/src/Illuminate/Pipeline/Pipeline.php(219): App\\Http\\Middleware\\TenantMiddleware->handle(Object(Illuminate\\Http\\Request), Object(Closure))
#25 /Users/aminshojaei/AndroidStudioProjects/Calcuapp/backend/vendor/laravel/framework/src/Illuminate/Routing/Middleware/SubstituteBindings.php(50): Illuminate\\Pipeline\\Pipeline->{closure:{closure:Illuminate\\Pipeline\\Pipeline::carry():194}:195}(Object(Illuminate\\Http\\Request))
#26 /Users/aminshojaei/AndroidStudioProjects/Calcuapp/backend/vendor/laravel/framework/src/Illuminate/Pipeline/Pipeline.php(219): Illuminate\\Routing\\Middleware\\SubstituteBindings->handle(Object(Illuminate\\Http\\Request), Object(Closure))
#27 /Users/aminshojaei/AndroidStudioProjects/Calcuapp/backend/vendor/laravel/framework/src/Illuminate/Pipeline/Pipeline.php(137): Illuminate\\Pipeline\\Pipeline->{closure:{closure:Illuminate\\Pipeline\\Pipeline::carry():194}:195}(Object(Illuminate\\Http\\Request))
#28 /Users/aminshojaei/AndroidStudioProjects/Calcuapp/backend/vendor/laravel/framework/src/Illuminate/Routing/Router.php(821): Illuminate\\Pipeline\\Pipeline->then(Object(Closure))
#29 /Users/aminshojaei/AndroidStudioProjects/Calcuapp/backend/vendor/laravel/framework/src/Illuminate/Routing/Router.php(800): Illuminate\\Routing\\Router->runRouteWithinStack(Object(Illuminate\\Routing\\Route), Object(Illuminate\\Http\\Request))
#30 /Users/aminshojaei/AndroidStudioProjects/Calcuapp/backend/vendor/laravel/framework/src/Illuminate/Routing/Router.php(764): Illuminate\\Routing\\Router->runRoute(Object(Illuminate\\Http\\Request), Object(Illuminate\\Routing\\Route))
#31 /Users/aminshojaei/AndroidStudioProjects/Calcuapp/backend/vendor/laravel/framework/src/Illuminate/Routing/Router.php(753): Illuminate\\Routing\\Router->dispatchToRoute(Object(Illuminate\\Http\\Request))
#32 /Users/aminshojaei/AndroidStudioProjects/Calcuapp/backend/vendor/laravel/framework/src/Illuminate/Foundation/Http/Kernel.php(200): Illuminate\\Routing\\Router->dispatch(Object(Illuminate\\Http\\Request))
#33 /Users/aminshojaei/AndroidStudioProjects/Calcuapp/backend/vendor/laravel/framework/src/Illuminate/Pipeline/Pipeline.php(180): Illuminate\\Foundation\\Http\\Kernel->{closure:Illuminate\\Foundation\\Http\\Kernel::dispatchToRouter():197}(Object(Illuminate\\Http\\Request))
#34 /Users/aminshojaei/AndroidStudioProjects/Calcuapp/backend/vendor/laravel/framework/src/Illuminate/Foundation/Http/Middleware/TransformsRequest.php(21): Illuminate\\Pipeline\\Pipeline->{closure:Illuminate\\Pipeline\\Pipeline::prepareDestination():178}(Object(Illuminate\\Http\\Request))
#35 /Users/aminshojaei/AndroidStudioProjects/Calcuapp/backend/vendor/laravel/framework/src/Illuminate/Foundation/Http/Middleware/ConvertEmptyStringsToNull.php(31): Illuminate\\Foundation\\Http\\Middleware\\TransformsRequest->handle(Object(Illuminate\\Http\\Request), Object(Closure))
#36 /Users/aminshojaei/AndroidStudioProjects/Calcuapp/backend/vendor/laravel/framework/src/Illuminate/Pipeline/Pipeline.php(219): Illuminate\\Foundation\\Http\\Middleware\\ConvertEmptyStringsToNull->handle(Object(Illuminate\\Http\\Request), Object(Closure))
#37 /Users/aminshojaei/AndroidStudioProjects/Calcuapp/backend/vendor/laravel/framework/src/Illuminate/Foundation/Http/Middleware/TransformsRequest.php(21): Illuminate\\Pipeline\\Pipeline->{closure:{closure:Illuminate\\Pipeline\\Pipeline::carry():194}:195}(Object(Illuminate\\Http\\Request))
#38 /Users/aminshojaei/AndroidStudioProjects/Calcuapp/backend/vendor/laravel/framework/src/Illuminate/Foundation/Http/Middleware/TrimStrings.php(51): Illuminate\\Foundation\\Http\\Middleware\\TransformsRequest->handle(Object(Illuminate\\Http\\Request), Object(Closure))
#39 /Users/aminshojaei/AndroidStudioProjects/Calcuapp/backend/vendor/laravel/framework/src/Illuminate/Pipeline/Pipeline.php(219): Illuminate\\Foundation\\Http\\Middleware\\TrimStrings->handle(Object(Illuminate\\Http\\Request), Object(Closure))
#40 /Users/aminshojaei/AndroidStudioProjects/Calcuapp/backend/vendor/laravel/framework/src/Illuminate/Http/Middleware/ValidatePostSize.php(27): Illuminate\\Pipeline\\Pipeline->{closure:{closure:Illuminate\\Pipeline\\Pipeline::carry():194}:195}(Object(Illuminate\\Http\\Request))
#41 /Users/aminshojaei/AndroidStudioProjects/Calcuapp/backend/vendor/laravel/framework/src/Illuminate/Pipeline/Pipeline.php(219): Illuminate\\Http\\Middleware\\ValidatePostSize->handle(Object(Illuminate\\Http\\Request), Object(Closure))
#42 /Users/aminshojaei/AndroidStudioProjects/Calcuapp/backend/vendor/laravel/framework/src/Illuminate/Foundation/Http/Middleware/PreventRequestsDuringMaintenance.php(109): Illuminate\\Pipeline\\Pipeline->{closure:{closure:Illuminate\\Pipeline\\Pipeline::carry():194}:195}(Object(Illuminate\\Http\\Request))
#43 /Users/aminshojaei/AndroidStudioProjects/Calcuapp/backend/vendor/laravel/framework/src/Illuminate/Pipeline/Pipeline.php(219): Illuminate\\Foundation\\Http\\Middleware\\PreventRequestsDuringMaintenance->handle(Object(Illuminate\\Http\\Request), Object(Closure))
#44 /Users/aminshojaei/AndroidStudioProjects/Calcuapp/backend/vendor/laravel/framework/src/Illuminate/Http/Middleware/HandleCors.php(74): Illuminate\\Pipeline\\Pipeline->{closure:{closure:Illuminate\\Pipeline\\Pipeline::carry():194}:195}(Object(Illuminate\\Http\\Request))
#45 /Users/aminshojaei/AndroidStudioProjects/Calcuapp/backend/vendor/laravel/framework/src/Illuminate/Pipeline/Pipeline.php(219): Illuminate\\Http\\Middleware\\HandleCors->handle(Object(Illuminate\\Http\\Request), Object(Closure))
#46 /Users/aminshojaei/AndroidStudioProjects/Calcuapp/backend/vendor/laravel/framework/src/Illuminate/Http/Middleware/TrustProxies.php(58): Illuminate\\Pipeline\\Pipeline->{closure:{closure:Illuminate\\Pipeline\\Pipeline::carry():194}:195}(Object(Illuminate\\Http\\Request))
#47 /Users/aminshojaei/AndroidStudioProjects/Calcuapp/backend/vendor/laravel/framework/src/Illuminate/Pipeline/Pipeline.php(219): Illuminate\\Http\\Middleware\\TrustProxies->handle(Object(Illuminate\\Http\\Request), Object(Closure))
#48 /Users/aminshojaei/AndroidStudioProjects/Calcuapp/backend/vendor/laravel/framework/src/Illuminate/Foundation/Http/Middleware/InvokeDeferredCallbacks.php(22): Illuminate\\Pipeline\\Pipeline->{closure:{closure:Illuminate\\Pipeline\\Pipeline::carry():194}:195}(Object(Illuminate\\Http\\Request))
#49 /Users/aminshojaei/AndroidStudioProjects/Calcuapp/backend/vendor/laravel/framework/src/Illuminate/Pipeline/Pipeline.php(219): Illuminate\\Foundation\\Http\\Middleware\\InvokeDeferredCallbacks->handle(Object(Illuminate\\Http\\Request), Object(Closure))
#50 /Users/aminshojaei/AndroidStudioProjects/Calcuapp/backend/vendor/laravel/framework/src/Illuminate/Http/Middleware/ValidatePathEncoding.php(26): Illuminate\\Pipeline\\Pipeline->{closure:{closure:Illuminate\\Pipeline\\Pipeline::carry():194}:195}(Object(Illuminate\\Http\\Request))
#51 /Users/aminshojaei/AndroidStudioProjects/Calcuapp/backend/vendor/laravel/framework/src/Illuminate/Pipeline/Pipeline.php(219): Illuminate\\Http\\Middleware\\ValidatePathEncoding->handle(Object(Illuminate\\Http\\Request), Object(Closure))
#52 /Users/aminshojaei/AndroidStudioProjects/Calcuapp/backend/vendor/laravel/framework/src/Illuminate/Pipeline/Pipeline.php(137): Illuminate\\Pipeline\\Pipeline->{closure:{closure:Illuminate\\Pipeline\\Pipeline::carry():194}:195}(Object(Illuminate\\Http\\Request))
#53 /Users/aminshojaei/AndroidStudioProjects/Calcuapp/backend/vendor/laravel/framework/src/Illuminate/Foundation/Http/Kernel.php(175): Illuminate\\Pipeline\\Pipeline->then(Object(Closure))
#54 /Users/aminshojaei/AndroidStudioProjects/Calcuapp/backend/vendor/laravel/framework/src/Illuminate/Foundation/Http/Kernel.php(144): Illuminate\\Foundation\\Http\\Kernel->sendRequestThroughRouter(Object(Illuminate\\Http\\Request))
#55 /Users/aminshojaei/AndroidStudioProjects/Calcuapp/backend/vendor/laravel/framework/src/Illuminate/Foundation/Application.php(1220): Illuminate\\Foundation\\Http\\Kernel->handle(Object(Illuminate\\Http\\Request))
#56 /Users/aminshojaei/AndroidStudioProjects/Calcuapp/backend/public/index.php(17): Illuminate\\Foundation\\Application->handleRequest(Object(Illuminate\\Http\\Request))
#57 /Users/aminshojaei/AndroidStudioProjects/Calcuapp/backend/vendor/laravel/framework/src/Illuminate/Foundation/resources/server.php(23): require_once('/Users/aminshoj...')
#58 {main}
"} 
[2026-10-01 08:00:33] local.ERROR: SQLSTATE[23000]: Integrity constraint violation: 19 FOREIGN KEY constraint failed (Connection: sqlite, Database: database/database.sqlite, SQL: insert into "products" ("id", "organization_id", "sku", "barcode", "name", "description", "price", "cost_price", "category", "unit", "image_url", "updated_at", "created_at") values (d2b1bab3-60a4-44d1-8ee9-bfde0db3e4e7, , SKU-7980, 123243, hgnjbk, htdytd, 14860000, 14850000, عمومی, pcs, , 2026-10-01 08:00:33, 2026-10-01 08:00:33)) {"exception":"[object] (Illuminate\\Database\\QueryException(code: 23000): SQLSTATE[23000]: Integrity constraint violation: 19 FOREIGN KEY constraint failed (Connection: sqlite, Database: database/database.sqlite, SQL: insert into \"products\" (\"id\", \"organization_id\", \"sku\", \"barcode\", \"name\", \"description\", \"price\", \"cost_price\", \"category\", \"unit\", \"image_url\", \"updated_at\", \"created_at\") values (d2b1bab3-60a4-44d1-8ee9-bfde0db3e4e7, , SKU-7980, 123243, hgnjbk, htdytd, 14860000, 14850000, عمومی, pcs, , 2026-10-01 08:00:33, 2026-10-01 08:00:33)) at /Users/aminshojaei/AndroidStudioProjects/Calcuapp/backend/vendor/laravel/framework/src/Illuminate/Database/Connection.php:838)
[stacktrace]
#0 /Users/aminshojaei/AndroidStudioProjects/Calcuapp/backend/vendor/laravel/framework/src/Illuminate/Database/Connection.php(794): Illuminate\\Database\\Connection->runQueryCallback('insert into \"pr...', Array, Object(Closure))
#1 /Users/aminshojaei/AndroidStudioProjects/Calcuapp/backend/vendor/laravel/framework/src/Illuminate/Database/Connection.php(573): Illuminate\\Database\\Connection->run('insert into \"pr...', Array, Object(Closure))
#2 /Users/aminshojaei/AndroidStudioProjects/Calcuapp/backend/vendor/laravel/framework/src/Illuminate/Database/Connection.php(537): Illuminate\\Database\\Connection->statement('insert into \"pr...', Array)
#3 /Users/aminshojaei/AndroidStudioProjects/Calcuapp/backend/vendor/laravel/framework/src/Illuminate/Database/Query/Builder.php(4121): Illuminate\\Database\\Connection->insert('insert into \"pr...', Array)
#4 /Users/aminshojaei/AndroidStudioProjects/Calcuapp/backend/vendor/laravel/framework/src/Illuminate/Database/Eloquent/Builder.php(2237): Illuminate\\Database\\Query\\Builder->insert(Array)
#5 /Users/aminshojaei/AndroidStudioProjects/Calcuapp/backend/vendor/laravel/framework/src/Illuminate/Database/Eloquent/Model.php(1412): Illuminate\\Database\\Eloquent\\Builder->__call('insert', Array)
#6 /Users/aminshojaei/AndroidStudioProjects/Calcuapp/backend/vendor/laravel/framework/src/Illuminate/Database/Eloquent/Model.php(1240): Illuminate\\Database\\Eloquent\\Model->performInsert(Object(Illuminate\\Database\\Eloquent\\Builder))
#7 /Users/aminshojaei/AndroidStudioProjects/Calcuapp/backend/vendor/laravel/framework/src/Illuminate/Database/Eloquent/Builder.php(1219): Illuminate\\Database\\Eloquent\\Model->save()
#8 /Users/aminshojaei/AndroidStudioProjects/Calcuapp/backend/vendor/laravel/framework/src/Illuminate/Support/helpers.php(393): Illuminate\\Database\\Eloquent\\Builder->{closure:Illuminate\\Database\\Eloquent\\Builder::create():1218}(Object(App\\Models\\Product))
#9 /Users/aminshojaei/AndroidStudioProjects/Calcuapp/backend/vendor/laravel/framework/src/Illuminate/Database/Eloquent/Builder.php(1218): tap(Object(App\\Models\\Product), Object(Closure))
#10 /Users/aminshojaei/AndroidStudioProjects/Calcuapp/backend/vendor/laravel/framework/src/Illuminate/Support/Traits/ForwardsCalls.php(23): Illuminate\\Database\\Eloquent\\Builder->create(Array)
#11 /Users/aminshojaei/AndroidStudioProjects/Calcuapp/backend/vendor/laravel/framework/src/Illuminate/Database/Eloquent/Model.php(2544): Illuminate\\Database\\Eloquent\\Model->forwardCallTo(Object(Illuminate\\Database\\Eloquent\\Builder), 'create', Array)
#12 /Users/aminshojaei/AndroidStudioProjects/Calcuapp/backend/vendor/laravel/framework/src/Illuminate/Database/Eloquent/Model.php(2560): Illuminate\\Database\\Eloquent\\Model->__call('create', Array)
#13 /Users/aminshojaei/AndroidStudioProjects/Calcuapp/backend/app/Http/Controllers/Api/ProductController.php(71): Illuminate\\Database\\Eloquent\\Model::__callStatic('create', Array)
#14 /Users/aminshojaei/AndroidStudioProjects/Calcuapp/backend/vendor/laravel/framework/src/Illuminate/Routing/ControllerDispatcher.php(46): App\\Http\\Controllers\\Api\\ProductController->store(Object(Illuminate\\Http\\Request))
#15 /Users/aminshojaei/AndroidStudioProjects/Calcuapp/backend/vendor/laravel/framework/src/Illuminate/Routing/Route.php(265): Illuminate\\Routing\\ControllerDispatcher->dispatch(Object(Illuminate\\Routing\\Route), Object(App\\Http\\Controllers\\Api\\ProductController), 'store')
#16 /Users/aminshojaei/AndroidStudioProjects/Calcuapp/backend/vendor/laravel/framework/src/Illuminate/Routing/Route.php(211): Illuminate\\Routing\\Route->runController()
#17 /Users/aminshojaei/AndroidStudioProjects/Calcuapp/backend/vendor/laravel/framework/src/Illuminate/Routing/Router.php(822): Illuminate\\Routing\\Route->run()
#18 /Users/aminshojaei/AndroidStudioProjects/Calcuapp/backend/vendor/laravel/framework/src/Illuminate/Pipeline/Pipeline.php(180): Illuminate\\Routing\\Router->{closure:Illuminate\\Routing\\Router::runRouteWithinStack():821}(Object(Illuminate\\Http\\Request))
#19 /Users/aminshojaei/AndroidStudioProjects/Calcuapp/backend/app/Http/Middleware/IdempotencyMiddleware.php(18): Illuminate\\Pipeline\\Pipeline->{closure:Illuminate\\Pipeline\\Pipeline::prepareDestination():178}(Object(Illuminate\\Http\\Request))
#20 /Users/aminshojaei/AndroidStudioProjects/Calcuapp/backend/vendor/laravel/framework/src/Illuminate/Pipeline/Pipeline.php(219): App\\Http\\Middleware\\IdempotencyMiddleware->handle(Object(Illuminate\\Http\\Request), Object(Closure))
#21 /Users/aminshojaei/AndroidStudioProjects/Calcuapp/backend/app/Http/Middleware/TenantMiddleware.php(53): Illuminate\\Pipeline\\Pipeline->{closure:{closure:Illuminate\\Pipeline\\Pipeline::carry():194}:195}(Object(Illuminate\\Http\\Request))
#22 /Users/aminshojaei/AndroidStudioProjects/Calcuapp/backend/vendor/laravel/framework/src/Illuminate/Pipeline/Pipeline.php(219): App\\Http\\Middleware\\TenantMiddleware->handle(Object(Illuminate\\Http\\Request), Object(Closure))
#23 /Users/aminshojaei/AndroidStudioProjects/Calcuapp/backend/vendor/laravel/framework/src/Illuminate/Routing/Middleware/SubstituteBindings.php(50): Illuminate\\Pipeline\\Pipeline->{closure:{closure:Illuminate\\Pipeline\\Pipeline::carry():194}:195}(Object(Illuminate\\Http\\Request))
#24 /Users/aminshojaei/AndroidStudioProjects/Calcuapp/backend/vendor/laravel/framework/src/Illuminate/Pipeline/Pipeline.php(219): Illuminate\\Routing\\Middleware\\SubstituteBindings->handle(Object(Illuminate\\Http\\Request), Object(Closure))
#25 /Users/aminshojaei/AndroidStudioProjects/Calcuapp/backend/vendor/laravel/framework/src/Illuminate/Pipeline/Pipeline.php(137): Illuminate\\Pipeline\\Pipeline->{closure:{closure:Illuminate\\Pipeline\\Pipeline::carry():194}:195}(Object(Illuminate\\Http\\Request))
#26 /Users/aminshojaei/AndroidStudioProjects/Calcuapp/backend/vendor/laravel/framework/src/Illuminate/Routing/Router.php(821): Illuminate\\Pipeline\\Pipeline->then(Object(Closure))
#27 /Users/aminshojaei/AndroidStudioProjects/Calcuapp/backend/vendor/laravel/framework/src/Illuminate/Routing/Router.php(800): Illuminate\\Routing\\Router->runRouteWithinStack(Object(Illuminate\\Routing\\Route), Object(Illuminate\\Http\\Request))
#28 /Users/aminshojaei/AndroidStudioProjects/Calcuapp/backend/vendor/laravel/framework/src/Illuminate/Routing/Router.php(764): Illuminate\\Routing\\Router->runRoute(Object(Illuminate\\Http\\Request), Object(Illuminate\\Routing\\Route))
#29 /Users/aminshojaei/AndroidStudioProjects/Calcuapp/backend/vendor/laravel/framework/src/Illuminate/Routing/Router.php(753): Illuminate\\Routing\\Router->dispatchToRoute(Object(Illuminate\\Http\\Request))
#30 /Users/aminshojaei/AndroidStudioProjects/Calcuapp/backend/vendor/laravel/framework/src/Illuminate/Foundation/Http/Kernel.php(200): Illuminate\\Routing\\Router->dispatch(Object(Illuminate\\Http\\Request))
#31 /Users/aminshojaei/AndroidStudioProjects/Calcuapp/backend/vendor/laravel/framework/src/Illuminate/Pipeline/Pipeline.php(180): Illuminate\\Foundation\\Http\\Kernel->{closure:Illuminate\\Foundation\\Http\\Kernel::dispatchToRouter():197}(Object(Illuminate\\Http\\Request))
#32 /Users/aminshojaei/AndroidStudioProjects/Calcuapp/backend/vendor/laravel/framework/src/Illuminate/Foundation/Http/Middleware/TransformsRequest.php(21): Illuminate\\Pipeline\\Pipeline->{closure:Illuminate\\Pipeline\\Pipeline::prepareDestination():178}(Object(Illuminate\\Http\\Request))
#33 /Users/aminshojaei/AndroidStudioProjects/Calcuapp/backend/vendor/laravel/framework/src/Illuminate/Foundation/Http/Middleware/ConvertEmptyStringsToNull.php(31): Illuminate\\Foundation\\Http\\Middleware\\TransformsRequest->handle(Object(Illuminate\\Http\\Request), Object(Closure))
#34 /Users/aminshojaei/AndroidStudioProjects/Calcuapp/backend/vendor/laravel/framework/src/Illuminate/Pipeline/Pipeline.php(219): Illuminate\\Foundation\\Http\\Middleware\\ConvertEmptyStringsToNull->handle(Object(Illuminate\\Http\\Request), Object(Closure))
#35 /Users/aminshojaei/AndroidStudioProjects/Calcuapp/backend/vendor/laravel/framework/src/Illuminate/Foundation/Http/Middleware/TransformsRequest.php(21): Illuminate\\Pipeline\\Pipeline->{closure:{closure:Illuminate\\Pipeline\\Pipeline::carry():194}:195}(Object(Illuminate\\Http\\Request))
#36 /Users/aminshojaei/AndroidStudioProjects/Calcuapp/backend/vendor/laravel/framework/src/Illuminate/Foundation/Http/Middleware/TrimStrings.php(51): Illuminate\\Foundation\\Http\\Middleware\\TransformsRequest->handle(Object(Illuminate\\Http\\Request), Object(Closure))
#37 /Users/aminshojaei/AndroidStudioProjects/Calcuapp/backend/vendor/laravel/framework/src/Illuminate/Pipeline/Pipeline.php(219): Illuminate\\Foundation\\Http\\Middleware\\TrimStrings->handle(Object(Illuminate\\Http\\Request), Object(Closure))
#38 /Users/aminshojaei/AndroidStudioProjects/Calcuapp/backend/vendor/laravel/framework/src/Illuminate/Http/Middleware/ValidatePostSize.php(27): Illuminate\\Pipeline\\Pipeline->{closure:{closure:Illuminate\\Pipeline\\Pipeline::carry():194}:195}(Object(Illuminate\\Http\\Request))
#39 /Users/aminshojaei/AndroidStudioProjects/Calcuapp/backend/vendor/laravel/framework/src/Illuminate/Pipeline/Pipeline.php(219): Illuminate\\Http\\Middleware\\ValidatePostSize->handle(Object(Illuminate\\Http\\Request), Object(Closure))
#40 /Users/aminshojaei/AndroidStudioProjects/Calcuapp/backend/vendor/laravel/framework/src/Illuminate/Foundation/Http/Middleware/PreventRequestsDuringMaintenance.php(109): Illuminate\\Pipeline\\Pipeline->{closure:{closure:Illuminate\\Pipeline\\Pipeline::carry():194}:195}(Object(Illuminate\\Http\\Request))
#41 /Users/aminshojaei/AndroidStudioProjects/Calcuapp/backend/vendor/laravel/framework/src/Illuminate/Pipeline/Pipeline.php(219): Illuminate\\Foundation\\Http\\Middleware\\PreventRequestsDuringMaintenance->handle(Object(Illuminate\\Http\\Request), Object(Closure))
#42 /Users/aminshojaei/AndroidStudioProjects/Calcuapp/backend/vendor/laravel/framework/src/Illuminate/Http/Middleware/HandleCors.php(74): Illuminate\\Pipeline\\Pipeline->{closure:{closure:Illuminate\\Pipeline\\Pipeline::carry():194}:195}(Object(Illuminate\\Http\\Request))
#43 /Users/aminshojaei/AndroidStudioProjects/Calcuapp/backend/vendor/laravel/framework/src/Illuminate/Pipeline/Pipeline.php(219): Illuminate\\Http\\Middleware\\HandleCors->handle(Object(Illuminate\\Http\\Request), Object(Closure))
#44 /Users/aminshojaei/AndroidStudioProjects/Calcuapp/backend/vendor/laravel/framework/src/Illuminate/Http/Middleware/TrustProxies.php(58): Illuminate\\Pipeline\\Pipeline->{closure:{closure:Illuminate\\Pipeline\\Pipeline::carry():194}:195}(Object(Illuminate\\Http\\Request))
#45 /Users/aminshojaei/AndroidStudioProjects/Calcuapp/backend/vendor/laravel/framework/src/Illuminate/Pipeline/Pipeline.php(219): Illuminate\\Http\\Middleware\\TrustProxies->handle(Object(Illuminate\\Http\\Request), Object(Closure))
#46 /Users/aminshojaei/AndroidStudioProjects/Calcuapp/backend/vendor/laravel/framework/src/Illuminate/Foundation/Http/Middleware/InvokeDeferredCallbacks.php(22): Illuminate\\Pipeline\\Pipeline->{closure:{closure:Illuminate\\Pipeline\\Pipeline::carry():194}:195}(Object(Illuminate\\Http\\Request))
#47 /Users/aminshojaei/AndroidStudioProjects/Calcuapp/backend/vendor/laravel/framework/src/Illuminate/Pipeline/Pipeline.php(219): Illuminate\\Foundation\\Http\\Middleware\\InvokeDeferredCallbacks->handle(Object(Illuminate\\Http\\Request), Object(Closure))
#48 /Users/aminshojaei/AndroidStudioProjects/Calcuapp/backend/vendor/laravel/framework/src/Illuminate/Http/Middleware/ValidatePathEncoding.php(26): Illuminate\\Pipeline\\Pipeline->{closure:{closure:Illuminate\\Pipeline\\Pipeline::carry():194}:195}(Object(Illuminate\\Http\\Request))
#49 /Users/aminshojaei/AndroidStudioProjects/Calcuapp/backend/vendor/laravel/framework/src/Illuminate/Pipeline/Pipeline.php(219): Illuminate\\Http\\Middleware\\ValidatePathEncoding->handle(Object(Illuminate\\Http\\Request), Object(Closure))
#50 /Users/aminshojaei/AndroidStudioProjects/Calcuapp/backend/vendor/laravel/framework/src/Illuminate/Pipeline/Pipeline.php(137): Illuminate\\Pipeline\\Pipeline->{closure:{closure:Illuminate\\Pipeline\\Pipeline::carry():194}:195}(Object(Illuminate\\Http\\Request))
#51 /Users/aminshojaei/AndroidStudioProjects/Calcuapp/backend/vendor/laravel/framework/src/Illuminate/Foundation/Http/Kernel.php(175): Illuminate\\Pipeline\\Pipeline->then(Object(Closure))
#52 /Users/aminshojaei/AndroidStudioProjects/Calcuapp/backend/vendor/laravel/framework/src/Illuminate/Foundation/Http/Kernel.php(144): Illuminate\\Foundation\\Http\\Kernel->sendRequestThroughRouter(Object(Illuminate\\Http\\Request))
#53 /Users/aminshojaei/AndroidStudioProjects/Calcuapp/backend/vendor/laravel/framework/src/Illuminate/Foundation/Application.php(1220): Illuminate\\Foundation\\Http\\Kernel->handle(Object(Illuminate\\Http\\Request))
#54 /Users/aminshojaei/AndroidStudioProjects/Calcuapp/backend/public/index.php(17): Illuminate\\Foundation\\Application->handleRequest(Object(Illuminate\\Http\\Request))
#55 /Users/aminshojaei/AndroidStudioProjects/Calcuapp/backend/vendor/laravel/framework/src/Illuminate/Foundation/resources/server.php(23): require_once('/Users/aminshoj...')
#56 {main}

[previous exception] [object] (PDOException(code: 23000): SQLSTATE[23000]: Integrity constraint violation: 19 FOREIGN KEY constraint failed at /Users/aminshojaei/AndroidStudioProjects/Calcuapp/backend/vendor/laravel/framework/src/Illuminate/Database/Connection.php:584)
[stacktrace]
#0 /Users/aminshojaei/AndroidStudioProjects/Calcuapp/backend/vendor/laravel/framework/src/Illuminate/Database/Connection.php(584): PDOStatement->execute()
#1 /Users/aminshojaei/AndroidStudioProjects/Calcuapp/backend/vendor/laravel/framework/src/Illuminate/Database/Connection.php(827): Illuminate\\Database\\Connection->{closure:Illuminate\\Database\\Connection::statement():573}('insert into \"pr...', Array)
#2 /Users/aminshojaei/AndroidStudioProjects/Calcuapp/backend/vendor/laravel/framework/src/Illuminate/Database/Connection.php(794): Illuminate\\Database\\Connection->runQueryCallback('insert into \"pr...', Array, Object(Closure))
#3 /Users/aminshojaei/AndroidStudioProjects/Calcuapp/backend/vendor/laravel/framework/src/Illuminate/Database/Connection.php(573): Illuminate\\Database\\Connection->run('insert into \"pr...', Array, Object(Closure))
#4 /Users/aminshojaei/AndroidStudioProjects/Calcuapp/backend/vendor/laravel/framework/src/Illuminate/Database/Connection.php(537): Illuminate\\Database\\Connection->statement('insert into \"pr...', Array)
#5 /Users/aminshojaei/AndroidStudioProjects/Calcuapp/backend/vendor/laravel/framework/src/Illuminate/Database/Query/Builder.php(4121): Illuminate\\Database\\Connection->insert('insert into \"pr...', Array)
#6 /Users/aminshojaei/AndroidStudioProjects/Calcuapp/backend/vendor/laravel/framework/src/Illuminate/Database/Eloquent/Builder.php(2237): Illuminate\\Database\\Query\\Builder->insert(Array)
#7 /Users/aminshojaei/AndroidStudioProjects/Calcuapp/backend/vendor/laravel/framework/src/Illuminate/Database/Eloquent/Model.php(1412): Illuminate\\Database\\Eloquent\\Builder->__call('insert', Array)
#8 /Users/aminshojaei/AndroidStudioProjects/Calcuapp/backend/vendor/laravel/framework/src/Illuminate/Database/Eloquent/Model.php(1240): Illuminate\\Database\\Eloquent\\Model->performInsert(Object(Illuminate\\Database\\Eloquent\\Builder))
#9 /Users/aminshojaei/AndroidStudioProjects/Calcuapp/backend/vendor/laravel/framework/src/Illuminate/Database/Eloquent/Builder.php(1219): Illuminate\\Database\\Eloquent\\Model->save()
#10 /Users/aminshojaei/AndroidStudioProjects/Calcuapp/backend/vendor/laravel/framework/src/Illuminate/Support/helpers.php(393): Illuminate\\Database\\Eloquent\\Builder->{closure:Illuminate\\Database\\Eloquent\\Builder::create():1218}(Object(App\\Models\\Product))
#11 /Users/aminshojaei/AndroidStudioProjects/Calcuapp/backend/vendor/laravel/framework/src/Illuminate/Database/Eloquent/Builder.php(1218): tap(Object(App\\Models\\Product), Object(Closure))
#12 /Users/aminshojaei/AndroidStudioProjects/Calcuapp/backend/vendor/laravel/framework/src/Illuminate/Support/Traits/ForwardsCalls.php(23): Illuminate\\Database\\Eloquent\\Builder->create(Array)
#13 /Users/aminshojaei/AndroidStudioProjects/Calcuapp/backend/vendor/laravel/framework/src/Illuminate/Database/Eloquent/Model.php(2544): Illuminate\\Database\\Eloquent\\Model->forwardCallTo(Object(Illuminate\\Database\\Eloquent\\Builder), 'create', Array)
#14 /Users/aminshojaei/AndroidStudioProjects/Calcuapp/backend/vendor/laravel/framework/src/Illuminate/Database/Eloquent/Model.php(2560): Illuminate\\Database\\Eloquent\\Model->__call('create', Array)
#15 /Users/aminshojaei/AndroidStudioProjects/Calcuapp/backend/app/Http/Controllers/Api/ProductController.php(71): Illuminate\\Database\\Eloquent\\Model::__callStatic('create', Array)
#16 /Users/aminshojaei/AndroidStudioProjects/Calcuapp/backend/vendor/laravel/framework/src/Illuminate/Routing/ControllerDispatcher.php(46): App\\Http\\Controllers\\Api\\ProductController->store(Object(Illuminate\\Http\\Request))
#17 /Users/aminshojaei/AndroidStudioProjects/Calcuapp/backend/vendor/laravel/framework/src/Illuminate/Routing/Route.php(265): Illuminate\\Routing\\ControllerDispatcher->dispatch(Object(Illuminate\\Routing\\Route), Object(App\\Http\\Controllers\\Api\\ProductController), 'store')
#18 /Users/aminshojaei/AndroidStudioProjects/Calcuapp/backend/vendor/laravel/framework/src/Illuminate/Routing/Route.php(211): Illuminate\\Routing\\Route->runController()
#19 /Users/aminshojaei/AndroidStudioProjects/Calcuapp/backend/vendor/laravel/framework/src/Illuminate/Routing/Router.php(822): Illuminate\\Routing\\Route->run()
#20 /Users/aminshojaei/AndroidStudioProjects/Calcuapp/backend/vendor/laravel/framework/src/Illuminate/Pipeline/Pipeline.php(180): Illuminate\\Routing\\Router->{closure:Illuminate\\Routing\\Router::runRouteWithinStack():821}(Object(Illuminate\\Http\\Request))
#21 /Users/aminshojaei/AndroidStudioProjects/Calcuapp/backend/app/Http/Middleware/IdempotencyMiddleware.php(18): Illuminate\\Pipeline\\Pipeline->{closure:Illuminate\\Pipeline\\Pipeline::prepareDestination():178}(Object(Illuminate\\Http\\Request))
#22 /Users/aminshojaei/AndroidStudioProjects/Calcuapp/backend/vendor/laravel/framework/src/Illuminate/Pipeline/Pipeline.php(219): App\\Http\\Middleware\\IdempotencyMiddleware->handle(Object(Illuminate\\Http\\Request), Object(Closure))
#23 /Users/aminshojaei/AndroidStudioProjects/Calcuapp/backend/app/Http/Middleware/TenantMiddleware.php(53): Illuminate\\Pipeline\\Pipeline->{closure:{closure:Illuminate\\Pipeline\\Pipeline::carry():194}:195}(Object(Illuminate\\Http\\Request))
#24 /Users/aminshojaei/AndroidStudioProjects/Calcuapp/backend/vendor/laravel/framework/src/Illuminate/Pipeline/Pipeline.php(219): App\\Http\\Middleware\\TenantMiddleware->handle(Object(Illuminate\\Http\\Request), Object(Closure))
#25 /Users/aminshojaei/AndroidStudioProjects/Calcuapp/backend/vendor/laravel/framework/src/Illuminate/Routing/Middleware/SubstituteBindings.php(50): Illuminate\\Pipeline\\Pipeline->{closure:{closure:Illuminate\\Pipeline\\Pipeline::carry():194}:195}(Object(Illuminate\\Http\\Request))
#26 /Users/aminshojaei/AndroidStudioProjects/Calcuapp/backend/vendor/laravel/framework/src/Illuminate/Pipeline/Pipeline.php(219): Illuminate\\Routing\\Middleware\\SubstituteBindings->handle(Object(Illuminate\\Http\\Request), Object(Closure))
#27 /Users/aminshojaei/AndroidStudioProjects/Calcuapp/backend/vendor/laravel/framework/src/Illuminate/Pipeline/Pipeline.php(137): Illuminate\\Pipeline\\Pipeline->{closure:{closure:Illuminate\\Pipeline\\Pipeline::carry():194}:195}(Object(Illuminate\\Http\\Request))
#28 /Users/aminshojaei/AndroidStudioProjects/Calcuapp/backend/vendor/laravel/framework/src/Illuminate/Routing/Router.php(821): Illuminate\\Pipeline\\Pipeline->then(Object(Closure))
#29 /Users/aminshojaei/AndroidStudioProjects/Calcuapp/backend/vendor/laravel/framework/src/Illuminate/Routing/Router.php(800): Illuminate\\Routing\\Router->runRouteWithinStack(Object(Illuminate\\Routing\\Route), Object(Illuminate\\Http\\Request))
#30 /Users/aminshojaei/AndroidStudioProjects/Calcuapp/backend/vendor/laravel/framework/src/Illuminate/Routing/Router.php(764): Illuminate\\Routing\\Router->runRoute(Object(Illuminate\\Http\\Request), Object(Illuminate\\Routing\\Route))
#31 /Users/aminshojaei/AndroidStudioProjects/Calcuapp/backend/vendor/laravel/framework/src/Illuminate/Routing/Router.php(753): Illuminate\\Routing\\Router->dispatchToRoute(Object(Illuminate\\Http\\Request))
#32 /Users/aminshojaei/AndroidStudioProjects/Calcuapp/backend/vendor/laravel/framework/src/Illuminate/Foundation/Http/Kernel.php(200): Illuminate\\Routing\\Router->dispatch(Object(Illuminate\\Http\\Request))
#33 /Users/aminshojaei/AndroidStudioProjects/Calcuapp/backend/vendor/laravel/framework/src/Illuminate/Pipeline/Pipeline.php(180): Illuminate\\Foundation\\Http\\Kernel->{closure:Illuminate\\Foundation\\Http\\Kernel::dispatchToRouter():197}(Object(Illuminate\\Http\\Request))
#34 /Users/aminshojaei/AndroidStudioProjects/Calcuapp/backend/vendor/laravel/framework/src/Illuminate/Foundation/Http/Middleware/TransformsRequest.php(21): Illuminate\\Pipeline\\Pipeline->{closure:Illuminate\\Pipeline\\Pipeline::prepareDestination():178}(Object(Illuminate\\Http\\Request))
#35 /Users/aminshojaei/AndroidStudioProjects/Calcuapp/backend/vendor/laravel/framework/src/Illuminate/Foundation/Http/Middleware/ConvertEmptyStringsToNull.php(31): Illuminate\\Foundation\\Http\\Middleware\\TransformsRequest->handle(Object(Illuminate\\Http\\Request), Object(Closure))
#36 /Users/aminshojaei/AndroidStudioProjects/Calcuapp/backend/vendor/laravel/framework/src/Illuminate/Pipeline/Pipeline.php(219): Illuminate\\Foundation\\Http\\Middleware\\ConvertEmptyStringsToNull->handle(Object(Illuminate\\Http\\Request), Object(Closure))
#37 /Users/aminshojaei/AndroidStudioProjects/Calcuapp/backend/vendor/laravel/framework/src/Illuminate/Foundation/Http/Middleware/TransformsRequest.php(21): Illuminate\\Pipeline\\Pipeline->{closure:{closure:Illuminate\\Pipeline\\Pipeline::carry():194}:195}(Object(Illuminate\\Http\\Request))
#38 /Users/aminshojaei/AndroidStudioProjects/Calcuapp/backend/vendor/laravel/framework/src/Illuminate/Foundation/Http/Middleware/TrimStrings.php(51): Illuminate\\Foundation\\Http\\Middleware\\TransformsRequest->handle(Object(Illuminate\\Http\\Request), Object(Closure))
#39 /Users/aminshojaei/AndroidStudioProjects/Calcuapp/backend/vendor/laravel/framework/src/Illuminate/Pipeline/Pipeline.php(219): Illuminate\\Foundation\\Http\\Middleware\\TrimStrings->handle(Object(Illuminate\\Http\\Request), Object(Closure))
#40 /Users/aminshojaei/AndroidStudioProjects/Calcuapp/backend/vendor/laravel/framework/src/Illuminate/Http/Middleware/ValidatePostSize.php(27): Illuminate\\Pipeline\\Pipeline->{closure:{closure:Illuminate\\Pipeline\\Pipeline::carry():194}:195}(Object(Illuminate\\Http\\Request))
#41 /Users/aminshojaei/AndroidStudioProjects/Calcuapp/backend/vendor/laravel/framework/src/Illuminate/Pipeline/Pipeline.php(219): Illuminate\\Http\\Middleware\\ValidatePostSize->handle(Object(Illuminate\\Http\\Request), Object(Closure))
#42 /Users/aminshojaei/AndroidStudioProjects/Calcuapp/backend/vendor/laravel/framework/src/Illuminate/Foundation/Http/Middleware/PreventRequestsDuringMaintenance.php(109): Illuminate\\Pipeline\\Pipeline->{closure:{closure:Illuminate\\Pipeline\\Pipeline::carry():194}:195}(Object(Illuminate\\Http\\Request))
#43 /Users/aminshojaei/AndroidStudioProjects/Calcuapp/backend/vendor/laravel/framework/src/Illuminate/Pipeline/Pipeline.php(219): Illuminate\\Foundation\\Http\\Middleware\\PreventRequestsDuringMaintenance->handle(Object(Illuminate\\Http\\Request), Object(Closure))
#44 /Users/aminshojaei/AndroidStudioProjects/Calcuapp/backend/vendor/laravel/framework/src/Illuminate/Http/Middleware/HandleCors.php(74): Illuminate\\Pipeline\\Pipeline->{closure:{closure:Illuminate\\Pipeline\\Pipeline::carry():194}:195}(Object(Illuminate\\Http\\Request))
#45 /Users/aminshojaei/AndroidStudioProjects/Calcuapp/backend/vendor/laravel/framework/src/Illuminate/Pipeline/Pipeline.php(219): Illuminate\\Http\\Middleware\\HandleCors->handle(Object(Illuminate\\Http\\Request), Object(Closure))
#46 /Users/aminshojaei/AndroidStudioProjects/Calcuapp/backend/vendor/laravel/framework/src/Illuminate/Http/Middleware/TrustProxies.php(58): Illuminate\\Pipeline\\Pipeline->{closure:{closure:Illuminate\\Pipeline\\Pipeline::carry():194}:195}(Object(Illuminate\\Http\\Request))
#47 /Users/aminshojaei/AndroidStudioProjects/Calcuapp/backend/vendor/laravel/framework/src/Illuminate/Pipeline/Pipeline.php(219): Illuminate\\Http\\Middleware\\TrustProxies->handle(Object(Illuminate\\Http\\Request), Object(Closure))
#48 /Users/aminshojaei/AndroidStudioProjects/Calcuapp/backend/vendor/laravel/framework/src/Illuminate/Foundation/Http/Middleware/InvokeDeferredCallbacks.php(22): Illuminate\\Pipeline\\Pipeline->{closure:{closure:Illuminate\\Pipeline\\Pipeline::carry():194}:195}(Object(Illuminate\\Http\\Request))
#49 /Users/aminshojaei/AndroidStudioProjects/Calcuapp/backend/vendor/laravel/framework/src/Illuminate/Pipeline/Pipeline.php(219): Illuminate\\Foundation\\Http\\Middleware\\InvokeDeferredCallbacks->handle(Object(Illuminate\\Http\\Request), Object(Closure))
#50 /Users/aminshojaei/AndroidStudioProjects/Calcuapp/backend/vendor/laravel/framework/src/Illuminate/Http/Middleware/ValidatePathEncoding.php(26): Illuminate\\Pipeline\\Pipeline->{closure:{closure:Illuminate\\Pipeline\\Pipeline::carry():194}:195}(Object(Illuminate\\Http\\Request))
#51 /Users/aminshojaei/AndroidStudioProjects/Calcuapp/backend/vendor/laravel/framework/src/Illuminate/Pipeline/Pipeline.php(219): Illuminate\\Http\\Middleware\\ValidatePathEncoding->handle(Object(Illuminate\\Http\\Request), Object(Closure))
#52 /Users/aminshojaei/AndroidStudioProjects/Calcuapp/backend/vendor/laravel/framework/src/Illuminate/Pipeline/Pipeline.php(137): Illuminate\\Pipeline\\Pipeline->{closure:{closure:Illuminate\\Pipeline\\Pipeline::carry():194}:195}(Object(Illuminate\\Http\\Request))
#53 /Users/aminshojaei/AndroidStudioProjects/Calcuapp/backend/vendor/laravel/framework/src/Illuminate/Foundation/Http/Kernel.php(175): Illuminate\\Pipeline\\Pipeline->then(Object(Closure))
#54 /Users/aminshojaei/AndroidStudioProjects/Calcuapp/backend/vendor/laravel/framework/src/Illuminate/Foundation/Http/Kernel.php(144): Illuminate\\Foundation\\Http\\Kernel->sendRequestThroughRouter(Object(Illuminate\\Http\\Request))
#55 /Users/aminshojaei/AndroidStudioProjects/Calcuapp/backend/vendor/laravel/framework/src/Illuminate/Foundation/Application.php(1220): Illuminate\\Foundation\\Http\\Kernel->handle(Object(Illuminate\\Http\\Request))
#56 /Users/aminshojaei/AndroidStudioProjects/Calcuapp/backend/public/index.php(17): Illuminate\\Foundation\\Application->handleRequest(Object(Illuminate\\Http\\Request))
#57 /Users/aminshojaei/AndroidStudioProjects/Calcuapp/backend/vendor/laravel/framework/src/Illuminate/Foundation/resources/server.php(23): require_once('/Users/aminshoj...')
#58 {main}
"} 
[2026-10-01 08:00:39] local.ERROR: SQLSTATE[23000]: Integrity constraint violation: 19 FOREIGN KEY constraint failed (Connection: sqlite, Database: database/database.sqlite, SQL: insert into "products" ("id", "organization_id", "sku", "barcode", "name", "description", "price", "cost_price", "category", "unit", "image_url", "updated_at", "created_at") values (e45e1398-1ce3-4111-8885-448648756507, , SKU-7980, 123243, لیسلبی, htdytd, 14860000, 14850000, عمومی, pcs, , 2026-10-01 08:00:39, 2026-10-01 08:00:39)) {"exception":"[object] (Illuminate\\Database\\QueryException(code: 23000): SQLSTATE[23000]: Integrity constraint violation: 19 FOREIGN KEY constraint failed (Connection: sqlite, Database: database/database.sqlite, SQL: insert into \"products\" (\"id\", \"organization_id\", \"sku\", \"barcode\", \"name\", \"description\", \"price\", \"cost_price\", \"category\", \"unit\", \"image_url\", \"updated_at\", \"created_at\") values (e45e1398-1ce3-4111-8885-448648756507, , SKU-7980, 123243, لیسلبی, htdytd, 14860000, 14850000, عمومی, pcs, , 2026-10-01 08:00:39, 2026-10-01 08:00:39)) at /Users/aminshojaei/AndroidStudioProjects/Calcuapp/backend/vendor/laravel/framework/src/Illuminate/Database/Connection.php:838)
[stacktrace]
#0 /Users/aminshojaei/AndroidStudioProjects/Calcuapp/backend/vendor/laravel/framework/src/Illuminate/Database/Connection.php(794): Illuminate\\Database\\Connection->runQueryCallback('insert into \"pr...', Array, Object(Closure))
#1 /Users/aminshojaei/AndroidStudioProjects/Calcuapp/backend/vendor/laravel/framework/src/Illuminate/Database/Connection.php(573): Illuminate\\Database\\Connection->run('insert into \"pr...', Array, Object(Closure))
#2 /Users/aminshojaei/AndroidStudioProjects/Calcuapp/backend/vendor/laravel/framework/src/Illuminate/Database/Connection.php(537): Illuminate\\Database\\Connection->statement('insert into \"pr...', Array)
#3 /Users/aminshojaei/AndroidStudioProjects/Calcuapp/backend/vendor/laravel/framework/src/Illuminate/Database/Query/Builder.php(4121): Illuminate\\Database\\Connection->insert('insert into \"pr...', Array)
#4 /Users/aminshojaei/AndroidStudioProjects/Calcuapp/backend/vendor/laravel/framework/src/Illuminate/Database/Eloquent/Builder.php(2237): Illuminate\\Database\\Query\\Builder->insert(Array)
#5 /Users/aminshojaei/AndroidStudioProjects/Calcuapp/backend/vendor/laravel/framework/src/Illuminate/Database/Eloquent/Model.php(1412): Illuminate\\Database\\Eloquent\\Builder->__call('insert', Array)
#6 /Users/aminshojaei/AndroidStudioProjects/Calcuapp/backend/vendor/laravel/framework/src/Illuminate/Database/Eloquent/Model.php(1240): Illuminate\\Database\\Eloquent\\Model->performInsert(Object(Illuminate\\Database\\Eloquent\\Builder))
#7 /Users/aminshojaei/AndroidStudioProjects/Calcuapp/backend/vendor/laravel/framework/src/Illuminate/Database/Eloquent/Builder.php(1219): Illuminate\\Database\\Eloquent\\Model->save()
#8 /Users/aminshojaei/AndroidStudioProjects/Calcuapp/backend/vendor/laravel/framework/src/Illuminate/Support/helpers.php(393): Illuminate\\Database\\Eloquent\\Builder->{closure:Illuminate\\Database\\Eloquent\\Builder::create():1218}(Object(App\\Models\\Product))
#9 /Users/aminshojaei/AndroidStudioProjects/Calcuapp/backend/vendor/laravel/framework/src/Illuminate/Database/Eloquent/Builder.php(1218): tap(Object(App\\Models\\Product), Object(Closure))
#10 /Users/aminshojaei/AndroidStudioProjects/Calcuapp/backend/vendor/laravel/framework/src/Illuminate/Support/Traits/ForwardsCalls.php(23): Illuminate\\Database\\Eloquent\\Builder->create(Array)
#11 /Users/aminshojaei/AndroidStudioProjects/Calcuapp/backend/vendor/laravel/framework/src/Illuminate/Database/Eloquent/Model.php(2544): Illuminate\\Database\\Eloquent\\Model->forwardCallTo(Object(Illuminate\\Database\\Eloquent\\Builder), 'create', Array)
#12 /Users/aminshojaei/AndroidStudioProjects/Calcuapp/backend/vendor/laravel/framework/src/Illuminate/Database/Eloquent/Model.php(2560): Illuminate\\Database\\Eloquent\\Model->__call('create', Array)
#13 /Users/aminshojaei/AndroidStudioProjects/Calcuapp/backend/app/Http/Controllers/Api/ProductController.php(71): Illuminate\\Database\\Eloquent\\Model::__callStatic('create', Array)
#14 /Users/aminshojaei/AndroidStudioProjects/Calcuapp/backend/vendor/laravel/framework/src/Illuminate/Routing/ControllerDispatcher.php(46): App\\Http\\Controllers\\Api\\ProductController->store(Object(Illuminate\\Http\\Request))
#15 /Users/aminshojaei/AndroidStudioProjects/Calcuapp/backend/vendor/laravel/framework/src/Illuminate/Routing/Route.php(265): Illuminate\\Routing\\ControllerDispatcher->dispatch(Object(Illuminate\\Routing\\Route), Object(App\\Http\\Controllers\\Api\\ProductController), 'store')
#16 /Users/aminshojaei/AndroidStudioProjects/Calcuapp/backend/vendor/laravel/framework/src/Illuminate/Routing/Route.php(211): Illuminate\\Routing\\Route->runController()
#17 /Users/aminshojaei/AndroidStudioProjects/Calcuapp/backend/vendor/laravel/framework/src/Illuminate/Routing/Router.php(822): Illuminate\\Routing\\Route->run()
#18 /Users/aminshojaei/AndroidStudioProjects/Calcuapp/backend/vendor/laravel/framework/src/Illuminate/Pipeline/Pipeline.php(180): Illuminate\\Routing\\Router->{closure:Illuminate\\Routing\\Router::runRouteWithinStack():821}(Object(Illuminate\\Http\\Request))
#19 /Users/aminshojaei/AndroidStudioProjects/Calcuapp/backend/app/Http/Middleware/IdempotencyMiddleware.php(18): Illuminate\\Pipeline\\Pipeline->{closure:Illuminate\\Pipeline\\Pipeline::prepareDestination():178}(Object(Illuminate\\Http\\Request))
#20 /Users/aminshojaei/AndroidStudioProjects/Calcuapp/backend/vendor/laravel/framework/src/Illuminate/Pipeline/Pipeline.php(219): App\\Http\\Middleware\\IdempotencyMiddleware->handle(Object(Illuminate\\Http\\Request), Object(Closure))
#21 /Users/aminshojaei/AndroidStudioProjects/Calcuapp/backend/app/Http/Middleware/TenantMiddleware.php(53): Illuminate\\Pipeline\\Pipeline->{closure:{closure:Illuminate\\Pipeline\\Pipeline::carry():194}:195}(Object(Illuminate\\Http\\Request))
#22 /Users/aminshojaei/AndroidStudioProjects/Calcuapp/backend/vendor/laravel/framework/src/Illuminate/Pipeline/Pipeline.php(219): App\\Http\\Middleware\\TenantMiddleware->handle(Object(Illuminate\\Http\\Request), Object(Closure))
#23 /Users/aminshojaei/AndroidStudioProjects/Calcuapp/backend/vendor/laravel/framework/src/Illuminate/Routing/Middleware/SubstituteBindings.php(50): Illuminate\\Pipeline\\Pipeline->{closure:{closure:Illuminate\\Pipeline\\Pipeline::carry():194}:195}(Object(Illuminate\\Http\\Request))
#24 /Users/aminshojaei/AndroidStudioProjects/Calcuapp/backend/vendor/laravel/framework/src/Illuminate/Pipeline/Pipeline.php(219): Illuminate\\Routing\\Middleware\\SubstituteBindings->handle(Object(Illuminate\\Http\\Request), Object(Closure))
#25 /Users/aminshojaei/AndroidStudioProjects/Calcuapp/backend/vendor/laravel/framework/src/Illuminate/Pipeline/Pipeline.php(137): Illuminate\\Pipeline\\Pipeline->{closure:{closure:Illuminate\\Pipeline\\Pipeline::carry():194}:195}(Object(Illuminate\\Http\\Request))
#26 /Users/aminshojaei/AndroidStudioProjects/Calcuapp/backend/vendor/laravel/framework/src/Illuminate/Routing/Router.php(821): Illuminate\\Pipeline\\Pipeline->then(Object(Closure))
#27 /Users/aminshojaei/AndroidStudioProjects/Calcuapp/backend/vendor/laravel/framework/src/Illuminate/Routing/Router.php(800): Illuminate\\Routing\\Router->runRouteWithinStack(Object(Illuminate\\Routing\\Route), Object(Illuminate\\Http\\Request))
#28 /Users/aminshojaei/AndroidStudioProjects/Calcuapp/backend/vendor/laravel/framework/src/Illuminate/Routing/Router.php(764): Illuminate\\Routing\\Router->runRoute(Object(Illuminate\\Http\\Request), Object(Illuminate\\Routing\\Route))
#29 /Users/aminshojaei/AndroidStudioProjects/Calcuapp/backend/vendor/laravel/framework/src/Illuminate/Routing/Router.php(753): Illuminate\\Routing\\Router->dispatchToRoute(Object(Illuminate\\Http\\Request))
#30 /Users/aminshojaei/AndroidStudioProjects/Calcuapp/backend/vendor/laravel/framework/src/Illuminate/Foundation/Http/Kernel.php(200): Illuminate\\Routing\\Router->dispatch(Object(Illuminate\\Http\\Request))
#31 /Users/aminshojaei/AndroidStudioProjects/Calcuapp/backend/vendor/laravel/framework/src/Illuminate/Pipeline/Pipeline.php(180): Illuminate\\Foundation\\Http\\Kernel->{closure:Illuminate\\Foundation\\Http\\Kernel::dispatchToRouter():197}(Object(Illuminate\\Http\\Request))
#32 /Users/aminshojaei/AndroidStudioProjects/Calcuapp/backend/vendor/laravel/framework/src/Illuminate/Foundation/Http/Middleware/TransformsRequest.php(21): Illuminate\\Pipeline\\Pipeline->{closure:Illuminate\\Pipeline\\Pipeline::prepareDestination():178}(Object(Illuminate\\Http\\Request))
#33 /Users/aminshojaei/AndroidStudioProjects/Calcuapp/backend/vendor/laravel/framework/src/Illuminate/Foundation/Http/Middleware/ConvertEmptyStringsToNull.php(31): Illuminate\\Foundation\\Http\\Middleware\\TransformsRequest->handle(Object(Illuminate\\Http\\Request), Object(Closure))
#34 /Users/aminshojaei/AndroidStudioProjects/Calcuapp/backend/vendor/laravel/framework/src/Illuminate/Pipeline/Pipeline.php(219): Illuminate\\Foundation\\Http\\Middleware\\ConvertEmptyStringsToNull->handle(Object(Illuminate\\Http\\Request), Object(Closure))
#35 /Users/aminshojaei/AndroidStudioProjects/Calcuapp/backend/vendor/laravel/framework/src/Illuminate/Foundation/Http/Middleware/TransformsRequest.php(21): Illuminate\\Pipeline\\Pipeline->{closure:{closure:Illuminate\\Pipeline\\Pipeline::carry():194}:195}(Object(Illuminate\\Http\\Request))
#36 /Users/aminshojaei/AndroidStudioProjects/Calcuapp/backend/vendor/laravel/framework/src/Illuminate/Foundation/Http/Middleware/TrimStrings.php(51): Illuminate\\Foundation\\Http\\Middleware\\TransformsRequest->handle(Object(Illuminate\\Http\\Request), Object(Closure))
#37 /Users/aminshojaei/AndroidStudioProjects/Calcuapp/backend/vendor/laravel/framework/src/Illuminate/Pipeline/Pipeline.php(219): Illuminate\\Foundation\\Http\\Middleware\\TrimStrings->handle(Object(Illuminate\\Http\\Request), Object(Closure))
#38 /Users/aminshojaei/AndroidStudioProjects/Calcuapp/backend/vendor/laravel/framework/src/Illuminate/Http/Middleware/ValidatePostSize.php(27): Illuminate\\Pipeline\\Pipeline->{closure:{closure:Illuminate\\Pipeline\\Pipeline::carry():194}:195}(Object(Illuminate\\Http\\Request))
#39 /Users/aminshojaei/AndroidStudioProjects/Calcuapp/backend/vendor/laravel/framework/src/Illuminate/Pipeline/Pipeline.php(219): Illuminate\\Http\\Middleware\\ValidatePostSize->handle(Object(Illuminate\\Http\\Request), Object(Closure))
#40 /Users/aminshojaei/AndroidStudioProjects/Calcuapp/backend/vendor/laravel/framework/src/Illuminate/Foundation/Http/Middleware/PreventRequestsDuringMaintenance.php(109): Illuminate\\Pipeline\\Pipeline->{closure:{closure:Illuminate\\Pipeline\\Pipeline::carry():194}:195}(Object(Illuminate\\Http\\Request))
#41 /Users/aminshojaei/AndroidStudioProjects/Calcuapp/backend/vendor/laravel/framework/src/Illuminate/Pipeline/Pipeline.php(219): Illuminate\\Foundation\\Http\\Middleware\\PreventRequestsDuringMaintenance->handle(Object(Illuminate\\Http\\Request), Object(Closure))
#42 /Users/aminshojaei/AndroidStudioProjects/Calcuapp/backend/vendor/laravel/framework/src/Illuminate/Http/Middleware/HandleCors.php(74): Illuminate\\Pipeline\\Pipeline->{closure:{closure:Illuminate\\Pipeline\\Pipeline::carry():194}:195}(Object(Illuminate\\Http\\Request))
#43 /Users/aminshojaei/AndroidStudioProjects/Calcuapp/backend/vendor/laravel/framework/src/Illuminate/Pipeline/Pipeline.php(219): Illuminate\\Http\\Middleware\\HandleCors->handle(Object(Illuminate\\Http\\Request), Object(Closure))
#44 /Users/aminshojaei/AndroidStudioProjects/Calcuapp/backend/vendor/laravel/framework/src/Illuminate/Http/Middleware/TrustProxies.php(58): Illuminate\\Pipeline\\Pipeline->{closure:{closure:Illuminate\\Pipeline\\Pipeline::carry():194}:195}(Object(Illuminate\\Http\\Request))
#45 /Users/aminshojaei/AndroidStudioProjects/Calcuapp/backend/vendor/laravel/framework/src/Illuminate/Pipeline/Pipeline.php(219): Illuminate\\Http\\Middleware\\TrustProxies->handle(Object(Illuminate\\Http\\Request), Object(Closure))
#46 /Users/aminshojaei/AndroidStudioProjects/Calcuapp/backend/vendor/laravel/framework/src/Illuminate/Foundation/Http/Middleware/InvokeDeferredCallbacks.php(22): Illuminate\\Pipeline\\Pipeline->{closure:{closure:Illuminate\\Pipeline\\Pipeline::carry():194}:195}(Object(Illuminate\\Http\\Request))
#47 /Users/aminshojaei/AndroidStudioProjects/Calcuapp/backend/vendor/laravel/framework/src/Illuminate/Pipeline/Pipeline.php(219): Illuminate\\Foundation\\Http\\Middleware\\InvokeDeferredCallbacks->handle(Object(Illuminate\\Http\\Request), Object(Closure))
#48 /Users/aminshojaei/AndroidStudioProjects/Calcuapp/backend/vendor/laravel/framework/src/Illuminate/Http/Middleware/ValidatePathEncoding.php(26): Illuminate\\Pipeline\\Pipeline->{closure:{closure:Illuminate\\Pipeline\\Pipeline::carry():194}:195}(Object(Illuminate\\Http\\Request))
#49 /Users/aminshojaei/AndroidStudioProjects/Calcuapp/backend/vendor/laravel/framework/src/Illuminate/Pipeline/Pipeline.php(219): Illuminate\\Http\\Middleware\\ValidatePathEncoding->handle(Object(Illuminate\\Http\\Request), Object(Closure))
#50 /Users/aminshojaei/AndroidStudioProjects/Calcuapp/backend/vendor/laravel/framework/src/Illuminate/Pipeline/Pipeline.php(137): Illuminate\\Pipeline\\Pipeline->{closure:{closure:Illuminate\\Pipeline\\Pipeline::carry():194}:195}(Object(Illuminate\\Http\\Request))
#51 /Users/aminshojaei/AndroidStudioProjects/Calcuapp/backend/vendor/laravel/framework/src/Illuminate/Foundation/Http/Kernel.php(175): Illuminate\\Pipeline\\Pipeline->then(Object(Closure))
#52 /Users/aminshojaei/AndroidStudioProjects/Calcuapp/backend/vendor/laravel/framework/src/Illuminate/Foundation/Http/Kernel.php(144): Illuminate\\Foundation\\Http\\Kernel->sendRequestThroughRouter(Object(Illuminate\\Http\\Request))
#53 /Users/aminshojaei/AndroidStudioProjects/Calcuapp/backend/vendor/laravel/framework/src/Illuminate/Foundation/Application.php(1220): Illuminate\\Foundation\\Http\\Kernel->handle(Object(Illuminate\\Http\\Request))
#54 /Users/aminshojaei/AndroidStudioProjects/Calcuapp/backend/public/index.php(17): Illuminate\\Foundation\\Application->handleRequest(Object(Illuminate\\Http\\Request))
#55 /Users/aminshojaei/AndroidStudioProjects/Calcuapp/backend/vendor/laravel/framework/src/Illuminate/Foundation/resources/server.php(23): require_once('/Users/aminshoj...')
#56 {main}

[previous exception] [object] (PDOException(code: 23000): SQLSTATE[23000]: Integrity constraint violation: 19 FOREIGN KEY constraint failed at /Users/aminshojaei/AndroidStudioProjects/Calcuapp/backend/vendor/laravel/framework/src/Illuminate/Database/Connection.php:584)
[stacktrace]
#0 /Users/aminshojaei/AndroidStudioProjects/Calcuapp/backend/vendor/laravel/framework/src/Illuminate/Database/Connection.php(584): PDOStatement->execute()
#1 /Users/aminshojaei/AndroidStudioProjects/Calcuapp/backend/vendor/laravel/framework/src/Illuminate/Database/Connection.php(827): Illuminate\\Database\\Connection->{closure:Illuminate\\Database\\Connection::statement():573}('insert into \"pr...', Array)
#2 /Users/aminshojaei/AndroidStudioProjects/Calcuapp/backend/vendor/laravel/framework/src/Illuminate/Database/Connection.php(794): Illuminate\\Database\\Connection->runQueryCallback('insert into \"pr...', Array, Object(Closure))
#3 /Users/aminshojaei/AndroidStudioProjects/Calcuapp/backend/vendor/laravel/framework/src/Illuminate/Database/Connection.php(573): Illuminate\\Database\\Connection->run('insert into \"pr...', Array, Object(Closure))
#4 /Users/aminshojaei/AndroidStudioProjects/Calcuapp/backend/vendor/laravel/framework/src/Illuminate/Database/Connection.php(537): Illuminate\\Database\\Connection->statement('insert into \"pr...', Array)
#5 /Users/aminshojaei/AndroidStudioProjects/Calcuapp/backend/vendor/laravel/framework/src/Illuminate/Database/Query/Builder.php(4121): Illuminate\\Database\\Connection->insert('insert into \"pr...', Array)
#6 /Users/aminshojaei/AndroidStudioProjects/Calcuapp/backend/vendor/laravel/framework/src/Illuminate/Database/Eloquent/Builder.php(2237): Illuminate\\Database\\Query\\Builder->insert(Array)
#7 /Users/aminshojaei/AndroidStudioProjects/Calcuapp/backend/vendor/laravel/framework/src/Illuminate/Database/Eloquent/Model.php(1412): Illuminate\\Database\\Eloquent\\Builder->__call('insert', Array)
#8 /Users/aminshojaei/AndroidStudioProjects/Calcuapp/backend/vendor/laravel/framework/src/Illuminate/Database/Eloquent/Model.php(1240): Illuminate\\Database\\Eloquent\\Model->performInsert(Object(Illuminate\\Database\\Eloquent\\Builder))
#9 /Users/aminshojaei/AndroidStudioProjects/Calcuapp/backend/vendor/laravel/framework/src/Illuminate/Database/Eloquent/Builder.php(1219): Illuminate\\Database\\Eloquent\\Model->save()
#10 /Users/aminshojaei/AndroidStudioProjects/Calcuapp/backend/vendor/laravel/framework/src/Illuminate/Support/helpers.php(393): Illuminate\\Database\\Eloquent\\Builder->{closure:Illuminate\\Database\\Eloquent\\Builder::create():1218}(Object(App\\Models\\Product))
#11 /Users/aminshojaei/AndroidStudioProjects/Calcuapp/backend/vendor/laravel/framework/src/Illuminate/Database/Eloquent/Builder.php(1218): tap(Object(App\\Models\\Product), Object(Closure))
#12 /Users/aminshojaei/AndroidStudioProjects/Calcuapp/backend/vendor/laravel/framework/src/Illuminate/Support/Traits/ForwardsCalls.php(23): Illuminate\\Database\\Eloquent\\Builder->create(Array)
#13 /Users/aminshojaei/AndroidStudioProjects/Calcuapp/backend/vendor/laravel/framework/src/Illuminate/Database/Eloquent/Model.php(2544): Illuminate\\Database\\Eloquent\\Model->forwardCallTo(Object(Illuminate\\Database\\Eloquent\\Builder), 'create', Array)
#14 /Users/aminshojaei/AndroidStudioProjects/Calcuapp/backend/vendor/laravel/framework/src/Illuminate/Database/Eloquent/Model.php(2560): Illuminate\\Database\\Eloquent\\Model->__call('create', Array)
#15 /Users/aminshojaei/AndroidStudioProjects/Calcuapp/backend/app/Http/Controllers/Api/ProductController.php(71): Illuminate\\Database\\Eloquent\\Model::__callStatic('create', Array)
#16 /Users/aminshojaei/AndroidStudioProjects/Calcuapp/backend/vendor/laravel/framework/src/Illuminate/Routing/ControllerDispatcher.php(46): App\\Http\\Controllers\\Api\\ProductController->store(Object(Illuminate\\Http\\Request))
#17 /Users/aminshojaei/AndroidStudioProjects/Calcuapp/backend/vendor/laravel/framework/src/Illuminate/Routing/Route.php(265): Illuminate\\Routing\\ControllerDispatcher->dispatch(Object(Illuminate\\Routing\\Route), Object(App\\Http\\Controllers\\Api\\ProductController), 'store')
#18 /Users/aminshojaei/AndroidStudioProjects/Calcuapp/backend/vendor/laravel/framework/src/Illuminate/Routing/Route.php(211): Illuminate\\Routing\\Route->runController()
#19 /Users/aminshojaei/AndroidStudioProjects/Calcuapp/backend/vendor/laravel/framework/src/Illuminate/Routing/Router.php(822): Illuminate\\Routing\\Route->run()
#20 /Users/aminshojaei/AndroidStudioProjects/Calcuapp/backend/vendor/laravel/framework/src/Illuminate/Pipeline/Pipeline.php(180): Illuminate\\Routing\\Router->{closure:Illuminate\\Routing\\Router::runRouteWithinStack():821}(Object(Illuminate\\Http\\Request))
#21 /Users/aminshojaei/AndroidStudioProjects/Calcuapp/backend/app/Http/Middleware/IdempotencyMiddleware.php(18): Illuminate\\Pipeline\\Pipeline->{closure:Illuminate\\Pipeline\\Pipeline::prepareDestination():178}(Object(Illuminate\\Http\\Request))
#22 /Users/aminshojaei/AndroidStudioProjects/Calcuapp/backend/vendor/laravel/framework/src/Illuminate/Pipeline/Pipeline.php(219): App\\Http\\Middleware\\IdempotencyMiddleware->handle(Object(Illuminate\\Http\\Request), Object(Closure))
#23 /Users/aminshojaei/AndroidStudioProjects/Calcuapp/backend/app/Http/Middleware/TenantMiddleware.php(53): Illuminate\\Pipeline\\Pipeline->{closure:{closure:Illuminate\\Pipeline\\Pipeline::carry():194}:195}(Object(Illuminate\\Http\\Request))
#24 /Users/aminshojaei/AndroidStudioProjects/Calcuapp/backend/vendor/laravel/framework/src/Illuminate/Pipeline/Pipeline.php(219): App\\Http\\Middleware\\TenantMiddleware->handle(Object(Illuminate\\Http\\Request), Object(Closure))
#25 /Users/aminshojaei/AndroidStudioProjects/Calcuapp/backend/vendor/laravel/framework/src/Illuminate/Routing/Middleware/SubstituteBindings.php(50): Illuminate\\Pipeline\\Pipeline->{closure:{closure:Illuminate\\Pipeline\\Pipeline::carry():194}:195}(Object(Illuminate\\Http\\Request))
#26 /Users/aminshojaei/AndroidStudioProjects/Calcuapp/backend/vendor/laravel/framework/src/Illuminate/Pipeline/Pipeline.php(219): Illuminate\\Routing\\Middleware\\SubstituteBindings->handle(Object(Illuminate\\Http\\Request), Object(Closure))
#27 /Users/aminshojaei/AndroidStudioProjects/Calcuapp/backend/vendor/laravel/framework/src/Illuminate/Pipeline/Pipeline.php(137): Illuminate\\Pipeline\\Pipeline->{closure:{closure:Illuminate\\Pipeline\\Pipeline::carry():194}:195}(Object(Illuminate\\Http\\Request))
#28 /Users/aminshojaei/AndroidStudioProjects/Calcuapp/backend/vendor/laravel/framework/src/Illuminate/Routing/Router.php(821): Illuminate\\Pipeline\\Pipeline->then(Object(Closure))
#29 /Users/aminshojaei/AndroidStudioProjects/Calcuapp/backend/vendor/laravel/framework/src/Illuminate/Routing/Router.php(800): Illuminate\\Routing\\Router->runRouteWithinStack(Object(Illuminate\\Routing\\Route), Object(Illuminate\\Http\\Request))
#30 /Users/aminshojaei/AndroidStudioProjects/Calcuapp/backend/vendor/laravel/framework/src/Illuminate/Routing/Router.php(764): Illuminate\\Routing\\Router->runRoute(Object(Illuminate\\Http\\Request), Object(Illuminate\\Routing\\Route))
#31 /Users/aminshojaei/AndroidStudioProjects/Calcuapp/backend/vendor/laravel/framework/src/Illuminate/Routing/Router.php(753): Illuminate\\Routing\\Router->dispatchToRoute(Object(Illuminate\\Http\\Request))
#32 /Users/aminshojaei/AndroidStudioProjects/Calcuapp/backend/vendor/laravel/framework/src/Illuminate/Foundation/Http/Kernel.php(200): Illuminate\\Routing\\Router->dispatch(Object(Illuminate\\Http\\Request))
#33 /Users/aminshojaei/AndroidStudioProjects/Calcuapp/backend/vendor/laravel/framework/src/Illuminate/Pipeline/Pipeline.php(180): Illuminate\\Foundation\\Http\\Kernel->{closure:Illuminate\\Foundation\\Http\\Kernel::dispatchToRouter():197}(Object(Illuminate\\Http\\Request))
#34 /Users/aminshojaei/AndroidStudioProjects/Calcuapp/backend/vendor/laravel/framework/src/Illuminate/Foundation/Http/Middleware/TransformsRequest.php(21): Illuminate\\Pipeline\\Pipeline->{closure:Illuminate\\Pipeline\\Pipeline::prepareDestination():178}(Object(Illuminate\\Http\\Request))
#35 /Users/aminshojaei/AndroidStudioProjects/Calcuapp/backend/vendor/laravel/framework/src/Illuminate/Foundation/Http/Middleware/ConvertEmptyStringsToNull.php(31): Illuminate\\Foundation\\Http\\Middleware\\TransformsRequest->handle(Object(Illuminate\\Http\\Request), Object(Closure))
#36 /Users/aminshojaei/AndroidStudioProjects/Calcuapp/backend/vendor/laravel/framework/src/Illuminate/Pipeline/Pipeline.php(219): Illuminate\\Foundation\\Http\\Middleware\\ConvertEmptyStringsToNull->handle(Object(Illuminate\\Http\\Request), Object(Closure))
#37 /Users/aminshojaei/AndroidStudioProjects/Calcuapp/backend/vendor/laravel/framework/src/Illuminate/Foundation/Http/Middleware/TransformsRequest.php(21): Illuminate\\Pipeline\\Pipeline->{closure:{closure:Illuminate\\Pipeline\\Pipeline::carry():194}:195}(Object(Illuminate\\Http\\Request))
#38 /Users/aminshojaei/AndroidStudioProjects/Calcuapp/backend/vendor/laravel/framework/src/Illuminate/Foundation/Http/Middleware/TrimStrings.php(51): Illuminate\\Foundation\\Http\\Middleware\\TransformsRequest->handle(Object(Illuminate\\Http\\Request), Object(Closure))
#39 /Users/aminshojaei/AndroidStudioProjects/Calcuapp/backend/vendor/laravel/framework/src/Illuminate/Pipeline/Pipeline.php(219): Illuminate\\Foundation\\Http\\Middleware\\TrimStrings->handle(Object(Illuminate\\Http\\Request), Object(Closure))
#40 /Users/aminshojaei/AndroidStudioProjects/Calcuapp/backend/vendor/laravel/framework/src/Illuminate/Http/Middleware/ValidatePostSize.php(27): Illuminate\\Pipeline\\Pipeline->{closure:{closure:Illuminate\\Pipeline\\Pipeline::carry():194}:195}(Object(Illuminate\\Http\\Request))
#41 /Users/aminshojaei/AndroidStudioProjects/Calcuapp/backend/vendor/laravel/framework/src/Illuminate/Pipeline/Pipeline.php(219): Illuminate\\Http\\Middleware\\ValidatePostSize->handle(Object(Illuminate\\Http\\Request), Object(Closure))
#42 /Users/aminshojaei/AndroidStudioProjects/Calcuapp/backend/vendor/laravel/framework/src/Illuminate/Foundation/Http/Middleware/PreventRequestsDuringMaintenance.php(109): Illuminate\\Pipeline\\Pipeline->{closure:{closure:Illuminate\\Pipeline\\Pipeline::carry():194}:195}(Object(Illuminate\\Http\\Request))
#43 /Users/aminshojaei/AndroidStudioProjects/Calcuapp/backend/vendor/laravel/framework/src/Illuminate/Pipeline/Pipeline.php(219): Illuminate\\Foundation\\Http\\Middleware\\PreventRequestsDuringMaintenance->handle(Object(Illuminate\\Http\\Request), Object(Closure))
#44 /Users/aminshojaei/AndroidStudioProjects/Calcuapp/backend/vendor/laravel/framework/src/Illuminate/Http/Middleware/HandleCors.php(74): Illuminate\\Pipeline\\Pipeline->{closure:{closure:Illuminate\\Pipeline\\Pipeline::carry():194}:195}(Object(Illuminate\\Http\\Request))
#45 /Users/aminshojaei/AndroidStudioProjects/Calcuapp/backend/vendor/laravel/framework/src/Illuminate/Pipeline/Pipeline.php(219): Illuminate\\Http\\Middleware\\HandleCors->handle(Object(Illuminate\\Http\\Request), Object(Closure))
#46 /Users/aminshojaei/AndroidStudioProjects/Calcuapp/backend/vendor/laravel/framework/src/Illuminate/Http/Middleware/TrustProxies.php(58): Illuminate\\Pipeline\\Pipeline->{closure:{closure:Illuminate\\Pipeline\\Pipeline::carry():194}:195}(Object(Illuminate\\Http\\Request))
#47 /Users/aminshojaei/AndroidStudioProjects/Calcuapp/backend/vendor/laravel/framework/src/Illuminate/Pipeline/Pipeline.php(219): Illuminate\\Http\\Middleware\\TrustProxies->handle(Object(Illuminate\\Http\\Request), Object(Closure))
#48 /Users/aminshojaei/AndroidStudioProjects/Calcuapp/backend/vendor/laravel/framework/src/Illuminate/Foundation/Http/Middleware/InvokeDeferredCallbacks.php(22): Illuminate\\Pipeline\\Pipeline->{closure:{closure:Illuminate\\Pipeline\\Pipeline::carry():194}:195}(Object(Illuminate\\Http\\Request))
#49 /Users/aminshojaei/AndroidStudioProjects/Calcuapp/backend/vendor/laravel/framework/src/Illuminate/Pipeline/Pipeline.php(219): Illuminate\\Foundation\\Http\\Middleware\\InvokeDeferredCallbacks->handle(Object(Illuminate\\Http\\Request), Object(Closure))
#50 /Users/aminshojaei/AndroidStudioProjects/Calcuapp/backend/vendor/laravel/framework/src/Illuminate/Http/Middleware/ValidatePathEncoding.php(26): Illuminate\\Pipeline\\Pipeline->{closure:{closure:Illuminate\\Pipeline\\Pipeline::carry():194}:195}(Object(Illuminate\\Http\\Request))
#51 /Users/aminshojaei/AndroidStudioProjects/Calcuapp/backend/vendor/laravel/framework/src/Illuminate/Pipeline/Pipeline.php(219): Illuminate\\Http\\Middleware\\ValidatePathEncoding->handle(Object(Illuminate\\Http\\Request), Object(Closure))
#52 /Users/aminshojaei/AndroidStudioProjects/Calcuapp/backend/vendor/laravel/framework/src/Illuminate/Pipeline/Pipeline.php(137): Illuminate\\Pipeline\\Pipeline->{closure:{closure:Illuminate\\Pipeline\\Pipeline::carry():194}:195}(Object(Illuminate\\Http\\Request))
#53 /Users/aminshojaei/AndroidStudioProjects/Calcuapp/backend/vendor/laravel/framework/src/Illuminate/Foundation/Http/Kernel.php(175): Illuminate\\Pipeline\\Pipeline->then(Object(Closure))
#54 /Users/aminshojaei/AndroidStudioProjects/Calcuapp/backend/vendor/laravel/framework/src/Illuminate/Foundation/Http/Kernel.php(144): Illuminate\\Foundation\\Http\\Kernel->sendRequestThroughRouter(Object(Illuminate\\Http\\Request))
#55 /Users/aminshojaei/AndroidStudioProjects/Calcuapp/backend/vendor/laravel/framework/src/Illuminate/Foundation/Application.php(1220): Illuminate\\Foundation\\Http\\Kernel->handle(Object(Illuminate\\Http\\Request))
#56 /Users/aminshojaei/AndroidStudioProjects/Calcuapp/backend/public/index.php(17): Illuminate\\Foundation\\Application->handleRequest(Object(Illuminate\\Http\\Request))
#57 /Users/aminshojaei/AndroidStudioProjects/Calcuapp/backend/vendor/laravel/framework/src/Illuminate/Foundation/resources/server.php(23): require_once('/Users/aminshoj...')
#58 {main}
"} 
[2026-10-01 08:08:15] local.ERROR: SQLSTATE[HY000]: General error: 1 table business_applications has no column named password (Connection: sqlite, Database: database/database.sqlite, SQL: insert into "business_applications" ("id", "business_name", "owner_name", "email", "password", "phone", "business_type", "country", "city", "address", "notes", "status", "updated_at", "created_at") values (1b178396-2b52-4be5-abd1-5a528c1a8a03, Pass Cafe, Sara M, sara@passcafe.com, $2y$12$LlZ3xeIHKDsNkpJVRnMYXOyjCbAHI.wFta1/Oqi6LEu3NB40O3DhG, 09129990000, RETAIL, IR, ?, ?, ?, PENDING, 2026-10-01 08:08:15, 2026-10-01 08:08:15)) {"exception":"[object] (Illuminate\\Database\\QueryException(code: HY000): SQLSTATE[HY000]: General error: 1 table business_applications has no column named password (Connection: sqlite, Database: database/database.sqlite, SQL: insert into \"business_applications\" (\"id\", \"business_name\", \"owner_name\", \"email\", \"password\", \"phone\", \"business_type\", \"country\", \"city\", \"address\", \"notes\", \"status\", \"updated_at\", \"created_at\") values (1b178396-2b52-4be5-abd1-5a528c1a8a03, Pass Cafe, Sara M, sara@passcafe.com, $2y$12$LlZ3xeIHKDsNkpJVRnMYXOyjCbAHI.wFta1/Oqi6LEu3NB40O3DhG, 09129990000, RETAIL, IR, ?, ?, ?, PENDING, 2026-10-01 08:08:15, 2026-10-01 08:08:15)) at /Users/aminshojaei/AndroidStudioProjects/Calcuapp/backend/vendor/laravel/framework/src/Illuminate/Database/Connection.php:838)
[stacktrace]
#0 /Users/aminshojaei/AndroidStudioProjects/Calcuapp/backend/vendor/laravel/framework/src/Illuminate/Database/Connection.php(794): Illuminate\\Database\\Connection->runQueryCallback('insert into \"bu...', Array, Object(Closure))
#1 /Users/aminshojaei/AndroidStudioProjects/Calcuapp/backend/vendor/laravel/framework/src/Illuminate/Database/Connection.php(573): Illuminate\\Database\\Connection->run('insert into \"bu...', Array, Object(Closure))
#2 /Users/aminshojaei/AndroidStudioProjects/Calcuapp/backend/vendor/laravel/framework/src/Illuminate/Database/Connection.php(537): Illuminate\\Database\\Connection->statement('insert into \"bu...', Array)
#3 /Users/aminshojaei/AndroidStudioProjects/Calcuapp/backend/vendor/laravel/framework/src/Illuminate/Database/Query/Builder.php(4121): Illuminate\\Database\\Connection->insert('insert into \"bu...', Array)
#4 /Users/aminshojaei/AndroidStudioProjects/Calcuapp/backend/vendor/laravel/framework/src/Illuminate/Database/Eloquent/Builder.php(2237): Illuminate\\Database\\Query\\Builder->insert(Array)
#5 /Users/aminshojaei/AndroidStudioProjects/Calcuapp/backend/vendor/laravel/framework/src/Illuminate/Database/Eloquent/Model.php(1412): Illuminate\\Database\\Eloquent\\Builder->__call('insert', Array)
#6 /Users/aminshojaei/AndroidStudioProjects/Calcuapp/backend/vendor/laravel/framework/src/Illuminate/Database/Eloquent/Model.php(1240): Illuminate\\Database\\Eloquent\\Model->performInsert(Object(Illuminate\\Database\\Eloquent\\Builder))
#7 /Users/aminshojaei/AndroidStudioProjects/Calcuapp/backend/vendor/laravel/framework/src/Illuminate/Database/Eloquent/Builder.php(1219): Illuminate\\Database\\Eloquent\\Model->save()
#8 /Users/aminshojaei/AndroidStudioProjects/Calcuapp/backend/vendor/laravel/framework/src/Illuminate/Support/helpers.php(393): Illuminate\\Database\\Eloquent\\Builder->{closure:Illuminate\\Database\\Eloquent\\Builder::create():1218}(Object(App\\Models\\BusinessApplication))
#9 /Users/aminshojaei/AndroidStudioProjects/Calcuapp/backend/vendor/laravel/framework/src/Illuminate/Database/Eloquent/Builder.php(1218): tap(Object(App\\Models\\BusinessApplication), Object(Closure))
#10 /Users/aminshojaei/AndroidStudioProjects/Calcuapp/backend/vendor/laravel/framework/src/Illuminate/Support/Traits/ForwardsCalls.php(23): Illuminate\\Database\\Eloquent\\Builder->create(Array)
#11 /Users/aminshojaei/AndroidStudioProjects/Calcuapp/backend/vendor/laravel/framework/src/Illuminate/Database/Eloquent/Model.php(2544): Illuminate\\Database\\Eloquent\\Model->forwardCallTo(Object(Illuminate\\Database\\Eloquent\\Builder), 'create', Array)
#12 /Users/aminshojaei/AndroidStudioProjects/Calcuapp/backend/vendor/laravel/framework/src/Illuminate/Database/Eloquent/Model.php(2560): Illuminate\\Database\\Eloquent\\Model->__call('create', Array)
#13 /Users/aminshojaei/AndroidStudioProjects/Calcuapp/backend/app/Http/Controllers/Api/Public/BusinessApplicationController.php(45): Illuminate\\Database\\Eloquent\\Model::__callStatic('create', Array)
#14 /Users/aminshojaei/AndroidStudioProjects/Calcuapp/backend/vendor/laravel/framework/src/Illuminate/Routing/ControllerDispatcher.php(46): App\\Http\\Controllers\\Api\\Public\\BusinessApplicationController->store(Object(Illuminate\\Http\\Request))
#15 /Users/aminshojaei/AndroidStudioProjects/Calcuapp/backend/vendor/laravel/framework/src/Illuminate/Routing/Route.php(265): Illuminate\\Routing\\ControllerDispatcher->dispatch(Object(Illuminate\\Routing\\Route), Object(App\\Http\\Controllers\\Api\\Public\\BusinessApplicationController), 'store')
#16 /Users/aminshojaei/AndroidStudioProjects/Calcuapp/backend/vendor/laravel/framework/src/Illuminate/Routing/Route.php(211): Illuminate\\Routing\\Route->runController()
#17 /Users/aminshojaei/AndroidStudioProjects/Calcuapp/backend/vendor/laravel/framework/src/Illuminate/Routing/Router.php(822): Illuminate\\Routing\\Route->run()
#18 /Users/aminshojaei/AndroidStudioProjects/Calcuapp/backend/vendor/laravel/framework/src/Illuminate/Pipeline/Pipeline.php(180): Illuminate\\Routing\\Router->{closure:Illuminate\\Routing\\Router::runRouteWithinStack():821}(Object(Illuminate\\Http\\Request))
#19 /Users/aminshojaei/AndroidStudioProjects/Calcuapp/backend/app/Http/Middleware/IdempotencyMiddleware.php(18): Illuminate\\Pipeline\\Pipeline->{closure:Illuminate\\Pipeline\\Pipeline::prepareDestination():178}(Object(Illuminate\\Http\\Request))
#20 /Users/aminshojaei/AndroidStudioProjects/Calcuapp/backend/vendor/laravel/framework/src/Illuminate/Pipeline/Pipeline.php(219): App\\Http\\Middleware\\IdempotencyMiddleware->handle(Object(Illuminate\\Http\\Request), Object(Closure))
#21 /Users/aminshojaei/AndroidStudioProjects/Calcuapp/backend/app/Http/Middleware/TenantMiddleware.php(23): Illuminate\\Pipeline\\Pipeline->{closure:{closure:Illuminate\\Pipeline\\Pipeline::carry():194}:195}(Object(Illuminate\\Http\\Request))
#22 /Users/aminshojaei/AndroidStudioProjects/Calcuapp/backend/vendor/laravel/framework/src/Illuminate/Pipeline/Pipeline.php(219): App\\Http\\Middleware\\TenantMiddleware->handle(Object(Illuminate\\Http\\Request), Object(Closure))
#23 /Users/aminshojaei/AndroidStudioProjects/Calcuapp/backend/vendor/laravel/framework/src/Illuminate/Routing/Middleware/SubstituteBindings.php(50): Illuminate\\Pipeline\\Pipeline->{closure:{closure:Illuminate\\Pipeline\\Pipeline::carry():194}:195}(Object(Illuminate\\Http\\Request))
#24 /Users/aminshojaei/AndroidStudioProjects/Calcuapp/backend/vendor/laravel/framework/src/Illuminate/Pipeline/Pipeline.php(219): Illuminate\\Routing\\Middleware\\SubstituteBindings->handle(Object(Illuminate\\Http\\Request), Object(Closure))
#25 /Users/aminshojaei/AndroidStudioProjects/Calcuapp/backend/vendor/laravel/framework/src/Illuminate/Pipeline/Pipeline.php(137): Illuminate\\Pipeline\\Pipeline->{closure:{closure:Illuminate\\Pipeline\\Pipeline::carry():194}:195}(Object(Illuminate\\Http\\Request))
#26 /Users/aminshojaei/AndroidStudioProjects/Calcuapp/backend/vendor/laravel/framework/src/Illuminate/Routing/Router.php(821): Illuminate\\Pipeline\\Pipeline->then(Object(Closure))
#27 /Users/aminshojaei/AndroidStudioProjects/Calcuapp/backend/vendor/laravel/framework/src/Illuminate/Routing/Router.php(800): Illuminate\\Routing\\Router->runRouteWithinStack(Object(Illuminate\\Routing\\Route), Object(Illuminate\\Http\\Request))
#28 /Users/aminshojaei/AndroidStudioProjects/Calcuapp/backend/vendor/laravel/framework/src/Illuminate/Routing/Router.php(764): Illuminate\\Routing\\Router->runRoute(Object(Illuminate\\Http\\Request), Object(Illuminate\\Routing\\Route))
#29 /Users/aminshojaei/AndroidStudioProjects/Calcuapp/backend/vendor/laravel/framework/src/Illuminate/Routing/Router.php(753): Illuminate\\Routing\\Router->dispatchToRoute(Object(Illuminate\\Http\\Request))
#30 /Users/aminshojaei/AndroidStudioProjects/Calcuapp/backend/vendor/laravel/framework/src/Illuminate/Foundation/Http/Kernel.php(200): Illuminate\\Routing\\Router->dispatch(Object(Illuminate\\Http\\Request))
#31 /Users/aminshojaei/AndroidStudioProjects/Calcuapp/backend/vendor/laravel/framework/src/Illuminate/Pipeline/Pipeline.php(180): Illuminate\\Foundation\\Http\\Kernel->{closure:Illuminate\\Foundation\\Http\\Kernel::dispatchToRouter():197}(Object(Illuminate\\Http\\Request))
#32 /Users/aminshojaei/AndroidStudioProjects/Calcuapp/backend/vendor/laravel/framework/src/Illuminate/Foundation/Http/Middleware/TransformsRequest.php(21): Illuminate\\Pipeline\\Pipeline->{closure:Illuminate\\Pipeline\\Pipeline::prepareDestination():178}(Object(Illuminate\\Http\\Request))
#33 /Users/aminshojaei/AndroidStudioProjects/Calcuapp/backend/vendor/laravel/framework/src/Illuminate/Foundation/Http/Middleware/ConvertEmptyStringsToNull.php(31): Illuminate\\Foundation\\Http\\Middleware\\TransformsRequest->handle(Object(Illuminate\\Http\\Request), Object(Closure))
#34 /Users/aminshojaei/AndroidStudioProjects/Calcuapp/backend/vendor/laravel/framework/src/Illuminate/Pipeline/Pipeline.php(219): Illuminate\\Foundation\\Http\\Middleware\\ConvertEmptyStringsToNull->handle(Object(Illuminate\\Http\\Request), Object(Closure))
#35 /Users/aminshojaei/AndroidStudioProjects/Calcuapp/backend/vendor/laravel/framework/src/Illuminate/Foundation/Http/Middleware/TransformsRequest.php(21): Illuminate\\Pipeline\\Pipeline->{closure:{closure:Illuminate\\Pipeline\\Pipeline::carry():194}:195}(Object(Illuminate\\Http\\Request))
#36 /Users/aminshojaei/AndroidStudioProjects/Calcuapp/backend/vendor/laravel/framework/src/Illuminate/Foundation/Http/Middleware/TrimStrings.php(51): Illuminate\\Foundation\\Http\\Middleware\\TransformsRequest->handle(Object(Illuminate\\Http\\Request), Object(Closure))
#37 /Users/aminshojaei/AndroidStudioProjects/Calcuapp/backend/vendor/laravel/framework/src/Illuminate/Pipeline/Pipeline.php(219): Illuminate\\Foundation\\Http\\Middleware\\TrimStrings->handle(Object(Illuminate\\Http\\Request), Object(Closure))
#38 /Users/aminshojaei/AndroidStudioProjects/Calcuapp/backend/vendor/laravel/framework/src/Illuminate/Http/Middleware/ValidatePostSize.php(27): Illuminate\\Pipeline\\Pipeline->{closure:{closure:Illuminate\\Pipeline\\Pipeline::carry():194}:195}(Object(Illuminate\\Http\\Request))
#39 /Users/aminshojaei/AndroidStudioProjects/Calcuapp/backend/vendor/laravel/framework/src/Illuminate/Pipeline/Pipeline.php(219): Illuminate\\Http\\Middleware\\ValidatePostSize->handle(Object(Illuminate\\Http\\Request), Object(Closure))
#40 /Users/aminshojaei/AndroidStudioProjects/Calcuapp/backend/vendor/laravel/framework/src/Illuminate/Foundation/Http/Middleware/PreventRequestsDuringMaintenance.php(109): Illuminate\\Pipeline\\Pipeline->{closure:{closure:Illuminate\\Pipeline\\Pipeline::carry():194}:195}(Object(Illuminate\\Http\\Request))
#41 /Users/aminshojaei/AndroidStudioProjects/Calcuapp/backend/vendor/laravel/framework/src/Illuminate/Pipeline/Pipeline.php(219): Illuminate\\Foundation\\Http\\Middleware\\PreventRequestsDuringMaintenance->handle(Object(Illuminate\\Http\\Request), Object(Closure))
#42 /Users/aminshojaei/AndroidStudioProjects/Calcuapp/backend/vendor/laravel/framework/src/Illuminate/Http/Middleware/HandleCors.php(74): Illuminate\\Pipeline\\Pipeline->{closure:{closure:Illuminate\\Pipeline\\Pipeline::carry():194}:195}(Object(Illuminate\\Http\\Request))
#43 /Users/aminshojaei/AndroidStudioProjects/Calcuapp/backend/vendor/laravel/framework/src/Illuminate/Pipeline/Pipeline.php(219): Illuminate\\Http\\Middleware\\HandleCors->handle(Object(Illuminate\\Http\\Request), Object(Closure))
#44 /Users/aminshojaei/AndroidStudioProjects/Calcuapp/backend/vendor/laravel/framework/src/Illuminate/Http/Middleware/TrustProxies.php(58): Illuminate\\Pipeline\\Pipeline->{closure:{closure:Illuminate\\Pipeline\\Pipeline::carry():194}:195}(Object(Illuminate\\Http\\Request))
#45 /Users/aminshojaei/AndroidStudioProjects/Calcuapp/backend/vendor/laravel/framework/src/Illuminate/Pipeline/Pipeline.php(219): Illuminate\\Http\\Middleware\\TrustProxies->handle(Object(Illuminate\\Http\\Request), Object(Closure))
#46 /Users/aminshojaei/AndroidStudioProjects/Calcuapp/backend/vendor/laravel/framework/src/Illuminate/Foundation/Http/Middleware/InvokeDeferredCallbacks.php(22): Illuminate\\Pipeline\\Pipeline->{closure:{closure:Illuminate\\Pipeline\\Pipeline::carry():194}:195}(Object(Illuminate\\Http\\Request))
#47 /Users/aminshojaei/AndroidStudioProjects/Calcuapp/backend/vendor/laravel/framework/src/Illuminate/Pipeline/Pipeline.php(219): Illuminate\\Foundation\\Http\\Middleware\\InvokeDeferredCallbacks->handle(Object(Illuminate\\Http\\Request), Object(Closure))
#48 /Users/aminshojaei/AndroidStudioProjects/Calcuapp/backend/vendor/laravel/framework/src/Illuminate/Http/Middleware/ValidatePathEncoding.php(26): Illuminate\\Pipeline\\Pipeline->{closure:{closure:Illuminate\\Pipeline\\Pipeline::carry():194}:195}(Object(Illuminate\\Http\\Request))
#49 /Users/aminshojaei/AndroidStudioProjects/Calcuapp/backend/vendor/laravel/framework/src/Illuminate/Pipeline/Pipeline.php(219): Illuminate\\Http\\Middleware\\ValidatePathEncoding->handle(Object(Illuminate\\Http\\Request), Object(Closure))
#50 /Users/aminshojaei/AndroidStudioProjects/Calcuapp/backend/vendor/laravel/framework/src/Illuminate/Pipeline/Pipeline.php(137): Illuminate\\Pipeline\\Pipeline->{closure:{closure:Illuminate\\Pipeline\\Pipeline::carry():194}:195}(Object(Illuminate\\Http\\Request))
#51 /Users/aminshojaei/AndroidStudioProjects/Calcuapp/backend/vendor/laravel/framework/src/Illuminate/Foundation/Http/Kernel.php(175): Illuminate\\Pipeline\\Pipeline->then(Object(Closure))
#52 /Users/aminshojaei/AndroidStudioProjects/Calcuapp/backend/vendor/laravel/framework/src/Illuminate/Foundation/Http/Kernel.php(144): Illuminate\\Foundation\\Http\\Kernel->sendRequestThroughRouter(Object(Illuminate\\Http\\Request))
#53 /Users/aminshojaei/AndroidStudioProjects/Calcuapp/backend/vendor/laravel/framework/src/Illuminate/Foundation/Application.php(1220): Illuminate\\Foundation\\Http\\Kernel->handle(Object(Illuminate\\Http\\Request))
#54 /Users/aminshojaei/AndroidStudioProjects/Calcuapp/backend/public/index.php(17): Illuminate\\Foundation\\Application->handleRequest(Object(Illuminate\\Http\\Request))
#55 /Users/aminshojaei/AndroidStudioProjects/Calcuapp/backend/vendor/laravel/framework/src/Illuminate/Foundation/resources/server.php(23): require_once('/Users/aminshoj...')
#56 {main}

[previous exception] [object] (PDOException(code: HY000): SQLSTATE[HY000]: General error: 1 table business_applications has no column named password at /Users/aminshojaei/AndroidStudioProjects/Calcuapp/backend/vendor/laravel/framework/src/Illuminate/Database/Connection.php:578)
[stacktrace]
#0 /Users/aminshojaei/AndroidStudioProjects/Calcuapp/backend/vendor/laravel/framework/src/Illuminate/Database/Connection.php(578): PDO->prepare('insert into \"bu...')
#1 /Users/aminshojaei/AndroidStudioProjects/Calcuapp/backend/vendor/laravel/framework/src/Illuminate/Database/Connection.php(827): Illuminate\\Database\\Connection->{closure:Illuminate\\Database\\Connection::statement():573}('insert into \"bu...', Array)
#2 /Users/aminshojaei/AndroidStudioProjects/Calcuapp/backend/vendor/laravel/framework/src/Illuminate/Database/Connection.php(794): Illuminate\\Database\\Connection->runQueryCallback('insert into \"bu...', Array, Object(Closure))
#3 /Users/aminshojaei/AndroidStudioProjects/Calcuapp/backend/vendor/laravel/framework/src/Illuminate/Database/Connection.php(573): Illuminate\\Database\\Connection->run('insert into \"bu...', Array, Object(Closure))
#4 /Users/aminshojaei/AndroidStudioProjects/Calcuapp/backend/vendor/laravel/framework/src/Illuminate/Database/Connection.php(537): Illuminate\\Database\\Connection->statement('insert into \"bu...', Array)
#5 /Users/aminshojaei/AndroidStudioProjects/Calcuapp/backend/vendor/laravel/framework/src/Illuminate/Database/Query/Builder.php(4121): Illuminate\\Database\\Connection->insert('insert into \"bu...', Array)
#6 /Users/aminshojaei/AndroidStudioProjects/Calcuapp/backend/vendor/laravel/framework/src/Illuminate/Database/Eloquent/Builder.php(2237): Illuminate\\Database\\Query\\Builder->insert(Array)
#7 /Users/aminshojaei/AndroidStudioProjects/Calcuapp/backend/vendor/laravel/framework/src/Illuminate/Database/Eloquent/Model.php(1412): Illuminate\\Database\\Eloquent\\Builder->__call('insert', Array)
#8 /Users/aminshojaei/AndroidStudioProjects/Calcuapp/backend/vendor/laravel/framework/src/Illuminate/Database/Eloquent/Model.php(1240): Illuminate\\Database\\Eloquent\\Model->performInsert(Object(Illuminate\\Database\\Eloquent\\Builder))
#9 /Users/aminshojaei/AndroidStudioProjects/Calcuapp/backend/vendor/laravel/framework/src/Illuminate/Database/Eloquent/Builder.php(1219): Illuminate\\Database\\Eloquent\\Model->save()
#10 /Users/aminshojaei/AndroidStudioProjects/Calcuapp/backend/vendor/laravel/framework/src/Illuminate/Support/helpers.php(393): Illuminate\\Database\\Eloquent\\Builder->{closure:Illuminate\\Database\\Eloquent\\Builder::create():1218}(Object(App\\Models\\BusinessApplication))
#11 /Users/aminshojaei/AndroidStudioProjects/Calcuapp/backend/vendor/laravel/framework/src/Illuminate/Database/Eloquent/Builder.php(1218): tap(Object(App\\Models\\BusinessApplication), Object(Closure))
#12 /Users/aminshojaei/AndroidStudioProjects/Calcuapp/backend/vendor/laravel/framework/src/Illuminate/Support/Traits/ForwardsCalls.php(23): Illuminate\\Database\\Eloquent\\Builder->create(Array)
#13 /Users/aminshojaei/AndroidStudioProjects/Calcuapp/backend/vendor/laravel/framework/src/Illuminate/Database/Eloquent/Model.php(2544): Illuminate\\Database\\Eloquent\\Model->forwardCallTo(Object(Illuminate\\Database\\Eloquent\\Builder), 'create', Array)
#14 /Users/aminshojaei/AndroidStudioProjects/Calcuapp/backend/vendor/laravel/framework/src/Illuminate/Database/Eloquent/Model.php(2560): Illuminate\\Database\\Eloquent\\Model->__call('create', Array)
#15 /Users/aminshojaei/AndroidStudioProjects/Calcuapp/backend/app/Http/Controllers/Api/Public/BusinessApplicationController.php(45): Illuminate\\Database\\Eloquent\\Model::__callStatic('create', Array)
#16 /Users/aminshojaei/AndroidStudioProjects/Calcuapp/backend/vendor/laravel/framework/src/Illuminate/Routing/ControllerDispatcher.php(46): App\\Http\\Controllers\\Api\\Public\\BusinessApplicationController->store(Object(Illuminate\\Http\\Request))
#17 /Users/aminshojaei/AndroidStudioProjects/Calcuapp/backend/vendor/laravel/framework/src/Illuminate/Routing/Route.php(265): Illuminate\\Routing\\ControllerDispatcher->dispatch(Object(Illuminate\\Routing\\Route), Object(App\\Http\\Controllers\\Api\\Public\\BusinessApplicationController), 'store')
#18 /Users/aminshojaei/AndroidStudioProjects/Calcuapp/backend/vendor/laravel/framework/src/Illuminate/Routing/Route.php(211): Illuminate\\Routing\\Route->runController()
#19 /Users/aminshojaei/AndroidStudioProjects/Calcuapp/backend/vendor/laravel/framework/src/Illuminate/Routing/Router.php(822): Illuminate\\Routing\\Route->run()
#20 /Users/aminshojaei/AndroidStudioProjects/Calcuapp/backend/vendor/laravel/framework/src/Illuminate/Pipeline/Pipeline.php(180): Illuminate\\Routing\\Router->{closure:Illuminate\\Routing\\Router::runRouteWithinStack():821}(Object(Illuminate\\Http\\Request))
#21 /Users/aminshojaei/AndroidStudioProjects/Calcuapp/backend/app/Http/Middleware/IdempotencyMiddleware.php(18): Illuminate\\Pipeline\\Pipeline->{closure:Illuminate\\Pipeline\\Pipeline::prepareDestination():178}(Object(Illuminate\\Http\\Request))
#22 /Users/aminshojaei/AndroidStudioProjects/Calcuapp/backend/vendor/laravel/framework/src/Illuminate/Pipeline/Pipeline.php(219): App\\Http\\Middleware\\IdempotencyMiddleware->handle(Object(Illuminate\\Http\\Request), Object(Closure))
#23 /Users/aminshojaei/AndroidStudioProjects/Calcuapp/backend/app/Http/Middleware/TenantMiddleware.php(23): Illuminate\\Pipeline\\Pipeline->{closure:{closure:Illuminate\\Pipeline\\Pipeline::carry():194}:195}(Object(Illuminate\\Http\\Request))
#24 /Users/aminshojaei/AndroidStudioProjects/Calcuapp/backend/vendor/laravel/framework/src/Illuminate/Pipeline/Pipeline.php(219): App\\Http\\Middleware\\TenantMiddleware->handle(Object(Illuminate\\Http\\Request), Object(Closure))
#25 /Users/aminshojaei/AndroidStudioProjects/Calcuapp/backend/vendor/laravel/framework/src/Illuminate/Routing/Middleware/SubstituteBindings.php(50): Illuminate\\Pipeline\\Pipeline->{closure:{closure:Illuminate\\Pipeline\\Pipeline::carry():194}:195}(Object(Illuminate\\Http\\Request))
#26 /Users/aminshojaei/AndroidStudioProjects/Calcuapp/backend/vendor/laravel/framework/src/Illuminate/Pipeline/Pipeline.php(219): Illuminate\\Routing\\Middleware\\SubstituteBindings->handle(Object(Illuminate\\Http\\Request), Object(Closure))
#27 /Users/aminshojaei/AndroidStudioProjects/Calcuapp/backend/vendor/laravel/framework/src/Illuminate/Pipeline/Pipeline.php(137): Illuminate\\Pipeline\\Pipeline->{closure:{closure:Illuminate\\Pipeline\\Pipeline::carry():194}:195}(Object(Illuminate\\Http\\Request))
#28 /Users/aminshojaei/AndroidStudioProjects/Calcuapp/backend/vendor/laravel/framework/src/Illuminate/Routing/Router.php(821): Illuminate\\Pipeline\\Pipeline->then(Object(Closure))
#29 /Users/aminshojaei/AndroidStudioProjects/Calcuapp/backend/vendor/laravel/framework/src/Illuminate/Routing/Router.php(800): Illuminate\\Routing\\Router->runRouteWithinStack(Object(Illuminate\\Routing\\Route), Object(Illuminate\\Http\\Request))
#30 /Users/aminshojaei/AndroidStudioProjects/Calcuapp/backend/vendor/laravel/framework/src/Illuminate/Routing/Router.php(764): Illuminate\\Routing\\Router->runRoute(Object(Illuminate\\Http\\Request), Object(Illuminate\\Routing\\Route))
#31 /Users/aminshojaei/AndroidStudioProjects/Calcuapp/backend/vendor/laravel/framework/src/Illuminate/Routing/Router.php(753): Illuminate\\Routing\\Router->dispatchToRoute(Object(Illuminate\\Http\\Request))
#32 /Users/aminshojaei/AndroidStudioProjects/Calcuapp/backend/vendor/laravel/framework/src/Illuminate/Foundation/Http/Kernel.php(200): Illuminate\\Routing\\Router->dispatch(Object(Illuminate\\Http\\Request))
#33 /Users/aminshojaei/AndroidStudioProjects/Calcuapp/backend/vendor/laravel/framework/src/Illuminate/Pipeline/Pipeline.php(180): Illuminate\\Foundation\\Http\\Kernel->{closure:Illuminate\\Foundation\\Http\\Kernel::dispatchToRouter():197}(Object(Illuminate\\Http\\Request))
#34 /Users/aminshojaei/AndroidStudioProjects/Calcuapp/backend/vendor/laravel/framework/src/Illuminate/Foundation/Http/Middleware/TransformsRequest.php(21): Illuminate\\Pipeline\\Pipeline->{closure:Illuminate\\Pipeline\\Pipeline::prepareDestination():178}(Object(Illuminate\\Http\\Request))
#35 /Users/aminshojaei/AndroidStudioProjects/Calcuapp/backend/vendor/laravel/framework/src/Illuminate/Foundation/Http/Middleware/ConvertEmptyStringsToNull.php(31): Illuminate\\Foundation\\Http\\Middleware\\TransformsRequest->handle(Object(Illuminate\\Http\\Request), Object(Closure))
#36 /Users/aminshojaei/AndroidStudioProjects/Calcuapp/backend/vendor/laravel/framework/src/Illuminate/Pipeline/Pipeline.php(219): Illuminate\\Foundation\\Http\\Middleware\\ConvertEmptyStringsToNull->handle(Object(Illuminate\\Http\\Request), Object(Closure))
#37 /Users/aminshojaei/AndroidStudioProjects/Calcuapp/backend/vendor/laravel/framework/src/Illuminate/Foundation/Http/Middleware/TransformsRequest.php(21): Illuminate\\Pipeline\\Pipeline->{closure:{closure:Illuminate\\Pipeline\\Pipeline::carry():194}:195}(Object(Illuminate\\Http\\Request))
#38 /Users/aminshojaei/AndroidStudioProjects/Calcuapp/backend/vendor/laravel/framework/src/Illuminate/Foundation/Http/Middleware/TrimStrings.php(51): Illuminate\\Foundation\\Http\\Middleware\\TransformsRequest->handle(Object(Illuminate\\Http\\Request), Object(Closure))
#39 /Users/aminshojaei/AndroidStudioProjects/Calcuapp/backend/vendor/laravel/framework/src/Illuminate/Pipeline/Pipeline.php(219): Illuminate\\Foundation\\Http\\Middleware\\TrimStrings->handle(Object(Illuminate\\Http\\Request), Object(Closure))
#40 /Users/aminshojaei/AndroidStudioProjects/Calcuapp/backend/vendor/laravel/framework/src/Illuminate/Http/Middleware/ValidatePostSize.php(27): Illuminate\\Pipeline\\Pipeline->{closure:{closure:Illuminate\\Pipeline\\Pipeline::carry():194}:195}(Object(Illuminate\\Http\\Request))
#41 /Users/aminshojaei/AndroidStudioProjects/Calcuapp/backend/vendor/laravel/framework/src/Illuminate/Pipeline/Pipeline.php(219): Illuminate\\Http\\Middleware\\ValidatePostSize->handle(Object(Illuminate\\Http\\Request), Object(Closure))
#42 /Users/aminshojaei/AndroidStudioProjects/Calcuapp/backend/vendor/laravel/framework/src/Illuminate/Foundation/Http/Middleware/PreventRequestsDuringMaintenance.php(109): Illuminate\\Pipeline\\Pipeline->{closure:{closure:Illuminate\\Pipeline\\Pipeline::carry():194}:195}(Object(Illuminate\\Http\\Request))
#43 /Users/aminshojaei/AndroidStudioProjects/Calcuapp/backend/vendor/laravel/framework/src/Illuminate/Pipeline/Pipeline.php(219): Illuminate\\Foundation\\Http\\Middleware\\PreventRequestsDuringMaintenance->handle(Object(Illuminate\\Http\\Request), Object(Closure))
#44 /Users/aminshojaei/AndroidStudioProjects/Calcuapp/backend/vendor/laravel/framework/src/Illuminate/Http/Middleware/HandleCors.php(74): Illuminate\\Pipeline\\Pipeline->{closure:{closure:Illuminate\\Pipeline\\Pipeline::carry():194}:195}(Object(Illuminate\\Http\\Request))
#45 /Users/aminshojaei/AndroidStudioProjects/Calcuapp/backend/vendor/laravel/framework/src/Illuminate/Pipeline/Pipeline.php(219): Illuminate\\Http\\Middleware\\HandleCors->handle(Object(Illuminate\\Http\\Request), Object(Closure))
#46 /Users/aminshojaei/AndroidStudioProjects/Calcuapp/backend/vendor/laravel/framework/src/Illuminate/Http/Middleware/TrustProxies.php(58): Illuminate\\Pipeline\\Pipeline->{closure:{closure:Illuminate\\Pipeline\\Pipeline::carry():194}:195}(Object(Illuminate\\Http\\Request))
#47 /Users/aminshojaei/AndroidStudioProjects/Calcuapp/backend/vendor/laravel/framework/src/Illuminate/Pipeline/Pipeline.php(219): Illuminate\\Http\\Middleware\\TrustProxies->handle(Object(Illuminate\\Http\\Request), Object(Closure))
#48 /Users/aminshojaei/AndroidStudioProjects/Calcuapp/backend/vendor/laravel/framework/src/Illuminate/Foundation/Http/Middleware/InvokeDeferredCallbacks.php(22): Illuminate\\Pipeline\\Pipeline->{closure:{closure:Illuminate\\Pipeline\\Pipeline::carry():194}:195}(Object(Illuminate\\Http\\Request))
#49 /Users/aminshojaei/AndroidStudioProjects/Calcuapp/backend/vendor/laravel/framework/src/Illuminate/Pipeline/Pipeline.php(219): Illuminate\\Foundation\\Http\\Middleware\\InvokeDeferredCallbacks->handle(Object(Illuminate\\Http\\Request), Object(Closure))
#50 /Users/aminshojaei/AndroidStudioProjects/Calcuapp/backend/vendor/laravel/framework/src/Illuminate/Http/Middleware/ValidatePathEncoding.php(26): Illuminate\\Pipeline\\Pipeline->{closure:{closure:Illuminate\\Pipeline\\Pipeline::carry():194}:195}(Object(Illuminate\\Http\\Request))
#51 /Users/aminshojaei/AndroidStudioProjects/Calcuapp/backend/vendor/laravel/framework/src/Illuminate/Pipeline/Pipeline.php(219): Illuminate\\Http\\Middleware\\ValidatePathEncoding->handle(Object(Illuminate\\Http\\Request), Object(Closure))
#52 /Users/aminshojaei/AndroidStudioProjects/Calcuapp/backend/vendor/laravel/framework/src/Illuminate/Pipeline/Pipeline.php(137): Illuminate\\Pipeline\\Pipeline->{closure:{closure:Illuminate\\Pipeline\\Pipeline::carry():194}:195}(Object(Illuminate\\Http\\Request))
#53 /Users/aminshojaei/AndroidStudioProjects/Calcuapp/backend/vendor/laravel/framework/src/Illuminate/Foundation/Http/Kernel.php(175): Illuminate\\Pipeline\\Pipeline->then(Object(Closure))
#54 /Users/aminshojaei/AndroidStudioProjects/Calcuapp/backend/vendor/laravel/framework/src/Illuminate/Foundation/Http/Kernel.php(144): Illuminate\\Foundation\\Http\\Kernel->sendRequestThroughRouter(Object(Illuminate\\Http\\Request))
#55 /Users/aminshojaei/AndroidStudioProjects/Calcuapp/backend/vendor/laravel/framework/src/Illuminate/Foundation/Application.php(1220): Illuminate\\Foundation\\Http\\Kernel->handle(Object(Illuminate\\Http\\Request))
#56 /Users/aminshojaei/AndroidStudioProjects/Calcuapp/backend/public/index.php(17): Illuminate\\Foundation\\Application->handleRequest(Object(Illuminate\\Http\\Request))
#57 /Users/aminshojaei/AndroidStudioProjects/Calcuapp/backend/vendor/laravel/framework/src/Illuminate/Foundation/resources/server.php(23): require_once('/Users/aminshoj...')
#58 {main}
"} 
[2026-10-01 08:08:34] local.ERROR: SQLSTATE[HY000]: General error: 1 table business_applications has no column named password (Connection: sqlite, Database: database/database.sqlite, SQL: insert into "business_applications" ("id", "business_name", "owner_name", "email", "password", "phone", "business_type", "country", "city", "address", "notes", "status", "updated_at", "created_at") values (da6e3551-0b2b-4bbf-80d2-662a67c7c788, New Cafe, Sara M, sara2@passcafe.com, $2y$12$9eBdglt/sBGzTENam.fftOKQR8D0PSmOEi6XdBYJS4B/DKBOiMl.y, 09129990000, RETAIL, IR, ?, ?, ?, PENDING, 2026-10-01 08:08:34, 2026-10-01 08:08:34)) {"exception":"[object] (Illuminate\\Database\\QueryException(code: HY000): SQLSTATE[HY000]: General error: 1 table business_applications has no column named password (Connection: sqlite, Database: database/database.sqlite, SQL: insert into \"business_applications\" (\"id\", \"business_name\", \"owner_name\", \"email\", \"password\", \"phone\", \"business_type\", \"country\", \"city\", \"address\", \"notes\", \"status\", \"updated_at\", \"created_at\") values (da6e3551-0b2b-4bbf-80d2-662a67c7c788, New Cafe, Sara M, sara2@passcafe.com, $2y$12$9eBdglt/sBGzTENam.fftOKQR8D0PSmOEi6XdBYJS4B/DKBOiMl.y, 09129990000, RETAIL, IR, ?, ?, ?, PENDING, 2026-10-01 08:08:34, 2026-10-01 08:08:34)) at /Users/aminshojaei/AndroidStudioProjects/Calcuapp/backend/vendor/laravel/framework/src/Illuminate/Database/Connection.php:838)
[stacktrace]
#0 /Users/aminshojaei/AndroidStudioProjects/Calcuapp/backend/vendor/laravel/framework/src/Illuminate/Database/Connection.php(794): Illuminate\\Database\\Connection->runQueryCallback('insert into \"bu...', Array, Object(Closure))
#1 /Users/aminshojaei/AndroidStudioProjects/Calcuapp/backend/vendor/laravel/framework/src/Illuminate/Database/Connection.php(573): Illuminate\\Database\\Connection->run('insert into \"bu...', Array, Object(Closure))
#2 /Users/aminshojaei/AndroidStudioProjects/Calcuapp/backend/vendor/laravel/framework/src/Illuminate/Database/Connection.php(537): Illuminate\\Database\\Connection->statement('insert into \"bu...', Array)
#3 /Users/aminshojaei/AndroidStudioProjects/Calcuapp/backend/vendor/laravel/framework/src/Illuminate/Database/Query/Builder.php(4121): Illuminate\\Database\\Connection->insert('insert into \"bu...', Array)
#4 /Users/aminshojaei/AndroidStudioProjects/Calcuapp/backend/vendor/laravel/framework/src/Illuminate/Database/Eloquent/Builder.php(2237): Illuminate\\Database\\Query\\Builder->insert(Array)
#5 /Users/aminshojaei/AndroidStudioProjects/Calcuapp/backend/vendor/laravel/framework/src/Illuminate/Database/Eloquent/Model.php(1412): Illuminate\\Database\\Eloquent\\Builder->__call('insert', Array)
#6 /Users/aminshojaei/AndroidStudioProjects/Calcuapp/backend/vendor/laravel/framework/src/Illuminate/Database/Eloquent/Model.php(1240): Illuminate\\Database\\Eloquent\\Model->performInsert(Object(Illuminate\\Database\\Eloquent\\Builder))
#7 /Users/aminshojaei/AndroidStudioProjects/Calcuapp/backend/vendor/laravel/framework/src/Illuminate/Database/Eloquent/Builder.php(1219): Illuminate\\Database\\Eloquent\\Model->save()
#8 /Users/aminshojaei/AndroidStudioProjects/Calcuapp/backend/vendor/laravel/framework/src/Illuminate/Support/helpers.php(393): Illuminate\\Database\\Eloquent\\Builder->{closure:Illuminate\\Database\\Eloquent\\Builder::create():1218}(Object(App\\Models\\BusinessApplication))
#9 /Users/aminshojaei/AndroidStudioProjects/Calcuapp/backend/vendor/laravel/framework/src/Illuminate/Database/Eloquent/Builder.php(1218): tap(Object(App\\Models\\BusinessApplication), Object(Closure))
#10 /Users/aminshojaei/AndroidStudioProjects/Calcuapp/backend/vendor/laravel/framework/src/Illuminate/Support/Traits/ForwardsCalls.php(23): Illuminate\\Database\\Eloquent\\Builder->create(Array)
#11 /Users/aminshojaei/AndroidStudioProjects/Calcuapp/backend/vendor/laravel/framework/src/Illuminate/Database/Eloquent/Model.php(2544): Illuminate\\Database\\Eloquent\\Model->forwardCallTo(Object(Illuminate\\Database\\Eloquent\\Builder), 'create', Array)
#12 /Users/aminshojaei/AndroidStudioProjects/Calcuapp/backend/vendor/laravel/framework/src/Illuminate/Database/Eloquent/Model.php(2560): Illuminate\\Database\\Eloquent\\Model->__call('create', Array)
#13 /Users/aminshojaei/AndroidStudioProjects/Calcuapp/backend/app/Http/Controllers/Api/Public/BusinessApplicationController.php(45): Illuminate\\Database\\Eloquent\\Model::__callStatic('create', Array)
#14 /Users/aminshojaei/AndroidStudioProjects/Calcuapp/backend/vendor/laravel/framework/src/Illuminate/Routing/ControllerDispatcher.php(46): App\\Http\\Controllers\\Api\\Public\\BusinessApplicationController->store(Object(Illuminate\\Http\\Request))
#15 /Users/aminshojaei/AndroidStudioProjects/Calcuapp/backend/vendor/laravel/framework/src/Illuminate/Routing/Route.php(265): Illuminate\\Routing\\ControllerDispatcher->dispatch(Object(Illuminate\\Routing\\Route), Object(App\\Http\\Controllers\\Api\\Public\\BusinessApplicationController), 'store')
#16 /Users/aminshojaei/AndroidStudioProjects/Calcuapp/backend/vendor/laravel/framework/src/Illuminate/Routing/Route.php(211): Illuminate\\Routing\\Route->runController()
#17 /Users/aminshojaei/AndroidStudioProjects/Calcuapp/backend/vendor/laravel/framework/src/Illuminate/Routing/Router.php(822): Illuminate\\Routing\\Route->run()
#18 /Users/aminshojaei/AndroidStudioProjects/Calcuapp/backend/vendor/laravel/framework/src/Illuminate/Pipeline/Pipeline.php(180): Illuminate\\Routing\\Router->{closure:Illuminate\\Routing\\Router::runRouteWithinStack():821}(Object(Illuminate\\Http\\Request))
#19 /Users/aminshojaei/AndroidStudioProjects/Calcuapp/backend/app/Http/Middleware/IdempotencyMiddleware.php(18): Illuminate\\Pipeline\\Pipeline->{closure:Illuminate\\Pipeline\\Pipeline::prepareDestination():178}(Object(Illuminate\\Http\\Request))
#20 /Users/aminshojaei/AndroidStudioProjects/Calcuapp/backend/vendor/laravel/framework/src/Illuminate/Pipeline/Pipeline.php(219): App\\Http\\Middleware\\IdempotencyMiddleware->handle(Object(Illuminate\\Http\\Request), Object(Closure))
#21 /Users/aminshojaei/AndroidStudioProjects/Calcuapp/backend/app/Http/Middleware/TenantMiddleware.php(23): Illuminate\\Pipeline\\Pipeline->{closure:{closure:Illuminate\\Pipeline\\Pipeline::carry():194}:195}(Object(Illuminate\\Http\\Request))
#22 /Users/aminshojaei/AndroidStudioProjects/Calcuapp/backend/vendor/laravel/framework/src/Illuminate/Pipeline/Pipeline.php(219): App\\Http\\Middleware\\TenantMiddleware->handle(Object(Illuminate\\Http\\Request), Object(Closure))
#23 /Users/aminshojaei/AndroidStudioProjects/Calcuapp/backend/vendor/laravel/framework/src/Illuminate/Routing/Middleware/SubstituteBindings.php(50): Illuminate\\Pipeline\\Pipeline->{closure:{closure:Illuminate\\Pipeline\\Pipeline::carry():194}:195}(Object(Illuminate\\Http\\Request))
#24 /Users/aminshojaei/AndroidStudioProjects/Calcuapp/backend/vendor/laravel/framework/src/Illuminate/Pipeline/Pipeline.php(219): Illuminate\\Routing\\Middleware\\SubstituteBindings->handle(Object(Illuminate\\Http\\Request), Object(Closure))
#25 /Users/aminshojaei/AndroidStudioProjects/Calcuapp/backend/vendor/laravel/framework/src/Illuminate/Pipeline/Pipeline.php(137): Illuminate\\Pipeline\\Pipeline->{closure:{closure:Illuminate\\Pipeline\\Pipeline::carry():194}:195}(Object(Illuminate\\Http\\Request))
#26 /Users/aminshojaei/AndroidStudioProjects/Calcuapp/backend/vendor/laravel/framework/src/Illuminate/Routing/Router.php(821): Illuminate\\Pipeline\\Pipeline->then(Object(Closure))
#27 /Users/aminshojaei/AndroidStudioProjects/Calcuapp/backend/vendor/laravel/framework/src/Illuminate/Routing/Router.php(800): Illuminate\\Routing\\Router->runRouteWithinStack(Object(Illuminate\\Routing\\Route), Object(Illuminate\\Http\\Request))
#28 /Users/aminshojaei/AndroidStudioProjects/Calcuapp/backend/vendor/laravel/framework/src/Illuminate/Routing/Router.php(764): Illuminate\\Routing\\Router->runRoute(Object(Illuminate\\Http\\Request), Object(Illuminate\\Routing\\Route))
#29 /Users/aminshojaei/AndroidStudioProjects/Calcuapp/backend/vendor/laravel/framework/src/Illuminate/Routing/Router.php(753): Illuminate\\Routing\\Router->dispatchToRoute(Object(Illuminate\\Http\\Request))
#30 /Users/aminshojaei/AndroidStudioProjects/Calcuapp/backend/vendor/laravel/framework/src/Illuminate/Foundation/Http/Kernel.php(200): Illuminate\\Routing\\Router->dispatch(Object(Illuminate\\Http\\Request))
#31 /Users/aminshojaei/AndroidStudioProjects/Calcuapp/backend/vendor/laravel/framework/src/Illuminate/Pipeline/Pipeline.php(180): Illuminate\\Foundation\\Http\\Kernel->{closure:Illuminate\\Foundation\\Http\\Kernel::dispatchToRouter():197}(Object(Illuminate\\Http\\Request))
#32 /Users/aminshojaei/AndroidStudioProjects/Calcuapp/backend/vendor/laravel/framework/src/Illuminate/Foundation/Http/Middleware/TransformsRequest.php(21): Illuminate\\Pipeline\\Pipeline->{closure:Illuminate\\Pipeline\\Pipeline::prepareDestination():178}(Object(Illuminate\\Http\\Request))
#33 /Users/aminshojaei/AndroidStudioProjects/Calcuapp/backend/vendor/laravel/framework/src/Illuminate/Foundation/Http/Middleware/ConvertEmptyStringsToNull.php(31): Illuminate\\Foundation\\Http\\Middleware\\TransformsRequest->handle(Object(Illuminate\\Http\\Request), Object(Closure))
#34 /Users/aminshojaei/AndroidStudioProjects/Calcuapp/backend/vendor/laravel/framework/src/Illuminate/Pipeline/Pipeline.php(219): Illuminate\\Foundation\\Http\\Middleware\\ConvertEmptyStringsToNull->handle(Object(Illuminate\\Http\\Request), Object(Closure))
#35 /Users/aminshojaei/AndroidStudioProjects/Calcuapp/backend/vendor/laravel/framework/src/Illuminate/Foundation/Http/Middleware/TransformsRequest.php(21): Illuminate\\Pipeline\\Pipeline->{closure:{closure:Illuminate\\Pipeline\\Pipeline::carry():194}:195}(Object(Illuminate\\Http\\Request))
#36 /Users/aminshojaei/AndroidStudioProjects/Calcuapp/backend/vendor/laravel/framework/src/Illuminate/Foundation/Http/Middleware/TrimStrings.php(51): Illuminate\\Foundation\\Http\\Middleware\\TransformsRequest->handle(Object(Illuminate\\Http\\Request), Object(Closure))
#37 /Users/aminshojaei/AndroidStudioProjects/Calcuapp/backend/vendor/laravel/framework/src/Illuminate/Pipeline/Pipeline.php(219): Illuminate\\Foundation\\Http\\Middleware\\TrimStrings->handle(Object(Illuminate\\Http\\Request), Object(Closure))
#38 /Users/aminshojaei/AndroidStudioProjects/Calcuapp/backend/vendor/laravel/framework/src/Illuminate/Http/Middleware/ValidatePostSize.php(27): Illuminate\\Pipeline\\Pipeline->{closure:{closure:Illuminate\\Pipeline\\Pipeline::carry():194}:195}(Object(Illuminate\\Http\\Request))
#39 /Users/aminshojaei/AndroidStudioProjects/Calcuapp/backend/vendor/laravel/framework/src/Illuminate/Pipeline/Pipeline.php(219): Illuminate\\Http\\Middleware\\ValidatePostSize->handle(Object(Illuminate\\Http\\Request), Object(Closure))
#40 /Users/aminshojaei/AndroidStudioProjects/Calcuapp/backend/vendor/laravel/framework/src/Illuminate/Foundation/Http/Middleware/PreventRequestsDuringMaintenance.php(109): Illuminate\\Pipeline\\Pipeline->{closure:{closure:Illuminate\\Pipeline\\Pipeline::carry():194}:195}(Object(Illuminate\\Http\\Request))
#41 /Users/aminshojaei/AndroidStudioProjects/Calcuapp/backend/vendor/laravel/framework/src/Illuminate/Pipeline/Pipeline.php(219): Illuminate\\Foundation\\Http\\Middleware\\PreventRequestsDuringMaintenance->handle(Object(Illuminate\\Http\\Request), Object(Closure))
#42 /Users/aminshojaei/AndroidStudioProjects/Calcuapp/backend/vendor/laravel/framework/src/Illuminate/Http/Middleware/HandleCors.php(74): Illuminate\\Pipeline\\Pipeline->{closure:{closure:Illuminate\\Pipeline\\Pipeline::carry():194}:195}(Object(Illuminate\\Http\\Request))
#43 /Users/aminshojaei/AndroidStudioProjects/Calcuapp/backend/vendor/laravel/framework/src/Illuminate/Pipeline/Pipeline.php(219): Illuminate\\Http\\Middleware\\HandleCors->handle(Object(Illuminate\\Http\\Request), Object(Closure))
#44 /Users/aminshojaei/AndroidStudioProjects/Calcuapp/backend/vendor/laravel/framework/src/Illuminate/Http/Middleware/TrustProxies.php(58): Illuminate\\Pipeline\\Pipeline->{closure:{closure:Illuminate\\Pipeline\\Pipeline::carry():194}:195}(Object(Illuminate\\Http\\Request))
#45 /Users/aminshojaei/AndroidStudioProjects/Calcuapp/backend/vendor/laravel/framework/src/Illuminate/Pipeline/Pipeline.php(219): Illuminate\\Http\\Middleware\\TrustProxies->handle(Object(Illuminate\\Http\\Request), Object(Closure))
#46 /Users/aminshojaei/AndroidStudioProjects/Calcuapp/backend/vendor/laravel/framework/src/Illuminate/Foundation/Http/Middleware/InvokeDeferredCallbacks.php(22): Illuminate\\Pipeline\\Pipeline->{closure:{closure:Illuminate\\Pipeline\\Pipeline::carry():194}:195}(Object(Illuminate\\Http\\Request))
#47 /Users/aminshojaei/AndroidStudioProjects/Calcuapp/backend/vendor/laravel/framework/src/Illuminate/Pipeline/Pipeline.php(219): Illuminate\\Foundation\\Http\\Middleware\\InvokeDeferredCallbacks->handle(Object(Illuminate\\Http\\Request), Object(Closure))
#48 /Users/aminshojaei/AndroidStudioProjects/Calcuapp/backend/vendor/laravel/framework/src/Illuminate/Http/Middleware/ValidatePathEncoding.php(26): Illuminate\\Pipeline\\Pipeline->{closure:{closure:Illuminate\\Pipeline\\Pipeline::carry():194}:195}(Object(Illuminate\\Http\\Request))
#49 /Users/aminshojaei/AndroidStudioProjects/Calcuapp/backend/vendor/laravel/framework/src/Illuminate/Pipeline/Pipeline.php(219): Illuminate\\Http\\Middleware\\ValidatePathEncoding->handle(Object(Illuminate\\Http\\Request), Object(Closure))
#50 /Users/aminshojaei/AndroidStudioProjects/Calcuapp/backend/vendor/laravel/framework/src/Illuminate/Pipeline/Pipeline.php(137): Illuminate\\Pipeline\\Pipeline->{closure:{closure:Illuminate\\Pipeline\\Pipeline::carry():194}:195}(Object(Illuminate\\Http\\Request))
#51 /Users/aminshojaei/AndroidStudioProjects/Calcuapp/backend/vendor/laravel/framework/src/Illuminate/Foundation/Http/Kernel.php(175): Illuminate\\Pipeline\\Pipeline->then(Object(Closure))
#52 /Users/aminshojaei/AndroidStudioProjects/Calcuapp/backend/vendor/laravel/framework/src/Illuminate/Foundation/Http/Kernel.php(144): Illuminate\\Foundation\\Http\\Kernel->sendRequestThroughRouter(Object(Illuminate\\Http\\Request))
#53 /Users/aminshojaei/AndroidStudioProjects/Calcuapp/backend/vendor/laravel/framework/src/Illuminate/Foundation/Application.php(1220): Illuminate\\Foundation\\Http\\Kernel->handle(Object(Illuminate\\Http\\Request))
#54 /Users/aminshojaei/AndroidStudioProjects/Calcuapp/backend/public/index.php(17): Illuminate\\Foundation\\Application->handleRequest(Object(Illuminate\\Http\\Request))
#55 /Users/aminshojaei/AndroidStudioProjects/Calcuapp/backend/vendor/laravel/framework/src/Illuminate/Foundation/resources/server.php(23): require_once('/Users/aminshoj...')
#56 {main}

[previous exception] [object] (PDOException(code: HY000): SQLSTATE[HY000]: General error: 1 table business_applications has no column named password at /Users/aminshojaei/AndroidStudioProjects/Calcuapp/backend/vendor/laravel/framework/src/Illuminate/Database/Connection.php:578)
[stacktrace]
#0 /Users/aminshojaei/AndroidStudioProjects/Calcuapp/backend/vendor/laravel/framework/src/Illuminate/Database/Connection.php(578): PDO->prepare('insert into \"bu...')
#1 /Users/aminshojaei/AndroidStudioProjects/Calcuapp/backend/vendor/laravel/framework/src/Illuminate/Database/Connection.php(827): Illuminate\\Database\\Connection->{closure:Illuminate\\Database\\Connection::statement():573}('insert into \"bu...', Array)
#2 /Users/aminshojaei/AndroidStudioProjects/Calcuapp/backend/vendor/laravel/framework/src/Illuminate/Database/Connection.php(794): Illuminate\\Database\\Connection->runQueryCallback('insert into \"bu...', Array, Object(Closure))
#3 /Users/aminshojaei/AndroidStudioProjects/Calcuapp/backend/vendor/laravel/framework/src/Illuminate/Database/Connection.php(573): Illuminate\\Database\\Connection->run('insert into \"bu...', Array, Object(Closure))
#4 /Users/aminshojaei/AndroidStudioProjects/Calcuapp/backend/vendor/laravel/framework/src/Illuminate/Database/Connection.php(537): Illuminate\\Database\\Connection->statement('insert into \"bu...', Array)
#5 /Users/aminshojaei/AndroidStudioProjects/Calcuapp/backend/vendor/laravel/framework/src/Illuminate/Database/Query/Builder.php(4121): Illuminate\\Database\\Connection->insert('insert into \"bu...', Array)
#6 /Users/aminshojaei/AndroidStudioProjects/Calcuapp/backend/vendor/laravel/framework/src/Illuminate/Database/Eloquent/Builder.php(2237): Illuminate\\Database\\Query\\Builder->insert(Array)
#7 /Users/aminshojaei/AndroidStudioProjects/Calcuapp/backend/vendor/laravel/framework/src/Illuminate/Database/Eloquent/Model.php(1412): Illuminate\\Database\\Eloquent\\Builder->__call('insert', Array)
#8 /Users/aminshojaei/AndroidStudioProjects/Calcuapp/backend/vendor/laravel/framework/src/Illuminate/Database/Eloquent/Model.php(1240): Illuminate\\Database\\Eloquent\\Model->performInsert(Object(Illuminate\\Database\\Eloquent\\Builder))
#9 /Users/aminshojaei/AndroidStudioProjects/Calcuapp/backend/vendor/laravel/framework/src/Illuminate/Database/Eloquent/Builder.php(1219): Illuminate\\Database\\Eloquent\\Model->save()
#10 /Users/aminshojaei/AndroidStudioProjects/Calcuapp/backend/vendor/laravel/framework/src/Illuminate/Support/helpers.php(393): Illuminate\\Database\\Eloquent\\Builder->{closure:Illuminate\\Database\\Eloquent\\Builder::create():1218}(Object(App\\Models\\BusinessApplication))
#11 /Users/aminshojaei/AndroidStudioProjects/Calcuapp/backend/vendor/laravel/framework/src/Illuminate/Database/Eloquent/Builder.php(1218): tap(Object(App\\Models\\BusinessApplication), Object(Closure))
#12 /Users/aminshojaei/AndroidStudioProjects/Calcuapp/backend/vendor/laravel/framework/src/Illuminate/Support/Traits/ForwardsCalls.php(23): Illuminate\\Database\\Eloquent\\Builder->create(Array)
#13 /Users/aminshojaei/AndroidStudioProjects/Calcuapp/backend/vendor/laravel/framework/src/Illuminate/Database/Eloquent/Model.php(2544): Illuminate\\Database\\Eloquent\\Model->forwardCallTo(Object(Illuminate\\Database\\Eloquent\\Builder), 'create', Array)
#14 /Users/aminshojaei/AndroidStudioProjects/Calcuapp/backend/vendor/laravel/framework/src/Illuminate/Database/Eloquent/Model.php(2560): Illuminate\\Database\\Eloquent\\Model->__call('create', Array)
#15 /Users/aminshojaei/AndroidStudioProjects/Calcuapp/backend/app/Http/Controllers/Api/Public/BusinessApplicationController.php(45): Illuminate\\Database\\Eloquent\\Model::__callStatic('create', Array)
#16 /Users/aminshojaei/AndroidStudioProjects/Calcuapp/backend/vendor/laravel/framework/src/Illuminate/Routing/ControllerDispatcher.php(46): App\\Http\\Controllers\\Api\\Public\\BusinessApplicationController->store(Object(Illuminate\\Http\\Request))
#17 /Users/aminshojaei/AndroidStudioProjects/Calcuapp/backend/vendor/laravel/framework/src/Illuminate/Routing/Route.php(265): Illuminate\\Routing\\ControllerDispatcher->dispatch(Object(Illuminate\\Routing\\Route), Object(App\\Http\\Controllers\\Api\\Public\\BusinessApplicationController), 'store')
#18 /Users/aminshojaei/AndroidStudioProjects/Calcuapp/backend/vendor/laravel/framework/src/Illuminate/Routing/Route.php(211): Illuminate\\Routing\\Route->runController()
#19 /Users/aminshojaei/AndroidStudioProjects/Calcuapp/backend/vendor/laravel/framework/src/Illuminate/Routing/Router.php(822): Illuminate\\Routing\\Route->run()
#20 /Users/aminshojaei/AndroidStudioProjects/Calcuapp/backend/vendor/laravel/framework/src/Illuminate/Pipeline/Pipeline.php(180): Illuminate\\Routing\\Router->{closure:Illuminate\\Routing\\Router::runRouteWithinStack():821}(Object(Illuminate\\Http\\Request))
#21 /Users/aminshojaei/AndroidStudioProjects/Calcuapp/backend/app/Http/Middleware/IdempotencyMiddleware.php(18): Illuminate\\Pipeline\\Pipeline->{closure:Illuminate\\Pipeline\\Pipeline::prepareDestination():178}(Object(Illuminate\\Http\\Request))
#22 /Users/aminshojaei/AndroidStudioProjects/Calcuapp/backend/vendor/laravel/framework/src/Illuminate/Pipeline/Pipeline.php(219): App\\Http\\Middleware\\IdempotencyMiddleware->handle(Object(Illuminate\\Http\\Request), Object(Closure))
#23 /Users/aminshojaei/AndroidStudioProjects/Calcuapp/backend/app/Http/Middleware/TenantMiddleware.php(23): Illuminate\\Pipeline\\Pipeline->{closure:{closure:Illuminate\\Pipeline\\Pipeline::carry():194}:195}(Object(Illuminate\\Http\\Request))
#24 /Users/aminshojaei/AndroidStudioProjects/Calcuapp/backend/vendor/laravel/framework/src/Illuminate/Pipeline/Pipeline.php(219): App\\Http\\Middleware\\TenantMiddleware->handle(Object(Illuminate\\Http\\Request), Object(Closure))
#25 /Users/aminshojaei/AndroidStudioProjects/Calcuapp/backend/vendor/laravel/framework/src/Illuminate/Routing/Middleware/SubstituteBindings.php(50): Illuminate\\Pipeline\\Pipeline->{closure:{closure:Illuminate\\Pipeline\\Pipeline::carry():194}:195}(Object(Illuminate\\Http\\Request))
#26 /Users/aminshojaei/AndroidStudioProjects/Calcuapp/backend/vendor/laravel/framework/src/Illuminate/Pipeline/Pipeline.php(219): Illuminate\\Routing\\Middleware\\SubstituteBindings->handle(Object(Illuminate\\Http\\Request), Object(Closure))
#27 /Users/aminshojaei/AndroidStudioProjects/Calcuapp/backend/vendor/laravel/framework/src/Illuminate/Pipeline/Pipeline.php(137): Illuminate\\Pipeline\\Pipeline->{closure:{closure:Illuminate\\Pipeline\\Pipeline::carry():194}:195}(Object(Illuminate\\Http\\Request))
#28 /Users/aminshojaei/AndroidStudioProjects/Calcuapp/backend/vendor/laravel/framework/src/Illuminate/Routing/Router.php(821): Illuminate\\Pipeline\\Pipeline->then(Object(Closure))
#29 /Users/aminshojaei/AndroidStudioProjects/Calcuapp/backend/vendor/laravel/framework/src/Illuminate/Routing/Router.php(800): Illuminate\\Routing\\Router->runRouteWithinStack(Object(Illuminate\\Routing\\Route), Object(Illuminate\\Http\\Request))
#30 /Users/aminshojaei/AndroidStudioProjects/Calcuapp/backend/vendor/laravel/framework/src/Illuminate/Routing/Router.php(764): Illuminate\\Routing\\Router->runRoute(Object(Illuminate\\Http\\Request), Object(Illuminate\\Routing\\Route))
#31 /Users/aminshojaei/AndroidStudioProjects/Calcuapp/backend/vendor/laravel/framework/src/Illuminate/Routing/Router.php(753): Illuminate\\Routing\\Router->dispatchToRoute(Object(Illuminate\\Http\\Request))
#32 /Users/aminshojaei/AndroidStudioProjects/Calcuapp/backend/vendor/laravel/framework/src/Illuminate/Foundation/Http/Kernel.php(200): Illuminate\\Routing\\Router->dispatch(Object(Illuminate\\Http\\Request))
#33 /Users/aminshojaei/AndroidStudioProjects/Calcuapp/backend/vendor/laravel/framework/src/Illuminate/Pipeline/Pipeline.php(180): Illuminate\\Foundation\\Http\\Kernel->{closure:Illuminate\\Foundation\\Http\\Kernel::dispatchToRouter():197}(Object(Illuminate\\Http\\Request))
#34 /Users/aminshojaei/AndroidStudioProjects/Calcuapp/backend/vendor/laravel/framework/src/Illuminate/Foundation/Http/Middleware/TransformsRequest.php(21): Illuminate\\Pipeline\\Pipeline->{closure:Illuminate\\Pipeline\\Pipeline::prepareDestination():178}(Object(Illuminate\\Http\\Request))
#35 /Users/aminshojaei/AndroidStudioProjects/Calcuapp/backend/vendor/laravel/framework/src/Illuminate/Foundation/Http/Middleware/ConvertEmptyStringsToNull.php(31): Illuminate\\Foundation\\Http\\Middleware\\TransformsRequest->handle(Object(Illuminate\\Http\\Request), Object(Closure))
#36 /Users/aminshojaei/AndroidStudioProjects/Calcuapp/backend/vendor/laravel/framework/src/Illuminate/Pipeline/Pipeline.php(219): Illuminate\\Foundation\\Http\\Middleware\\ConvertEmptyStringsToNull->handle(Object(Illuminate\\Http\\Request), Object(Closure))
#37 /Users/aminshojaei/AndroidStudioProjects/Calcuapp/backend/vendor/laravel/framework/src/Illuminate/Foundation/Http/Middleware/TransformsRequest.php(21): Illuminate\\Pipeline\\Pipeline->{closure:{closure:Illuminate\\Pipeline\\Pipeline::carry():194}:195}(Object(Illuminate\\Http\\Request))
#38 /Users/aminshojaei/AndroidStudioProjects/Calcuapp/backend/vendor/laravel/framework/src/Illuminate/Foundation/Http/Middleware/TrimStrings.php(51): Illuminate\\Foundation\\Http\\Middleware\\TransformsRequest->handle(Object(Illuminate\\Http\\Request), Object(Closure))
#39 /Users/aminshojaei/AndroidStudioProjects/Calcuapp/backend/vendor/laravel/framework/src/Illuminate/Pipeline/Pipeline.php(219): Illuminate\\Foundation\\Http\\Middleware\\TrimStrings->handle(Object(Illuminate\\Http\\Request), Object(Closure))
#40 /Users/aminshojaei/AndroidStudioProjects/Calcuapp/backend/vendor/laravel/framework/src/Illuminate/Http/Middleware/ValidatePostSize.php(27): Illuminate\\Pipeline\\Pipeline->{closure:{closure:Illuminate\\Pipeline\\Pipeline::carry():194}:195}(Object(Illuminate\\Http\\Request))
#41 /Users/aminshojaei/AndroidStudioProjects/Calcuapp/backend/vendor/laravel/framework/src/Illuminate/Pipeline/Pipeline.php(219): Illuminate\\Http\\Middleware\\ValidatePostSize->handle(Object(Illuminate\\Http\\Request), Object(Closure))
#42 /Users/aminshojaei/AndroidStudioProjects/Calcuapp/backend/vendor/laravel/framework/src/Illuminate/Foundation/Http/Middleware/PreventRequestsDuringMaintenance.php(109): Illuminate\\Pipeline\\Pipeline->{closure:{closure:Illuminate\\Pipeline\\Pipeline::carry():194}:195}(Object(Illuminate\\Http\\Request))
#43 /Users/aminshojaei/AndroidStudioProjects/Calcuapp/backend/vendor/laravel/framework/src/Illuminate/Pipeline/Pipeline.php(219): Illuminate\\Foundation\\Http\\Middleware\\PreventRequestsDuringMaintenance->handle(Object(Illuminate\\Http\\Request), Object(Closure))
#44 /Users/aminshojaei/AndroidStudioProjects/Calcuapp/backend/vendor/laravel/framework/src/Illuminate/Http/Middleware/HandleCors.php(74): Illuminate\\Pipeline\\Pipeline->{closure:{closure:Illuminate\\Pipeline\\Pipeline::carry():194}:195}(Object(Illuminate\\Http\\Request))
#45 /Users/aminshojaei/AndroidStudioProjects/Calcuapp/backend/vendor/laravel/framework/src/Illuminate/Pipeline/Pipeline.php(219): Illuminate\\Http\\Middleware\\HandleCors->handle(Object(Illuminate\\Http\\Request), Object(Closure))
#46 /Users/aminshojaei/AndroidStudioProjects/Calcuapp/backend/vendor/laravel/framework/src/Illuminate/Http/Middleware/TrustProxies.php(58): Illuminate\\Pipeline\\Pipeline->{closure:{closure:Illuminate\\Pipeline\\Pipeline::carry():194}:195}(Object(Illuminate\\Http\\Request))
#47 /Users/aminshojaei/AndroidStudioProjects/Calcuapp/backend/vendor/laravel/framework/src/Illuminate/Pipeline/Pipeline.php(219): Illuminate\\Http\\Middleware\\TrustProxies->handle(Object(Illuminate\\Http\\Request), Object(Closure))
#48 /Users/aminshojaei/AndroidStudioProjects/Calcuapp/backend/vendor/laravel/framework/src/Illuminate/Foundation/Http/Middleware/InvokeDeferredCallbacks.php(22): Illuminate\\Pipeline\\Pipeline->{closure:{closure:Illuminate\\Pipeline\\Pipeline::carry():194}:195}(Object(Illuminate\\Http\\Request))
#49 /Users/aminshojaei/AndroidStudioProjects/Calcuapp/backend/vendor/laravel/framework/src/Illuminate/Pipeline/Pipeline.php(219): Illuminate\\Foundation\\Http\\Middleware\\InvokeDeferredCallbacks->handle(Object(Illuminate\\Http\\Request), Object(Closure))
#50 /Users/aminshojaei/AndroidStudioProjects/Calcuapp/backend/vendor/laravel/framework/src/Illuminate/Http/Middleware/ValidatePathEncoding.php(26): Illuminate\\Pipeline\\Pipeline->{closure:{closure:Illuminate\\Pipeline\\Pipeline::carry():194}:195}(Object(Illuminate\\Http\\Request))
#51 /Users/aminshojaei/AndroidStudioProjects/Calcuapp/backend/vendor/laravel/framework/src/Illuminate/Pipeline/Pipeline.php(219): Illuminate\\Http\\Middleware\\ValidatePathEncoding->handle(Object(Illuminate\\Http\\Request), Object(Closure))
#52 /Users/aminshojaei/AndroidStudioProjects/Calcuapp/backend/vendor/laravel/framework/src/Illuminate/Pipeline/Pipeline.php(137): Illuminate\\Pipeline\\Pipeline->{closure:{closure:Illuminate\\Pipeline\\Pipeline::carry():194}:195}(Object(Illuminate\\Http\\Request))
#53 /Users/aminshojaei/AndroidStudioProjects/Calcuapp/backend/vendor/laravel/framework/src/Illuminate/Foundation/Http/Kernel.php(175): Illuminate\\Pipeline\\Pipeline->then(Object(Closure))
#54 /Users/aminshojaei/AndroidStudioProjects/Calcuapp/backend/vendor/laravel/framework/src/Illuminate/Foundation/Http/Kernel.php(144): Illuminate\\Foundation\\Http\\Kernel->sendRequestThroughRouter(Object(Illuminate\\Http\\Request))
#55 /Users/aminshojaei/AndroidStudioProjects/Calcuapp/backend/vendor/laravel/framework/src/Illuminate/Foundation/Application.php(1220): Illuminate\\Foundation\\Http\\Kernel->handle(Object(Illuminate\\Http\\Request))
#56 /Users/aminshojaei/AndroidStudioProjects/Calcuapp/backend/public/index.php(17): Illuminate\\Foundation\\Application->handleRequest(Object(Illuminate\\Http\\Request))
#57 /Users/aminshojaei/AndroidStudioProjects/Calcuapp/backend/vendor/laravel/framework/src/Illuminate/Foundation/resources/server.php(23): require_once('/Users/aminshoj...')
#58 {main}
"} 
[2026-10-01 08:08:51] local.ERROR: SQLSTATE[HY000]: General error: 1 no such table: personal_access_tokens (Connection: sqlite, Database: database/database.sqlite, SQL: insert into "personal_access_tokens" ("name", "token", "abilities", "expires_at", "tokenable_id", "tokenable_type", "updated_at", "created_at") values (auth_token, 0fb3c0a90064514dac41e137d1d6817de81b34177fc0f8bd302b06b281519234, ["*"], ?, 108c9e2e-a6c9-4a58-80f7-1860537f500c, App\Models\User, 2026-10-01 08:08:51, 2026-10-01 08:08:51)) {"exception":"[object] (Illuminate\\Database\\QueryException(code: HY000): SQLSTATE[HY000]: General error: 1 no such table: personal_access_tokens (Connection: sqlite, Database: database/database.sqlite, SQL: insert into \"personal_access_tokens\" (\"name\", \"token\", \"abilities\", \"expires_at\", \"tokenable_id\", \"tokenable_type\", \"updated_at\", \"created_at\") values (auth_token, 0fb3c0a90064514dac41e137d1d6817de81b34177fc0f8bd302b06b281519234, [\"*\"], ?, 108c9e2e-a6c9-4a58-80f7-1860537f500c, App\\Models\\User, 2026-10-01 08:08:51, 2026-10-01 08:08:51)) at /Users/aminshojaei/AndroidStudioProjects/Calcuapp/backend/vendor/laravel/framework/src/Illuminate/Database/Connection.php:838)
[stacktrace]
#0 /Users/aminshojaei/AndroidStudioProjects/Calcuapp/backend/vendor/laravel/framework/src/Illuminate/Database/Connection.php(794): Illuminate\\Database\\Connection->runQueryCallback('insert into \"pe...', Array, Object(Closure))
#1 /Users/aminshojaei/AndroidStudioProjects/Calcuapp/backend/vendor/laravel/framework/src/Illuminate/Database/Connection.php(573): Illuminate\\Database\\Connection->run('insert into \"pe...', Array, Object(Closure))
#2 /Users/aminshojaei/AndroidStudioProjects/Calcuapp/backend/vendor/laravel/framework/src/Illuminate/Database/Connection.php(537): Illuminate\\Database\\Connection->statement('insert into \"pe...', Array)
#3 /Users/aminshojaei/AndroidStudioProjects/Calcuapp/backend/vendor/laravel/framework/src/Illuminate/Database/Query/Processors/Processor.php(32): Illuminate\\Database\\Connection->insert('insert into \"pe...', Array)
#4 /Users/aminshojaei/AndroidStudioProjects/Calcuapp/backend/vendor/laravel/framework/src/Illuminate/Database/Query/Builder.php(4170): Illuminate\\Database\\Query\\Processors\\Processor->processInsertGetId(Object(Illuminate\\Database\\Query\\Builder), 'insert into \"pe...', Array, 'id')
#5 /Users/aminshojaei/AndroidStudioProjects/Calcuapp/backend/vendor/laravel/framework/src/Illuminate/Database/Eloquent/Builder.php(2237): Illuminate\\Database\\Query\\Builder->insertGetId(Array, 'id')
#6 /Users/aminshojaei/AndroidStudioProjects/Calcuapp/backend/vendor/laravel/framework/src/Illuminate/Database/Eloquent/Model.php(1436): Illuminate\\Database\\Eloquent\\Builder->__call('insertGetId', Array)
#7 /Users/aminshojaei/AndroidStudioProjects/Calcuapp/backend/vendor/laravel/framework/src/Illuminate/Database/Eloquent/Model.php(1401): Illuminate\\Database\\Eloquent\\Model->insertAndSetId(Object(Illuminate\\Database\\Eloquent\\Builder), Array)
#8 /Users/aminshojaei/AndroidStudioProjects/Calcuapp/backend/vendor/laravel/framework/src/Illuminate/Database/Eloquent/Model.php(1240): Illuminate\\Database\\Eloquent\\Model->performInsert(Object(Illuminate\\Database\\Eloquent\\Builder))
#9 /Users/aminshojaei/AndroidStudioProjects/Calcuapp/backend/vendor/laravel/framework/src/Illuminate/Database/Eloquent/Relations/HasOneOrMany.php(391): Illuminate\\Database\\Eloquent\\Model->save()
#10 /Users/aminshojaei/AndroidStudioProjects/Calcuapp/backend/vendor/laravel/framework/src/Illuminate/Support/helpers.php(393): Illuminate\\Database\\Eloquent\\Relations\\HasOneOrMany->{closure:Illuminate\\Database\\Eloquent\\Relations\\HasOneOrMany::create():388}(Object(Laravel\\Sanctum\\PersonalAccessToken))
#11 /Users/aminshojaei/AndroidStudioProjects/Calcuapp/backend/vendor/laravel/framework/src/Illuminate/Database/Eloquent/Relations/HasOneOrMany.php(388): tap(Object(Laravel\\Sanctum\\PersonalAccessToken), Object(Closure))
#12 /Users/aminshojaei/AndroidStudioProjects/Calcuapp/backend/vendor/laravel/sanctum/src/HasApiTokens.php(64): Illuminate\\Database\\Eloquent\\Relations\\HasOneOrMany->create(Array)
#13 /Users/aminshojaei/AndroidStudioProjects/Calcuapp/backend/app/Http/Controllers/Api/AuthController.php(26): App\\Models\\User->createToken('auth_token')
#14 /Users/aminshojaei/AndroidStudioProjects/Calcuapp/backend/vendor/laravel/framework/src/Illuminate/Routing/ControllerDispatcher.php(46): App\\Http\\Controllers\\Api\\AuthController->login(Object(Illuminate\\Http\\Request))
#15 /Users/aminshojaei/AndroidStudioProjects/Calcuapp/backend/vendor/laravel/framework/src/Illuminate/Routing/Route.php(265): Illuminate\\Routing\\ControllerDispatcher->dispatch(Object(Illuminate\\Routing\\Route), Object(App\\Http\\Controllers\\Api\\AuthController), 'login')
#16 /Users/aminshojaei/AndroidStudioProjects/Calcuapp/backend/vendor/laravel/framework/src/Illuminate/Routing/Route.php(211): Illuminate\\Routing\\Route->runController()
#17 /Users/aminshojaei/AndroidStudioProjects/Calcuapp/backend/vendor/laravel/framework/src/Illuminate/Routing/Router.php(822): Illuminate\\Routing\\Route->run()
#18 /Users/aminshojaei/AndroidStudioProjects/Calcuapp/backend/vendor/laravel/framework/src/Illuminate/Pipeline/Pipeline.php(180): Illuminate\\Routing\\Router->{closure:Illuminate\\Routing\\Router::runRouteWithinStack():821}(Object(Illuminate\\Http\\Request))
#19 /Users/aminshojaei/AndroidStudioProjects/Calcuapp/backend/app/Http/Middleware/IdempotencyMiddleware.php(18): Illuminate\\Pipeline\\Pipeline->{closure:Illuminate\\Pipeline\\Pipeline::prepareDestination():178}(Object(Illuminate\\Http\\Request))
#20 /Users/aminshojaei/AndroidStudioProjects/Calcuapp/backend/vendor/laravel/framework/src/Illuminate/Pipeline/Pipeline.php(219): App\\Http\\Middleware\\IdempotencyMiddleware->handle(Object(Illuminate\\Http\\Request), Object(Closure))
#21 /Users/aminshojaei/AndroidStudioProjects/Calcuapp/backend/app/Http/Middleware/TenantMiddleware.php(23): Illuminate\\Pipeline\\Pipeline->{closure:{closure:Illuminate\\Pipeline\\Pipeline::carry():194}:195}(Object(Illuminate\\Http\\Request))
#22 /Users/aminshojaei/AndroidStudioProjects/Calcuapp/backend/vendor/laravel/framework/src/Illuminate/Pipeline/Pipeline.php(219): App\\Http\\Middleware\\TenantMiddleware->handle(Object(Illuminate\\Http\\Request), Object(Closure))
#23 /Users/aminshojaei/AndroidStudioProjects/Calcuapp/backend/vendor/laravel/framework/src/Illuminate/Routing/Middleware/SubstituteBindings.php(50): Illuminate\\Pipeline\\Pipeline->{closure:{closure:Illuminate\\Pipeline\\Pipeline::carry():194}:195}(Object(Illuminate\\Http\\Request))
#24 /Users/aminshojaei/AndroidStudioProjects/Calcuapp/backend/vendor/laravel/framework/src/Illuminate/Pipeline/Pipeline.php(219): Illuminate\\Routing\\Middleware\\SubstituteBindings->handle(Object(Illuminate\\Http\\Request), Object(Closure))
#25 /Users/aminshojaei/AndroidStudioProjects/Calcuapp/backend/vendor/laravel/framework/src/Illuminate/Pipeline/Pipeline.php(137): Illuminate\\Pipeline\\Pipeline->{closure:{closure:Illuminate\\Pipeline\\Pipeline::carry():194}:195}(Object(Illuminate\\Http\\Request))
#26 /Users/aminshojaei/AndroidStudioProjects/Calcuapp/backend/vendor/laravel/framework/src/Illuminate/Routing/Router.php(821): Illuminate\\Pipeline\\Pipeline->then(Object(Closure))
#27 /Users/aminshojaei/AndroidStudioProjects/Calcuapp/backend/vendor/laravel/framework/src/Illuminate/Routing/Router.php(800): Illuminate\\Routing\\Router->runRouteWithinStack(Object(Illuminate\\Routing\\Route), Object(Illuminate\\Http\\Request))
#28 /Users/aminshojaei/AndroidStudioProjects/Calcuapp/backend/vendor/laravel/framework/src/Illuminate/Routing/Router.php(764): Illuminate\\Routing\\Router->runRoute(Object(Illuminate\\Http\\Request), Object(Illuminate\\Routing\\Route))
#29 /Users/aminshojaei/AndroidStudioProjects/Calcuapp/backend/vendor/laravel/framework/src/Illuminate/Routing/Router.php(753): Illuminate\\Routing\\Router->dispatchToRoute(Object(Illuminate\\Http\\Request))
#30 /Users/aminshojaei/AndroidStudioProjects/Calcuapp/backend/vendor/laravel/framework/src/Illuminate/Foundation/Http/Kernel.php(200): Illuminate\\Routing\\Router->dispatch(Object(Illuminate\\Http\\Request))
#31 /Users/aminshojaei/AndroidStudioProjects/Calcuapp/backend/vendor/laravel/framework/src/Illuminate/Pipeline/Pipeline.php(180): Illuminate\\Foundation\\Http\\Kernel->{closure:Illuminate\\Foundation\\Http\\Kernel::dispatchToRouter():197}(Object(Illuminate\\Http\\Request))
#32 /Users/aminshojaei/AndroidStudioProjects/Calcuapp/backend/vendor/laravel/framework/src/Illuminate/Foundation/Http/Middleware/TransformsRequest.php(21): Illuminate\\Pipeline\\Pipeline->{closure:Illuminate\\Pipeline\\Pipeline::prepareDestination():178}(Object(Illuminate\\Http\\Request))
#33 /Users/aminshojaei/AndroidStudioProjects/Calcuapp/backend/vendor/laravel/framework/src/Illuminate/Foundation/Http/Middleware/ConvertEmptyStringsToNull.php(31): Illuminate\\Foundation\\Http\\Middleware\\TransformsRequest->handle(Object(Illuminate\\Http\\Request), Object(Closure))
#34 /Users/aminshojaei/AndroidStudioProjects/Calcuapp/backend/vendor/laravel/framework/src/Illuminate/Pipeline/Pipeline.php(219): Illuminate\\Foundation\\Http\\Middleware\\ConvertEmptyStringsToNull->handle(Object(Illuminate\\Http\\Request), Object(Closure))
#35 /Users/aminshojaei/AndroidStudioProjects/Calcuapp/backend/vendor/laravel/framework/src/Illuminate/Foundation/Http/Middleware/TransformsRequest.php(21): Illuminate\\Pipeline\\Pipeline->{closure:{closure:Illuminate\\Pipeline\\Pipeline::carry():194}:195}(Object(Illuminate\\Http\\Request))
#36 /Users/aminshojaei/AndroidStudioProjects/Calcuapp/backend/vendor/laravel/framework/src/Illuminate/Foundation/Http/Middleware/TrimStrings.php(51): Illuminate\\Foundation\\Http\\Middleware\\TransformsRequest->handle(Object(Illuminate\\Http\\Request), Object(Closure))
#37 /Users/aminshojaei/AndroidStudioProjects/Calcuapp/backend/vendor/laravel/framework/src/Illuminate/Pipeline/Pipeline.php(219): Illuminate\\Foundation\\Http\\Middleware\\TrimStrings->handle(Object(Illuminate\\Http\\Request), Object(Closure))
#38 /Users/aminshojaei/AndroidStudioProjects/Calcuapp/backend/vendor/laravel/framework/src/Illuminate/Http/Middleware/ValidatePostSize.php(27): Illuminate\\Pipeline\\Pipeline->{closure:{closure:Illuminate\\Pipeline\\Pipeline::carry():194}:195}(Object(Illuminate\\Http\\Request))
#39 /Users/aminshojaei/AndroidStudioProjects/Calcuapp/backend/vendor/laravel/framework/src/Illuminate/Pipeline/Pipeline.php(219): Illuminate\\Http\\Middleware\\ValidatePostSize->handle(Object(Illuminate\\Http\\Request), Object(Closure))
#40 /Users/aminshojaei/AndroidStudioProjects/Calcuapp/backend/vendor/laravel/framework/src/Illuminate/Foundation/Http/Middleware/PreventRequestsDuringMaintenance.php(109): Illuminate\\Pipeline\\Pipeline->{closure:{closure:Illuminate\\Pipeline\\Pipeline::carry():194}:195}(Object(Illuminate\\Http\\Request))
#41 /Users/aminshojaei/AndroidStudioProjects/Calcuapp/backend/vendor/laravel/framework/src/Illuminate/Pipeline/Pipeline.php(219): Illuminate\\Foundation\\Http\\Middleware\\PreventRequestsDuringMaintenance->handle(Object(Illuminate\\Http\\Request), Object(Closure))
#42 /Users/aminshojaei/AndroidStudioProjects/Calcuapp/backend/vendor/laravel/framework/src/Illuminate/Http/Middleware/HandleCors.php(74): Illuminate\\Pipeline\\Pipeline->{closure:{closure:Illuminate\\Pipeline\\Pipeline::carry():194}:195}(Object(Illuminate\\Http\\Request))
#43 /Users/aminshojaei/AndroidStudioProjects/Calcuapp/backend/vendor/laravel/framework/src/Illuminate/Pipeline/Pipeline.php(219): Illuminate\\Http\\Middleware\\HandleCors->handle(Object(Illuminate\\Http\\Request), Object(Closure))
#44 /Users/aminshojaei/AndroidStudioProjects/Calcuapp/backend/vendor/laravel/framework/src/Illuminate/Http/Middleware/TrustProxies.php(58): Illuminate\\Pipeline\\Pipeline->{closure:{closure:Illuminate\\Pipeline\\Pipeline::carry():194}:195}(Object(Illuminate\\Http\\Request))
#45 /Users/aminshojaei/AndroidStudioProjects/Calcuapp/backend/vendor/laravel/framework/src/Illuminate/Pipeline/Pipeline.php(219): Illuminate\\Http\\Middleware\\TrustProxies->handle(Object(Illuminate\\Http\\Request), Object(Closure))
#46 /Users/aminshojaei/AndroidStudioProjects/Calcuapp/backend/vendor/laravel/framework/src/Illuminate/Foundation/Http/Middleware/InvokeDeferredCallbacks.php(22): Illuminate\\Pipeline\\Pipeline->{closure:{closure:Illuminate\\Pipeline\\Pipeline::carry():194}:195}(Object(Illuminate\\Http\\Request))
#47 /Users/aminshojaei/AndroidStudioProjects/Calcuapp/backend/vendor/laravel/framework/src/Illuminate/Pipeline/Pipeline.php(219): Illuminate\\Foundation\\Http\\Middleware\\InvokeDeferredCallbacks->handle(Object(Illuminate\\Http\\Request), Object(Closure))
#48 /Users/aminshojaei/AndroidStudioProjects/Calcuapp/backend/vendor/laravel/framework/src/Illuminate/Http/Middleware/ValidatePathEncoding.php(26): Illuminate\\Pipeline\\Pipeline->{closure:{closure:Illuminate\\Pipeline\\Pipeline::carry():194}:195}(Object(Illuminate\\Http\\Request))
#49 /Users/aminshojaei/AndroidStudioProjects/Calcuapp/backend/vendor/laravel/framework/src/Illuminate/Pipeline/Pipeline.php(219): Illuminate\\Http\\Middleware\\ValidatePathEncoding->handle(Object(Illuminate\\Http\\Request), Object(Closure))
#50 /Users/aminshojaei/AndroidStudioProjects/Calcuapp/backend/vendor/laravel/framework/src/Illuminate/Pipeline/Pipeline.php(137): Illuminate\\Pipeline\\Pipeline->{closure:{closure:Illuminate\\Pipeline\\Pipeline::carry():194}:195}(Object(Illuminate\\Http\\Request))
#51 /Users/aminshojaei/AndroidStudioProjects/Calcuapp/backend/vendor/laravel/framework/src/Illuminate/Foundation/Http/Kernel.php(175): Illuminate\\Pipeline\\Pipeline->then(Object(Closure))
#52 /Users/aminshojaei/AndroidStudioProjects/Calcuapp/backend/vendor/laravel/framework/src/Illuminate/Foundation/Http/Kernel.php(144): Illuminate\\Foundation\\Http\\Kernel->sendRequestThroughRouter(Object(Illuminate\\Http\\Request))
#53 /Users/aminshojaei/AndroidStudioProjects/Calcuapp/backend/vendor/laravel/framework/src/Illuminate/Foundation/Application.php(1220): Illuminate\\Foundation\\Http\\Kernel->handle(Object(Illuminate\\Http\\Request))
#54 /Users/aminshojaei/AndroidStudioProjects/Calcuapp/backend/public/index.php(17): Illuminate\\Foundation\\Application->handleRequest(Object(Illuminate\\Http\\Request))
#55 /Users/aminshojaei/AndroidStudioProjects/Calcuapp/backend/vendor/laravel/framework/src/Illuminate/Foundation/resources/server.php(23): require_once('/Users/aminshoj...')
#56 {main}

[previous exception] [object] (PDOException(code: HY000): SQLSTATE[HY000]: General error: 1 no such table: personal_access_tokens at /Users/aminshojaei/AndroidStudioProjects/Calcuapp/backend/vendor/laravel/framework/src/Illuminate/Database/Connection.php:578)
[stacktrace]
#0 /Users/aminshojaei/AndroidStudioProjects/Calcuapp/backend/vendor/laravel/framework/src/Illuminate/Database/Connection.php(578): PDO->prepare('insert into \"pe...')
#1 /Users/aminshojaei/AndroidStudioProjects/Calcuapp/backend/vendor/laravel/framework/src/Illuminate/Database/Connection.php(827): Illuminate\\Database\\Connection->{closure:Illuminate\\Database\\Connection::statement():573}('insert into \"pe...', Array)
#2 /Users/aminshojaei/AndroidStudioProjects/Calcuapp/backend/vendor/laravel/framework/src/Illuminate/Database/Connection.php(794): Illuminate\\Database\\Connection->runQueryCallback('insert into \"pe...', Array, Object(Closure))
#3 /Users/aminshojaei/AndroidStudioProjects/Calcuapp/backend/vendor/laravel/framework/src/Illuminate/Database/Connection.php(573): Illuminate\\Database\\Connection->run('insert into \"pe...', Array, Object(Closure))
#4 /Users/aminshojaei/AndroidStudioProjects/Calcuapp/backend/vendor/laravel/framework/src/Illuminate/Database/Connection.php(537): Illuminate\\Database\\Connection->statement('insert into \"pe...', Array)
#5 /Users/aminshojaei/AndroidStudioProjects/Calcuapp/backend/vendor/laravel/framework/src/Illuminate/Database/Query/Processors/Processor.php(32): Illuminate\\Database\\Connection->insert('insert into \"pe...', Array)
#6 /Users/aminshojaei/AndroidStudioProjects/Calcuapp/backend/vendor/laravel/framework/src/Illuminate/Database/Query/Builder.php(4170): Illuminate\\Database\\Query\\Processors\\Processor->processInsertGetId(Object(Illuminate\\Database\\Query\\Builder), 'insert into \"pe...', Array, 'id')
#7 /Users/aminshojaei/AndroidStudioProjects/Calcuapp/backend/vendor/laravel/framework/src/Illuminate/Database/Eloquent/Builder.php(2237): Illuminate\\Database\\Query\\Builder->insertGetId(Array, 'id')
#8 /Users/aminshojaei/AndroidStudioProjects/Calcuapp/backend/vendor/laravel/framework/src/Illuminate/Database/Eloquent/Model.php(1436): Illuminate\\Database\\Eloquent\\Builder->__call('insertGetId', Array)
#9 /Users/aminshojaei/AndroidStudioProjects/Calcuapp/backend/vendor/laravel/framework/src/Illuminate/Database/Eloquent/Model.php(1401): Illuminate\\Database\\Eloquent\\Model->insertAndSetId(Object(Illuminate\\Database\\Eloquent\\Builder), Array)
#10 /Users/aminshojaei/AndroidStudioProjects/Calcuapp/backend/vendor/laravel/framework/src/Illuminate/Database/Eloquent/Model.php(1240): Illuminate\\Database\\Eloquent\\Model->performInsert(Object(Illuminate\\Database\\Eloquent\\Builder))
#11 /Users/aminshojaei/AndroidStudioProjects/Calcuapp/backend/vendor/laravel/framework/src/Illuminate/Database/Eloquent/Relations/HasOneOrMany.php(391): Illuminate\\Database\\Eloquent\\Model->save()
#12 /Users/aminshojaei/AndroidStudioProjects/Calcuapp/backend/vendor/laravel/framework/src/Illuminate/Support/helpers.php(393): Illuminate\\Database\\Eloquent\\Relations\\HasOneOrMany->{closure:Illuminate\\Database\\Eloquent\\Relations\\HasOneOrMany::create():388}(Object(Laravel\\Sanctum\\PersonalAccessToken))
#13 /Users/aminshojaei/AndroidStudioProjects/Calcuapp/backend/vendor/laravel/framework/src/Illuminate/Database/Eloquent/Relations/HasOneOrMany.php(388): tap(Object(Laravel\\Sanctum\\PersonalAccessToken), Object(Closure))
#14 /Users/aminshojaei/AndroidStudioProjects/Calcuapp/backend/vendor/laravel/sanctum/src/HasApiTokens.php(64): Illuminate\\Database\\Eloquent\\Relations\\HasOneOrMany->create(Array)
#15 /Users/aminshojaei/AndroidStudioProjects/Calcuapp/backend/app/Http/Controllers/Api/AuthController.php(26): App\\Models\\User->createToken('auth_token')
#16 /Users/aminshojaei/AndroidStudioProjects/Calcuapp/backend/vendor/laravel/framework/src/Illuminate/Routing/ControllerDispatcher.php(46): App\\Http\\Controllers\\Api\\AuthController->login(Object(Illuminate\\Http\\Request))
#17 /Users/aminshojaei/AndroidStudioProjects/Calcuapp/backend/vendor/laravel/framework/src/Illuminate/Routing/Route.php(265): Illuminate\\Routing\\ControllerDispatcher->dispatch(Object(Illuminate\\Routing\\Route), Object(App\\Http\\Controllers\\Api\\AuthController), 'login')
#18 /Users/aminshojaei/AndroidStudioProjects/Calcuapp/backend/vendor/laravel/framework/src/Illuminate/Routing/Route.php(211): Illuminate\\Routing\\Route->runController()
#19 /Users/aminshojaei/AndroidStudioProjects/Calcuapp/backend/vendor/laravel/framework/src/Illuminate/Routing/Router.php(822): Illuminate\\Routing\\Route->run()
#20 /Users/aminshojaei/AndroidStudioProjects/Calcuapp/backend/vendor/laravel/framework/src/Illuminate/Pipeline/Pipeline.php(180): Illuminate\\Routing\\Router->{closure:Illuminate\\Routing\\Router::runRouteWithinStack():821}(Object(Illuminate\\Http\\Request))
#21 /Users/aminshojaei/AndroidStudioProjects/Calcuapp/backend/app/Http/Middleware/IdempotencyMiddleware.php(18): Illuminate\\Pipeline\\Pipeline->{closure:Illuminate\\Pipeline\\Pipeline::prepareDestination():178}(Object(Illuminate\\Http\\Request))
#22 /Users/aminshojaei/AndroidStudioProjects/Calcuapp/backend/vendor/laravel/framework/src/Illuminate/Pipeline/Pipeline.php(219): App\\Http\\Middleware\\IdempotencyMiddleware->handle(Object(Illuminate\\Http\\Request), Object(Closure))
#23 /Users/aminshojaei/AndroidStudioProjects/Calcuapp/backend/app/Http/Middleware/TenantMiddleware.php(23): Illuminate\\Pipeline\\Pipeline->{closure:{closure:Illuminate\\Pipeline\\Pipeline::carry():194}:195}(Object(Illuminate\\Http\\Request))
#24 /Users/aminshojaei/AndroidStudioProjects/Calcuapp/backend/vendor/laravel/framework/src/Illuminate/Pipeline/Pipeline.php(219): App\\Http\\Middleware\\TenantMiddleware->handle(Object(Illuminate\\Http\\Request), Object(Closure))
#25 /Users/aminshojaei/AndroidStudioProjects/Calcuapp/backend/vendor/laravel/framework/src/Illuminate/Routing/Middleware/SubstituteBindings.php(50): Illuminate\\Pipeline\\Pipeline->{closure:{closure:Illuminate\\Pipeline\\Pipeline::carry():194}:195}(Object(Illuminate\\Http\\Request))
#26 /Users/aminshojaei/AndroidStudioProjects/Calcuapp/backend/vendor/laravel/framework/src/Illuminate/Pipeline/Pipeline.php(219): Illuminate\\Routing\\Middleware\\SubstituteBindings->handle(Object(Illuminate\\Http\\Request), Object(Closure))
#27 /Users/aminshojaei/AndroidStudioProjects/Calcuapp/backend/vendor/laravel/framework/src/Illuminate/Pipeline/Pipeline.php(137): Illuminate\\Pipeline\\Pipeline->{closure:{closure:Illuminate\\Pipeline\\Pipeline::carry():194}:195}(Object(Illuminate\\Http\\Request))
#28 /Users/aminshojaei/AndroidStudioProjects/Calcuapp/backend/vendor/laravel/framework/src/Illuminate/Routing/Router.php(821): Illuminate\\Pipeline\\Pipeline->then(Object(Closure))
#29 /Users/aminshojaei/AndroidStudioProjects/Calcuapp/backend/vendor/laravel/framework/src/Illuminate/Routing/Router.php(800): Illuminate\\Routing\\Router->runRouteWithinStack(Object(Illuminate\\Routing\\Route), Object(Illuminate\\Http\\Request))
#30 /Users/aminshojaei/AndroidStudioProjects/Calcuapp/backend/vendor/laravel/framework/src/Illuminate/Routing/Router.php(764): Illuminate\\Routing\\Router->runRoute(Object(Illuminate\\Http\\Request), Object(Illuminate\\Routing\\Route))
#31 /Users/aminshojaei/AndroidStudioProjects/Calcuapp/backend/vendor/laravel/framework/src/Illuminate/Routing/Router.php(753): Illuminate\\Routing\\Router->dispatchToRoute(Object(Illuminate\\Http\\Request))
#32 /Users/aminshojaei/AndroidStudioProjects/Calcuapp/backend/vendor/laravel/framework/src/Illuminate/Foundation/Http/Kernel.php(200): Illuminate\\Routing\\Router->dispatch(Object(Illuminate\\Http\\Request))
#33 /Users/aminshojaei/AndroidStudioProjects/Calcuapp/backend/vendor/laravel/framework/src/Illuminate/Pipeline/Pipeline.php(180): Illuminate\\Foundation\\Http\\Kernel->{closure:Illuminate\\Foundation\\Http\\Kernel::dispatchToRouter():197}(Object(Illuminate\\Http\\Request))
#34 /Users/aminshojaei/AndroidStudioProjects/Calcuapp/backend/vendor/laravel/framework/src/Illuminate/Foundation/Http/Middleware/TransformsRequest.php(21): Illuminate\\Pipeline\\Pipeline->{closure:Illuminate\\Pipeline\\Pipeline::prepareDestination():178}(Object(Illuminate\\Http\\Request))
#35 /Users/aminshojaei/AndroidStudioProjects/Calcuapp/backend/vendor/laravel/framework/src/Illuminate/Foundation/Http/Middleware/ConvertEmptyStringsToNull.php(31): Illuminate\\Foundation\\Http\\Middleware\\TransformsRequest->handle(Object(Illuminate\\Http\\Request), Object(Closure))
#36 /Users/aminshojaei/AndroidStudioProjects/Calcuapp/backend/vendor/laravel/framework/src/Illuminate/Pipeline/Pipeline.php(219): Illuminate\\Foundation\\Http\\Middleware\\ConvertEmptyStringsToNull->handle(Object(Illuminate\\Http\\Request), Object(Closure))
#37 /Users/aminshojaei/AndroidStudioProjects/Calcuapp/backend/vendor/laravel/framework/src/Illuminate/Foundation/Http/Middleware/TransformsRequest.php(21): Illuminate\\Pipeline\\Pipeline->{closure:{closure:Illuminate\\Pipeline\\Pipeline::carry():194}:195}(Object(Illuminate\\Http\\Request))
#38 /Users/aminshojaei/AndroidStudioProjects/Calcuapp/backend/vendor/laravel/framework/src/Illuminate/Foundation/Http/Middleware/TrimStrings.php(51): Illuminate\\Foundation\\Http\\Middleware\\TransformsRequest->handle(Object(Illuminate\\Http\\Request), Object(Closure))
#39 /Users/aminshojaei/AndroidStudioProjects/Calcuapp/backend/vendor/laravel/framework/src/Illuminate/Pipeline/Pipeline.php(219): Illuminate\\Foundation\\Http\\Middleware\\TrimStrings->handle(Object(Illuminate\\Http\\Request), Object(Closure))
#40 /Users/aminshojaei/AndroidStudioProjects/Calcuapp/backend/vendor/laravel/framework/src/Illuminate/Http/Middleware/ValidatePostSize.php(27): Illuminate\\Pipeline\\Pipeline->{closure:{closure:Illuminate\\Pipeline\\Pipeline::carry():194}:195}(Object(Illuminate\\Http\\Request))
#41 /Users/aminshojaei/AndroidStudioProjects/Calcuapp/backend/vendor/laravel/framework/src/Illuminate/Pipeline/Pipeline.php(219): Illuminate\\Http\\Middleware\\ValidatePostSize->handle(Object(Illuminate\\Http\\Request), Object(Closure))
#42 /Users/aminshojaei/AndroidStudioProjects/Calcuapp/backend/vendor/laravel/framework/src/Illuminate/Foundation/Http/Middleware/PreventRequestsDuringMaintenance.php(109): Illuminate\\Pipeline\\Pipeline->{closure:{closure:Illuminate\\Pipeline\\Pipeline::carry():194}:195}(Object(Illuminate\\Http\\Request))
#43 /Users/aminshojaei/AndroidStudioProjects/Calcuapp/backend/vendor/laravel/framework/src/Illuminate/Pipeline/Pipeline.php(219): Illuminate\\Foundation\\Http\\Middleware\\PreventRequestsDuringMaintenance->handle(Object(Illuminate\\Http\\Request), Object(Closure))
#44 /Users/aminshojaei/AndroidStudioProjects/Calcuapp/backend/vendor/laravel/framework/src/Illuminate/Http/Middleware/HandleCors.php(74): Illuminate\\Pipeline\\Pipeline->{closure:{closure:Illuminate\\Pipeline\\Pipeline::carry():194}:195}(Object(Illuminate\\Http\\Request))
#45 /Users/aminshojaei/AndroidStudioProjects/Calcuapp/backend/vendor/laravel/framework/src/Illuminate/Pipeline/Pipeline.php(219): Illuminate\\Http\\Middleware\\HandleCors->handle(Object(Illuminate\\Http\\Request), Object(Closure))
#46 /Users/aminshojaei/AndroidStudioProjects/Calcuapp/backend/vendor/laravel/framework/src/Illuminate/Http/Middleware/TrustProxies.php(58): Illuminate\\Pipeline\\Pipeline->{closure:{closure:Illuminate\\Pipeline\\Pipeline::carry():194}:195}(Object(Illuminate\\Http\\Request))
#47 /Users/aminshojaei/AndroidStudioProjects/Calcuapp/backend/vendor/laravel/framework/src/Illuminate/Pipeline/Pipeline.php(219): Illuminate\\Http\\Middleware\\TrustProxies->handle(Object(Illuminate\\Http\\Request), Object(Closure))
#48 /Users/aminshojaei/AndroidStudioProjects/Calcuapp/backend/vendor/laravel/framework/src/Illuminate/Foundation/Http/Middleware/InvokeDeferredCallbacks.php(22): Illuminate\\Pipeline\\Pipeline->{closure:{closure:Illuminate\\Pipeline\\Pipeline::carry():194}:195}(Object(Illuminate\\Http\\Request))
#49 /Users/aminshojaei/AndroidStudioProjects/Calcuapp/backend/vendor/laravel/framework/src/Illuminate/Pipeline/Pipeline.php(219): Illuminate\\Foundation\\Http\\Middleware\\InvokeDeferredCallbacks->handle(Object(Illuminate\\Http\\Request), Object(Closure))
#50 /Users/aminshojaei/AndroidStudioProjects/Calcuapp/backend/vendor/laravel/framework/src/Illuminate/Http/Middleware/ValidatePathEncoding.php(26): Illuminate\\Pipeline\\Pipeline->{closure:{closure:Illuminate\\Pipeline\\Pipeline::carry():194}:195}(Object(Illuminate\\Http\\Request))
#51 /Users/aminshojaei/AndroidStudioProjects/Calcuapp/backend/vendor/laravel/framework/src/Illuminate/Pipeline/Pipeline.php(219): Illuminate\\Http\\Middleware\\ValidatePathEncoding->handle(Object(Illuminate\\Http\\Request), Object(Closure))
#52 /Users/aminshojaei/AndroidStudioProjects/Calcuapp/backend/vendor/laravel/framework/src/Illuminate/Pipeline/Pipeline.php(137): Illuminate\\Pipeline\\Pipeline->{closure:{closure:Illuminate\\Pipeline\\Pipeline::carry():194}:195}(Object(Illuminate\\Http\\Request))
#53 /Users/aminshojaei/AndroidStudioProjects/Calcuapp/backend/vendor/laravel/framework/src/Illuminate/Foundation/Http/Kernel.php(175): Illuminate\\Pipeline\\Pipeline->then(Object(Closure))
#54 /Users/aminshojaei/AndroidStudioProjects/Calcuapp/backend/vendor/laravel/framework/src/Illuminate/Foundation/Http/Kernel.php(144): Illuminate\\Foundation\\Http\\Kernel->sendRequestThroughRouter(Object(Illuminate\\Http\\Request))
#55 /Users/aminshojaei/AndroidStudioProjects/Calcuapp/backend/vendor/laravel/framework/src/Illuminate/Foundation/Application.php(1220): Illuminate\\Foundation\\Http\\Kernel->handle(Object(Illuminate\\Http\\Request))
#56 /Users/aminshojaei/AndroidStudioProjects/Calcuapp/backend/public/index.php(17): Illuminate\\Foundation\\Application->handleRequest(Object(Illuminate\\Http\\Request))
#57 /Users/aminshojaei/AndroidStudioProjects/Calcuapp/backend/vendor/laravel/framework/src/Illuminate/Foundation/resources/server.php(23): require_once('/Users/aminshoj...')
#58 {main}
"} 
[2026-10-02 13:23:21] testing.ERROR: Type of App\Notifications\StaffInvitationNotification::$locale must be omitted to match the parent definition in class Illuminate\Notifications\Notification {"userId":"usr_p8_admin","exception":"[object] (Symfony\\Component\\ErrorHandler\\Error\\FatalError(code: 0): Type of App\\Notifications\\StaffInvitationNotification::$locale must be omitted to match the parent definition in class Illuminate\\Notifications\\Notification at /Users/aminshojaei/AndroidStudioProjects/Calcuapp/backend/app/Notifications/StaffInvitationNotification.php:15)
[stacktrace]
#0 {main}
"} 
[2026-10-02 13:23:21] testing.ERROR: Type of App\Notifications\StaffInvitationNotification::$locale must be omitted to match the parent definition in class Illuminate\Notifications\Notification {"userId":"usr_p8_admin","exception":"[object] (Symfony\\Component\\ErrorHandler\\Error\\FatalError(code: 0): Type of App\\Notifications\\StaffInvitationNotification::$locale must be omitted to match the parent definition in class Illuminate\\Notifications\\Notification at /Users/aminshojaei/AndroidStudioProjects/Calcuapp/backend/app/Notifications/StaffInvitationNotification.php:15)
[stacktrace]
#0 {main}
"} 
[2026-10-02 13:23:21] testing.ERROR: Type of App\Notifications\StaffInvitationNotification::$locale must be omitted to match the parent definition in class Illuminate\Notifications\Notification {"userId":"usr_p8_admin","exception":"[object] (Symfony\\Component\\ErrorHandler\\Error\\FatalError(code: 0): Type of App\\Notifications\\StaffInvitationNotification::$locale must be omitted to match the parent definition in class Illuminate\\Notifications\\Notification at /Users/aminshojaei/AndroidStudioProjects/Calcuapp/backend/app/Notifications/StaffInvitationNotification.php:15)
[stacktrace]
#0 {main}
"} 
[2026-10-02 13:23:21] testing.ERROR: Type of App\Notifications\StaffInvitationNotification::$locale must be omitted to match the parent definition in class Illuminate\Notifications\Notification {"userId":"usr_p8_admin","exception":"[object] (Symfony\\Component\\ErrorHandler\\Error\\FatalError(code: 0): Type of App\\Notifications\\StaffInvitationNotification::$locale must be omitted to match the parent definition in class Illuminate\\Notifications\\Notification at /Users/aminshojaei/AndroidStudioProjects/Calcuapp/backend/app/Notifications/StaffInvitationNotification.php:15)
[stacktrace]
#0 {main}
"} 
[2026-10-02 13:23:21] testing.ERROR: Type of App\Notifications\StaffInvitationNotification::$locale must be omitted to match the parent definition in class Illuminate\Notifications\Notification {"userId":"usr_p8_admin","exception":"[object] (Symfony\\Component\\ErrorHandler\\Error\\FatalError(code: 0): Type of App\\Notifications\\StaffInvitationNotification::$locale must be omitted to match the parent definition in class Illuminate\\Notifications\\Notification at /Users/aminshojaei/AndroidStudioProjects/Calcuapp/backend/app/Notifications/StaffInvitationNotification.php:15)
[stacktrace]
#0 {main}
"} 
[2026-10-02 13:23:21] testing.ERROR: Type of App\Notifications\StaffInvitationNotification::$locale must be omitted to match the parent definition in class Illuminate\Notifications\Notification {"userId":"usr_p8_admin","exception":"[object] (Symfony\\Component\\ErrorHandler\\Error\\FatalError(code: 0): Type of App\\Notifications\\StaffInvitationNotification::$locale must be omitted to match the parent definition in class Illuminate\\Notifications\\Notification at /Users/aminshojaei/AndroidStudioProjects/Calcuapp/backend/app/Notifications/StaffInvitationNotification.php:15)
[stacktrace]
#0 {main}
"} 
[2026-10-02 13:23:21] testing.ERROR: Type of App\Notifications\StaffInvitationNotification::$locale must be omitted to match the parent definition in class Illuminate\Notifications\Notification {"userId":"usr_p8_admin","exception":"[object] (Symfony\\Component\\ErrorHandler\\Error\\FatalError(code: 0): Type of App\\Notifications\\StaffInvitationNotification::$locale must be omitted to match the parent definition in class Illuminate\\Notifications\\Notification at /Users/aminshojaei/AndroidStudioProjects/Calcuapp/backend/app/Notifications/StaffInvitationNotification.php:15)
[stacktrace]
#0 {main}
"} 
[2026-10-02 13:23:21] testing.ERROR: Type of App\Notifications\StaffInvitationNotification::$locale must be omitted to match the parent definition in class Illuminate\Notifications\Notification {"userId":"usr_p8_admin","exception":"[object] (Symfony\\Component\\ErrorHandler\\Error\\FatalError(code: 0): Type of App\\Notifications\\StaffInvitationNotification::$locale must be omitted to match the parent definition in class Illuminate\\Notifications\\Notification at /Users/aminshojaei/AndroidStudioProjects/Calcuapp/backend/app/Notifications/StaffInvitationNotification.php:15)
[stacktrace]
#0 {main}
"} 
[2026-10-02 13:23:21] testing.ERROR: Type of App\Notifications\StaffInvitationNotification::$locale must be omitted to match the parent definition in class Illuminate\Notifications\Notification {"userId":"usr_p8_admin","exception":"[object] (Symfony\\Component\\ErrorHandler\\Error\\FatalError(code: 0): Type of App\\Notifications\\StaffInvitationNotification::$locale must be omitted to match the parent definition in class Illuminate\\Notifications\\Notification at /Users/aminshojaei/AndroidStudioProjects/Calcuapp/backend/app/Notifications/StaffInvitationNotification.php:15)
[stacktrace]
#0 {main}
"} 
[2026-10-02 13:23:21] testing.ERROR: Type of App\Notifications\StaffInvitationNotification::$locale must be omitted to match the parent definition in class Illuminate\Notifications\Notification {"userId":"usr_p8_admin","exception":"[object] (Symfony\\Component\\ErrorHandler\\Error\\FatalError(code: 0): Type of App\\Notifications\\StaffInvitationNotification::$locale must be omitted to match the parent definition in class Illuminate\\Notifications\\Notification at /Users/aminshojaei/AndroidStudioProjects/Calcuapp/backend/app/Notifications/StaffInvitationNotification.php:15)
[stacktrace]
#0 {main}
"} 
[2026-10-02 13:23:21] testing.ERROR: Type of App\Notifications\StaffInvitationNotification::$locale must be omitted to match the parent definition in class Illuminate\Notifications\Notification {"userId":"usr_p8_admin","exception":"[object] (Symfony\\Component\\ErrorHandler\\Error\\FatalError(code: 0): Type of App\\Notifications\\StaffInvitationNotification::$locale must be omitted to match the parent definition in class Illuminate\\Notifications\\Notification at /Users/aminshojaei/AndroidStudioProjects/Calcuapp/backend/app/Notifications/StaffInvitationNotification.php:15)
[stacktrace]
#0 {main}
"} 
[2026-10-02 13:23:21] testing.ERROR: Type of App\Notifications\StaffInvitationNotification::$locale must be omitted to match the parent definition in class Illuminate\Notifications\Notification {"userId":"usr_p8_admin","exception":"[object] (Symfony\\Component\\ErrorHandler\\Error\\FatalError(code: 0): Type of App\\Notifications\\StaffInvitationNotification::$locale must be omitted to match the parent definition in class Illuminate\\Notifications\\Notification at /Users/aminshojaei/AndroidStudioProjects/Calcuapp/backend/app/Notifications/StaffInvitationNotification.php:15)
[stacktrace]
#0 {main}
"} 
[2026-10-02 13:23:21] testing.ERROR: Type of App\Notifications\StaffInvitationNotification::$locale must be omitted to match the parent definition in class Illuminate\Notifications\Notification {"userId":"usr_p8_admin","exception":"[object] (Symfony\\Component\\ErrorHandler\\Error\\FatalError(code: 0): Type of App\\Notifications\\StaffInvitationNotification::$locale must be omitted to match the parent definition in class Illuminate\\Notifications\\Notification at /Users/aminshojaei/AndroidStudioProjects/Calcuapp/backend/app/Notifications/StaffInvitationNotification.php:15)
[stacktrace]
#0 {main}
"} 
[2026-10-02 13:23:21] testing.ERROR: Type of App\Notifications\StaffInvitationNotification::$locale must be omitted to match the parent definition in class Illuminate\Notifications\Notification {"userId":"usr_p8_admin","exception":"[object] (Symfony\\Component\\ErrorHandler\\Error\\FatalError(code: 0): Type of App\\Notifications\\StaffInvitationNotification::$locale must be omitted to match the parent definition in class Illuminate\\Notifications\\Notification at /Users/aminshojaei/AndroidStudioProjects/Calcuapp/backend/app/Notifications/StaffInvitationNotification.php:15)
[stacktrace]
#0 {main}
"} 
[2026-10-02 13:23:21] testing.ERROR: Type of App\Notifications\StaffInvitationNotification::$locale must be omitted to match the parent definition in class Illuminate\Notifications\Notification {"userId":"usr_p8_admin","exception":"[object] (Symfony\\Component\\ErrorHandler\\Error\\FatalError(code: 0): Type of App\\Notifications\\StaffInvitationNotification::$locale must be omitted to match the parent definition in class Illuminate\\Notifications\\Notification at /Users/aminshojaei/AndroidStudioProjects/Calcuapp/backend/app/Notifications/StaffInvitationNotification.php:15)
[stacktrace]
#0 {main}
"} 
[2026-10-02 13:23:21] testing.ERROR: Type of App\Notifications\StaffInvitationNotification::$locale must be omitted to match the parent definition in class Illuminate\Notifications\Notification {"userId":"usr_p8_admin","exception":"[object] (Symfony\\Component\\ErrorHandler\\Error\\FatalError(code: 0): Type of App\\Notifications\\StaffInvitationNotification::$locale must be omitted to match the parent definition in class Illuminate\\Notifications\\Notification at /Users/aminshojaei/AndroidStudioProjects/Calcuapp/backend/app/Notifications/StaffInvitationNotification.php:15)
[stacktrace]
#0 {main}
"} 
[2026-10-02 13:23:21] testing.ERROR: Type of App\Notifications\StaffInvitationNotification::$locale must be omitted to match the parent definition in class Illuminate\Notifications\Notification {"userId":"usr_p8_admin","exception":"[object] (Symfony\\Component\\ErrorHandler\\Error\\FatalError(code: 0): Type of App\\Notifications\\StaffInvitationNotification::$locale must be omitted to match the parent definition in class Illuminate\\Notifications\\Notification at /Users/aminshojaei/AndroidStudioProjects/Calcuapp/backend/app/Notifications/StaffInvitationNotification.php:15)
[stacktrace]
#0 {main}
"} 
[2026-10-02 13:23:21] testing.ERROR: Type of App\Notifications\StaffInvitationNotification::$locale must be omitted to match the parent definition in class Illuminate\Notifications\Notification {"userId":"usr_p8_admin","exception":"[object] (Symfony\\Component\\ErrorHandler\\Error\\FatalError(code: 0): Type of App\\Notifications\\StaffInvitationNotification::$locale must be omitted to match the parent definition in class Illuminate\\Notifications\\Notification at /Users/aminshojaei/AndroidStudioProjects/Calcuapp/backend/app/Notifications/StaffInvitationNotification.php:15)
[stacktrace]
#0 {main}
"} 
[2026-10-02 13:23:21] testing.ERROR: Type of App\Notifications\StaffInvitationNotification::$locale must be omitted to match the parent definition in class Illuminate\Notifications\Notification {"userId":"usr_p8_admin","exception":"[object] (Symfony\\Component\\ErrorHandler\\Error\\FatalError(code: 0): Type of App\\Notifications\\StaffInvitationNotification::$locale must be omitted to match the parent definition in class Illuminate\\Notifications\\Notification at /Users/aminshojaei/AndroidStudioProjects/Calcuapp/backend/app/Notifications/StaffInvitationNotification.php:15)
[stacktrace]
#0 {main}
"} 
[2026-10-02 13:23:21] testing.ERROR: Type of App\Notifications\StaffInvitationNotification::$locale must be omitted to match the parent definition in class Illuminate\Notifications\Notification {"userId":"usr_p8_admin","exception":"[object] (Symfony\\Component\\ErrorHandler\\Error\\FatalError(code: 0): Type of App\\Notifications\\StaffInvitationNotification::$locale must be omitted to match the parent definition in class Illuminate\\Notifications\\Notification at /Users/aminshojaei/AndroidStudioProjects/Calcuapp/backend/app/Notifications/StaffInvitationNotification.php:15)
[stacktrace]
#0 {main}
"} 
[2026-10-02 13:23:21] testing.ERROR: Type of App\Notifications\StaffInvitationNotification::$locale must be omitted to match the parent definition in class Illuminate\Notifications\Notification {"userId":"usr_p8_admin","exception":"[object] (Symfony\\Component\\ErrorHandler\\Error\\FatalError(code: 0): Type of App\\Notifications\\StaffInvitationNotification::$locale must be omitted to match the parent definition in class Illuminate\\Notifications\\Notification at /Users/aminshojaei/AndroidStudioProjects/Calcuapp/backend/app/Notifications/StaffInvitationNotification.php:15)
[stacktrace]
#0 {main}
"} 
[2026-10-02 13:23:21] testing.ERROR: Type of App\Notifications\StaffInvitationNotification::$locale must be omitted to match the parent definition in class Illuminate\Notifications\Notification {"userId":"usr_p8_admin","exception":"[object] (Symfony\\Component\\ErrorHandler\\Error\\FatalError(code: 0): Type of App\\Notifications\\StaffInvitationNotification::$locale must be omitted to match the parent definition in class Illuminate\\Notifications\\Notification at /Users/aminshojaei/AndroidStudioProjects/Calcuapp/backend/app/Notifications/StaffInvitationNotification.php:15)
[stacktrace]
#0 {main}
"} 
[2026-10-02 13:23:21] testing.ERROR: Type of App\Notifications\StaffInvitationNotification::$locale must be omitted to match the parent definition in class Illuminate\Notifications\Notification {"userId":"usr_p8_admin","exception":"[object] (Symfony\\Component\\ErrorHandler\\Error\\FatalError(code: 0): Type of App\\Notifications\\StaffInvitationNotification::$locale must be omitted to match the parent definition in class Illuminate\\Notifications\\Notification at /Users/aminshojaei/AndroidStudioProjects/Calcuapp/backend/app/Notifications/StaffInvitationNotification.php:15)
[stacktrace]
#0 {main}
"} 
[2026-10-02 13:23:26] testing.ERROR: Type of App\Notifications\StaffInvitationNotification::$locale must be omitted to match the parent definition in class Illuminate\Notifications\Notification {"userId":"usr_p8_admin","exception":"[object] (Symfony\\Component\\ErrorHandler\\Error\\FatalError(code: 0): Type of App\\Notifications\\StaffInvitationNotification::$locale must be omitted to match the parent definition in class Illuminate\\Notifications\\Notification at /Users/aminshojaei/AndroidStudioProjects/Calcuapp/backend/app/Notifications/StaffInvitationNotification.php:15)
[stacktrace]
#0 {main}
"} 
[2026-10-02 13:23:26] testing.ERROR: Type of App\Notifications\StaffInvitationNotification::$locale must be omitted to match the parent definition in class Illuminate\Notifications\Notification {"userId":"usr_p8_admin","exception":"[object] (Symfony\\Component\\ErrorHandler\\Error\\FatalError(code: 0): Type of App\\Notifications\\StaffInvitationNotification::$locale must be omitted to match the parent definition in class Illuminate\\Notifications\\Notification at /Users/aminshojaei/AndroidStudioProjects/Calcuapp/backend/app/Notifications/StaffInvitationNotification.php:15)
[stacktrace]
#0 {main}
"} 
[2026-10-02 13:23:26] testing.ERROR: Type of App\Notifications\StaffInvitationNotification::$locale must be omitted to match the parent definition in class Illuminate\Notifications\Notification {"userId":"usr_p8_admin","exception":"[object] (Symfony\\Component\\ErrorHandler\\Error\\FatalError(code: 0): Type of App\\Notifications\\StaffInvitationNotification::$locale must be omitted to match the parent definition in class Illuminate\\Notifications\\Notification at /Users/aminshojaei/AndroidStudioProjects/Calcuapp/backend/app/Notifications/StaffInvitationNotification.php:15)
[stacktrace]
#0 {main}
"} 
[2026-10-02 13:23:26] testing.ERROR: Type of App\Notifications\StaffInvitationNotification::$locale must be omitted to match the parent definition in class Illuminate\Notifications\Notification {"userId":"usr_p8_admin","exception":"[object] (Symfony\\Component\\ErrorHandler\\Error\\FatalError(code: 0): Type of App\\Notifications\\StaffInvitationNotification::$locale must be omitted to match the parent definition in class Illuminate\\Notifications\\Notification at /Users/aminshojaei/AndroidStudioProjects/Calcuapp/backend/app/Notifications/StaffInvitationNotification.php:15)
[stacktrace]
#0 {main}
"} 
[2026-10-02 13:23:26] testing.ERROR: Type of App\Notifications\StaffInvitationNotification::$locale must be omitted to match the parent definition in class Illuminate\Notifications\Notification {"userId":"usr_p8_admin","exception":"[object] (Symfony\\Component\\ErrorHandler\\Error\\FatalError(code: 0): Type of App\\Notifications\\StaffInvitationNotification::$locale must be omitted to match the parent definition in class Illuminate\\Notifications\\Notification at /Users/aminshojaei/AndroidStudioProjects/Calcuapp/backend/app/Notifications/StaffInvitationNotification.php:15)
[stacktrace]
#0 {main}
"} 
[2026-10-02 13:23:26] testing.ERROR: Type of App\Notifications\StaffInvitationNotification::$locale must be omitted to match the parent definition in class Illuminate\Notifications\Notification {"userId":"usr_p8_admin","exception":"[object] (Symfony\\Component\\ErrorHandler\\Error\\FatalError(code: 0): Type of App\\Notifications\\StaffInvitationNotification::$locale must be omitted to match the parent definition in class Illuminate\\Notifications\\Notification at /Users/aminshojaei/AndroidStudioProjects/Calcuapp/backend/app/Notifications/StaffInvitationNotification.php:15)
[stacktrace]
#0 {main}
"} 
[2026-10-02 13:23:26] testing.ERROR: Type of App\Notifications\StaffInvitationNotification::$locale must be omitted to match the parent definition in class Illuminate\Notifications\Notification {"userId":"usr_p8_admin","exception":"[object] (Symfony\\Component\\ErrorHandler\\Error\\FatalError(code: 0): Type of App\\Notifications\\StaffInvitationNotification::$locale must be omitted to match the parent definition in class Illuminate\\Notifications\\Notification at /Users/aminshojaei/AndroidStudioProjects/Calcuapp/backend/app/Notifications/StaffInvitationNotification.php:15)
[stacktrace]
#0 {main}
"} 
[2026-10-02 13:23:26] testing.ERROR: Type of App\Notifications\StaffInvitationNotification::$locale must be omitted to match the parent definition in class Illuminate\Notifications\Notification {"userId":"usr_p8_admin","exception":"[object] (Symfony\\Component\\ErrorHandler\\Error\\FatalError(code: 0): Type of App\\Notifications\\StaffInvitationNotification::$locale must be omitted to match the parent definition in class Illuminate\\Notifications\\Notification at /Users/aminshojaei/AndroidStudioProjects/Calcuapp/backend/app/Notifications/StaffInvitationNotification.php:15)
[stacktrace]
#0 {main}
"} 
[2026-10-02 13:23:26] testing.ERROR: Type of App\Notifications\StaffInvitationNotification::$locale must be omitted to match the parent definition in class Illuminate\Notifications\Notification {"userId":"usr_p8_admin","exception":"[object] (Symfony\\Component\\ErrorHandler\\Error\\FatalError(code: 0): Type of App\\Notifications\\StaffInvitationNotification::$locale must be omitted to match the parent definition in class Illuminate\\Notifications\\Notification at /Users/aminshojaei/AndroidStudioProjects/Calcuapp/backend/app/Notifications/StaffInvitationNotification.php:15)
[stacktrace]
#0 {main}
"} 
[2026-10-02 13:23:26] testing.ERROR: Type of App\Notifications\StaffInvitationNotification::$locale must be omitted to match the parent definition in class Illuminate\Notifications\Notification {"userId":"usr_p8_admin","exception":"[object] (Symfony\\Component\\ErrorHandler\\Error\\FatalError(code: 0): Type of App\\Notifications\\StaffInvitationNotification::$locale must be omitted to match the parent definition in class Illuminate\\Notifications\\Notification at /Users/aminshojaei/AndroidStudioProjects/Calcuapp/backend/app/Notifications/StaffInvitationNotification.php:15)
[stacktrace]
#0 {main}
"} 
[2026-10-02 13:23:26] testing.ERROR: Type of App\Notifications\StaffInvitationNotification::$locale must be omitted to match the parent definition in class Illuminate\Notifications\Notification {"userId":"usr_p8_admin","exception":"[object] (Symfony\\Component\\ErrorHandler\\Error\\FatalError(code: 0): Type of App\\Notifications\\StaffInvitationNotification::$locale must be omitted to match the parent definition in class Illuminate\\Notifications\\Notification at /Users/aminshojaei/AndroidStudioProjects/Calcuapp/backend/app/Notifications/StaffInvitationNotification.php:15)
[stacktrace]
#0 {main}
"} 
[2026-10-02 13:23:26] testing.ERROR: Type of App\Notifications\StaffInvitationNotification::$locale must be omitted to match the parent definition in class Illuminate\Notifications\Notification {"userId":"usr_p8_admin","exception":"[object] (Symfony\\Component\\ErrorHandler\\Error\\FatalError(code: 0): Type of App\\Notifications\\StaffInvitationNotification::$locale must be omitted to match the parent definition in class Illuminate\\Notifications\\Notification at /Users/aminshojaei/AndroidStudioProjects/Calcuapp/backend/app/Notifications/StaffInvitationNotification.php:15)
[stacktrace]
#0 {main}
"} 
[2026-10-02 13:23:26] testing.ERROR: Type of App\Notifications\StaffInvitationNotification::$locale must be omitted to match the parent definition in class Illuminate\Notifications\Notification {"userId":"usr_p8_admin","exception":"[object] (Symfony\\Component\\ErrorHandler\\Error\\FatalError(code: 0): Type of App\\Notifications\\StaffInvitationNotification::$locale must be omitted to match the parent definition in class Illuminate\\Notifications\\Notification at /Users/aminshojaei/AndroidStudioProjects/Calcuapp/backend/app/Notifications/StaffInvitationNotification.php:15)
[stacktrace]
#0 {main}
"} 
[2026-10-02 13:23:26] testing.ERROR: Type of App\Notifications\StaffInvitationNotification::$locale must be omitted to match the parent definition in class Illuminate\Notifications\Notification {"userId":"usr_p8_admin","exception":"[object] (Symfony\\Component\\ErrorHandler\\Error\\FatalError(code: 0): Type of App\\Notifications\\StaffInvitationNotification::$locale must be omitted to match the parent definition in class Illuminate\\Notifications\\Notification at /Users/aminshojaei/AndroidStudioProjects/Calcuapp/backend/app/Notifications/StaffInvitationNotification.php:15)
[stacktrace]
#0 {main}
"} 
[2026-10-02 13:23:26] testing.ERROR: Type of App\Notifications\StaffInvitationNotification::$locale must be omitted to match the parent definition in class Illuminate\Notifications\Notification {"userId":"usr_p8_admin","exception":"[object] (Symfony\\Component\\ErrorHandler\\Error\\FatalError(code: 0): Type of App\\Notifications\\StaffInvitationNotification::$locale must be omitted to match the parent definition in class Illuminate\\Notifications\\Notification at /Users/aminshojaei/AndroidStudioProjects/Calcuapp/backend/app/Notifications/StaffInvitationNotification.php:15)
[stacktrace]
#0 {main}
"} 
[2026-10-02 13:23:26] testing.ERROR: Type of App\Notifications\StaffInvitationNotification::$locale must be omitted to match the parent definition in class Illuminate\Notifications\Notification {"userId":"usr_p8_admin","exception":"[object] (Symfony\\Component\\ErrorHandler\\Error\\FatalError(code: 0): Type of App\\Notifications\\StaffInvitationNotification::$locale must be omitted to match the parent definition in class Illuminate\\Notifications\\Notification at /Users/aminshojaei/AndroidStudioProjects/Calcuapp/backend/app/Notifications/StaffInvitationNotification.php:15)
[stacktrace]
#0 {main}
"} 
[2026-10-02 13:23:26] testing.ERROR: Type of App\Notifications\StaffInvitationNotification::$locale must be omitted to match the parent definition in class Illuminate\Notifications\Notification {"userId":"usr_p8_admin","exception":"[object] (Symfony\\Component\\ErrorHandler\\Error\\FatalError(code: 0): Type of App\\Notifications\\StaffInvitationNotification::$locale must be omitted to match the parent definition in class Illuminate\\Notifications\\Notification at /Users/aminshojaei/AndroidStudioProjects/Calcuapp/backend/app/Notifications/StaffInvitationNotification.php:15)
[stacktrace]
#0 {main}
"} 
[2026-10-02 13:23:26] testing.ERROR: Type of App\Notifications\StaffInvitationNotification::$locale must be omitted to match the parent definition in class Illuminate\Notifications\Notification {"userId":"usr_p8_admin","exception":"[object] (Symfony\\Component\\ErrorHandler\\Error\\FatalError(code: 0): Type of App\\Notifications\\StaffInvitationNotification::$locale must be omitted to match the parent definition in class Illuminate\\Notifications\\Notification at /Users/aminshojaei/AndroidStudioProjects/Calcuapp/backend/app/Notifications/StaffInvitationNotification.php:15)
[stacktrace]
#0 {main}
"} 
[2026-10-02 13:23:26] testing.ERROR: Type of App\Notifications\StaffInvitationNotification::$locale must be omitted to match the parent definition in class Illuminate\Notifications\Notification {"userId":"usr_p8_admin","exception":"[object] (Symfony\\Component\\ErrorHandler\\Error\\FatalError(code: 0): Type of App\\Notifications\\StaffInvitationNotification::$locale must be omitted to match the parent definition in class Illuminate\\Notifications\\Notification at /Users/aminshojaei/AndroidStudioProjects/Calcuapp/backend/app/Notifications/StaffInvitationNotification.php:15)
[stacktrace]
#0 {main}
"} 
[2026-10-02 13:23:26] testing.ERROR: Type of App\Notifications\StaffInvitationNotification::$locale must be omitted to match the parent definition in class Illuminate\Notifications\Notification {"userId":"usr_p8_admin","exception":"[object] (Symfony\\Component\\ErrorHandler\\Error\\FatalError(code: 0): Type of App\\Notifications\\StaffInvitationNotification::$locale must be omitted to match the parent definition in class Illuminate\\Notifications\\Notification at /Users/aminshojaei/AndroidStudioProjects/Calcuapp/backend/app/Notifications/StaffInvitationNotification.php:15)
[stacktrace]
#0 {main}
"} 
[2026-10-02 13:23:26] testing.ERROR: Type of App\Notifications\StaffInvitationNotification::$locale must be omitted to match the parent definition in class Illuminate\Notifications\Notification {"userId":"usr_p8_admin","exception":"[object] (Symfony\\Component\\ErrorHandler\\Error\\FatalError(code: 0): Type of App\\Notifications\\StaffInvitationNotification::$locale must be omitted to match the parent definition in class Illuminate\\Notifications\\Notification at /Users/aminshojaei/AndroidStudioProjects/Calcuapp/backend/app/Notifications/StaffInvitationNotification.php:15)
[stacktrace]
#0 {main}
"} 
[2026-10-02 13:23:26] testing.ERROR: Type of App\Notifications\StaffInvitationNotification::$locale must be omitted to match the parent definition in class Illuminate\Notifications\Notification {"userId":"usr_p8_admin","exception":"[object] (Symfony\\Component\\ErrorHandler\\Error\\FatalError(code: 0): Type of App\\Notifications\\StaffInvitationNotification::$locale must be omitted to match the parent definition in class Illuminate\\Notifications\\Notification at /Users/aminshojaei/AndroidStudioProjects/Calcuapp/backend/app/Notifications/StaffInvitationNotification.php:15)
[stacktrace]
#0 {main}
"} 
[2026-10-02 13:23:26] testing.ERROR: Type of App\Notifications\StaffInvitationNotification::$locale must be omitted to match the parent definition in class Illuminate\Notifications\Notification {"userId":"usr_p8_admin","exception":"[object] (Symfony\\Component\\ErrorHandler\\Error\\FatalError(code: 0): Type of App\\Notifications\\StaffInvitationNotification::$locale must be omitted to match the parent definition in class Illuminate\\Notifications\\Notification at /Users/aminshojaei/AndroidStudioProjects/Calcuapp/backend/app/Notifications/StaffInvitationNotification.php:15)
[stacktrace]
#0 {main}
"} 
[2026-10-02 13:23:31] testing.ERROR: Type of App\Notifications\StaffInvitationNotification::$locale must be omitted to match the parent definition in class Illuminate\Notifications\Notification {"userId":"usr_p8_admin","exception":"[object] (Symfony\\Component\\ErrorHandler\\Error\\FatalError(code: 0): Type of App\\Notifications\\StaffInvitationNotification::$locale must be omitted to match the parent definition in class Illuminate\\Notifications\\Notification at /Users/aminshojaei/AndroidStudioProjects/Calcuapp/backend/app/Notifications/StaffInvitationNotification.php:15)
[stacktrace]
#0 {main}
"} 
[2026-10-02 13:23:31] testing.ERROR: Type of App\Notifications\StaffInvitationNotification::$locale must be omitted to match the parent definition in class Illuminate\Notifications\Notification {"userId":"usr_p8_admin","exception":"[object] (Symfony\\Component\\ErrorHandler\\Error\\FatalError(code: 0): Type of App\\Notifications\\StaffInvitationNotification::$locale must be omitted to match the parent definition in class Illuminate\\Notifications\\Notification at /Users/aminshojaei/AndroidStudioProjects/Calcuapp/backend/app/Notifications/StaffInvitationNotification.php:15)
[stacktrace]
#0 {main}
"} 
[2026-10-02 13:23:31] testing.ERROR: Type of App\Notifications\StaffInvitationNotification::$locale must be omitted to match the parent definition in class Illuminate\Notifications\Notification {"userId":"usr_p8_admin","exception":"[object] (Symfony\\Component\\ErrorHandler\\Error\\FatalError(code: 0): Type of App\\Notifications\\StaffInvitationNotification::$locale must be omitted to match the parent definition in class Illuminate\\Notifications\\Notification at /Users/aminshojaei/AndroidStudioProjects/Calcuapp/backend/app/Notifications/StaffInvitationNotification.php:15)
[stacktrace]
#0 {main}
"} 
[2026-10-02 13:23:31] testing.ERROR: Type of App\Notifications\StaffInvitationNotification::$locale must be omitted to match the parent definition in class Illuminate\Notifications\Notification {"userId":"usr_p8_admin","exception":"[object] (Symfony\\Component\\ErrorHandler\\Error\\FatalError(code: 0): Type of App\\Notifications\\StaffInvitationNotification::$locale must be omitted to match the parent definition in class Illuminate\\Notifications\\Notification at /Users/aminshojaei/AndroidStudioProjects/Calcuapp/backend/app/Notifications/StaffInvitationNotification.php:15)
[stacktrace]
#0 {main}
"} 
[2026-10-02 13:23:31] testing.ERROR: Type of App\Notifications\StaffInvitationNotification::$locale must be omitted to match the parent definition in class Illuminate\Notifications\Notification {"userId":"usr_p8_admin","exception":"[object] (Symfony\\Component\\ErrorHandler\\Error\\FatalError(code: 0): Type of App\\Notifications\\StaffInvitationNotification::$locale must be omitted to match the parent definition in class Illuminate\\Notifications\\Notification at /Users/aminshojaei/AndroidStudioProjects/Calcuapp/backend/app/Notifications/StaffInvitationNotification.php:15)
[stacktrace]
#0 {main}
"} 
[2026-10-02 13:23:31] testing.ERROR: Type of App\Notifications\StaffInvitationNotification::$locale must be omitted to match the parent definition in class Illuminate\Notifications\Notification {"userId":"usr_p8_admin","exception":"[object] (Symfony\\Component\\ErrorHandler\\Error\\FatalError(code: 0): Type of App\\Notifications\\StaffInvitationNotification::$locale must be omitted to match the parent definition in class Illuminate\\Notifications\\Notification at /Users/aminshojaei/AndroidStudioProjects/Calcuapp/backend/app/Notifications/StaffInvitationNotification.php:15)
[stacktrace]
#0 {main}
"} 
[2026-10-02 13:23:31] testing.ERROR: Type of App\Notifications\StaffInvitationNotification::$locale must be omitted to match the parent definition in class Illuminate\Notifications\Notification {"userId":"usr_p8_admin","exception":"[object] (Symfony\\Component\\ErrorHandler\\Error\\FatalError(code: 0): Type of App\\Notifications\\StaffInvitationNotification::$locale must be omitted to match the parent definition in class Illuminate\\Notifications\\Notification at /Users/aminshojaei/AndroidStudioProjects/Calcuapp/backend/app/Notifications/StaffInvitationNotification.php:15)
[stacktrace]
#0 {main}
"} 
[2026-10-02 13:23:31] testing.ERROR: Type of App\Notifications\StaffInvitationNotification::$locale must be omitted to match the parent definition in class Illuminate\Notifications\Notification {"userId":"usr_p8_admin","exception":"[object] (Symfony\\Component\\ErrorHandler\\Error\\FatalError(code: 0): Type of App\\Notifications\\StaffInvitationNotification::$locale must be omitted to match the parent definition in class Illuminate\\Notifications\\Notification at /Users/aminshojaei/AndroidStudioProjects/Calcuapp/backend/app/Notifications/StaffInvitationNotification.php:15)
[stacktrace]
#0 {main}
"} 
[2026-10-02 13:23:31] testing.ERROR: Type of App\Notifications\StaffInvitationNotification::$locale must be omitted to match the parent definition in class Illuminate\Notifications\Notification {"userId":"usr_p8_admin","exception":"[object] (Symfony\\Component\\ErrorHandler\\Error\\FatalError(code: 0): Type of App\\Notifications\\StaffInvitationNotification::$locale must be omitted to match the parent definition in class Illuminate\\Notifications\\Notification at /Users/aminshojaei/AndroidStudioProjects/Calcuapp/backend/app/Notifications/StaffInvitationNotification.php:15)
[stacktrace]
#0 {main}
"} 
[2026-10-02 13:23:31] testing.ERROR: Type of App\Notifications\StaffInvitationNotification::$locale must be omitted to match the parent definition in class Illuminate\Notifications\Notification {"userId":"usr_p8_admin","exception":"[object] (Symfony\\Component\\ErrorHandler\\Error\\FatalError(code: 0): Type of App\\Notifications\\StaffInvitationNotification::$locale must be omitted to match the parent definition in class Illuminate\\Notifications\\Notification at /Users/aminshojaei/AndroidStudioProjects/Calcuapp/backend/app/Notifications/StaffInvitationNotification.php:15)
[stacktrace]
#0 {main}
"} 
[2026-10-02 13:23:31] testing.ERROR: Type of App\Notifications\StaffInvitationNotification::$locale must be omitted to match the parent definition in class Illuminate\Notifications\Notification {"userId":"usr_p8_admin","exception":"[object] (Symfony\\Component\\ErrorHandler\\Error\\FatalError(code: 0): Type of App\\Notifications\\StaffInvitationNotification::$locale must be omitted to match the parent definition in class Illuminate\\Notifications\\Notification at /Users/aminshojaei/AndroidStudioProjects/Calcuapp/backend/app/Notifications/StaffInvitationNotification.php:15)
[stacktrace]
#0 {main}
"} 
[2026-10-02 13:23:31] testing.ERROR: Type of App\Notifications\StaffInvitationNotification::$locale must be omitted to match the parent definition in class Illuminate\Notifications\Notification {"userId":"usr_p8_admin","exception":"[object] (Symfony\\Component\\ErrorHandler\\Error\\FatalError(code: 0): Type of App\\Notifications\\StaffInvitationNotification::$locale must be omitted to match the parent definition in class Illuminate\\Notifications\\Notification at /Users/aminshojaei/AndroidStudioProjects/Calcuapp/backend/app/Notifications/StaffInvitationNotification.php:15)
[stacktrace]
#0 {main}
"} 
[2026-10-02 13:23:31] testing.ERROR: Type of App\Notifications\StaffInvitationNotification::$locale must be omitted to match the parent definition in class Illuminate\Notifications\Notification {"userId":"usr_p8_admin","exception":"[object] (Symfony\\Component\\ErrorHandler\\Error\\FatalError(code: 0): Type of App\\Notifications\\StaffInvitationNotification::$locale must be omitted to match the parent definition in class Illuminate\\Notifications\\Notification at /Users/aminshojaei/AndroidStudioProjects/Calcuapp/backend/app/Notifications/StaffInvitationNotification.php:15)
[stacktrace]
#0 {main}
"} 
[2026-10-02 13:23:31] testing.ERROR: Type of App\Notifications\StaffInvitationNotification::$locale must be omitted to match the parent definition in class Illuminate\Notifications\Notification {"userId":"usr_p8_admin","exception":"[object] (Symfony\\Component\\ErrorHandler\\Error\\FatalError(code: 0): Type of App\\Notifications\\StaffInvitationNotification::$locale must be omitted to match the parent definition in class Illuminate\\Notifications\\Notification at /Users/aminshojaei/AndroidStudioProjects/Calcuapp/backend/app/Notifications/StaffInvitationNotification.php:15)
[stacktrace]
#0 {main}
"} 
[2026-10-02 13:23:31] testing.ERROR: Type of App\Notifications\StaffInvitationNotification::$locale must be omitted to match the parent definition in class Illuminate\Notifications\Notification {"userId":"usr_p8_admin","exception":"[object] (Symfony\\Component\\ErrorHandler\\Error\\FatalError(code: 0): Type of App\\Notifications\\StaffInvitationNotification::$locale must be omitted to match the parent definition in class Illuminate\\Notifications\\Notification at /Users/aminshojaei/AndroidStudioProjects/Calcuapp/backend/app/Notifications/StaffInvitationNotification.php:15)
[stacktrace]
#0 {main}
"} 
[2026-10-02 13:23:31] testing.ERROR: Type of App\Notifications\StaffInvitationNotification::$locale must be omitted to match the parent definition in class Illuminate\Notifications\Notification {"userId":"usr_p8_admin","exception":"[object] (Symfony\\Component\\ErrorHandler\\Error\\FatalError(code: 0): Type of App\\Notifications\\StaffInvitationNotification::$locale must be omitted to match the parent definition in class Illuminate\\Notifications\\Notification at /Users/aminshojaei/AndroidStudioProjects/Calcuapp/backend/app/Notifications/StaffInvitationNotification.php:15)
[stacktrace]
#0 {main}
"} 
[2026-10-02 13:23:31] testing.ERROR: Type of App\Notifications\StaffInvitationNotification::$locale must be omitted to match the parent definition in class Illuminate\Notifications\Notification {"userId":"usr_p8_admin","exception":"[object] (Symfony\\Component\\ErrorHandler\\Error\\FatalError(code: 0): Type of App\\Notifications\\StaffInvitationNotification::$locale must be omitted to match the parent definition in class Illuminate\\Notifications\\Notification at /Users/aminshojaei/AndroidStudioProjects/Calcuapp/backend/app/Notifications/StaffInvitationNotification.php:15)
[stacktrace]
#0 {main}
"} 
[2026-10-02 13:23:31] testing.ERROR: Type of App\Notifications\StaffInvitationNotification::$locale must be omitted to match the parent definition in class Illuminate\Notifications\Notification {"userId":"usr_p8_admin","exception":"[object] (Symfony\\Component\\ErrorHandler\\Error\\FatalError(code: 0): Type of App\\Notifications\\StaffInvitationNotification::$locale must be omitted to match the parent definition in class Illuminate\\Notifications\\Notification at /Users/aminshojaei/AndroidStudioProjects/Calcuapp/backend/app/Notifications/StaffInvitationNotification.php:15)
[stacktrace]
#0 {main}
"} 
[2026-10-02 13:23:31] testing.ERROR: Type of App\Notifications\StaffInvitationNotification::$locale must be omitted to match the parent definition in class Illuminate\Notifications\Notification {"userId":"usr_p8_admin","exception":"[object] (Symfony\\Component\\ErrorHandler\\Error\\FatalError(code: 0): Type of App\\Notifications\\StaffInvitationNotification::$locale must be omitted to match the parent definition in class Illuminate\\Notifications\\Notification at /Users/aminshojaei/AndroidStudioProjects/Calcuapp/backend/app/Notifications/StaffInvitationNotification.php:15)
[stacktrace]
#0 {main}
"} 
[2026-10-02 13:23:31] testing.ERROR: Type of App\Notifications\StaffInvitationNotification::$locale must be omitted to match the parent definition in class Illuminate\Notifications\Notification {"userId":"usr_p8_admin","exception":"[object] (Symfony\\Component\\ErrorHandler\\Error\\FatalError(code: 0): Type of App\\Notifications\\StaffInvitationNotification::$locale must be omitted to match the parent definition in class Illuminate\\Notifications\\Notification at /Users/aminshojaei/AndroidStudioProjects/Calcuapp/backend/app/Notifications/StaffInvitationNotification.php:15)
[stacktrace]
#0 {main}
"} 
[2026-10-02 13:23:31] testing.ERROR: Type of App\Notifications\StaffInvitationNotification::$locale must be omitted to match the parent definition in class Illuminate\Notifications\Notification {"userId":"usr_p8_admin","exception":"[object] (Symfony\\Component\\ErrorHandler\\Error\\FatalError(code: 0): Type of App\\Notifications\\StaffInvitationNotification::$locale must be omitted to match the parent definition in class Illuminate\\Notifications\\Notification at /Users/aminshojaei/AndroidStudioProjects/Calcuapp/backend/app/Notifications/StaffInvitationNotification.php:15)
[stacktrace]
#0 {main}
"} 
[2026-10-02 13:23:31] testing.ERROR: Type of App\Notifications\StaffInvitationNotification::$locale must be omitted to match the parent definition in class Illuminate\Notifications\Notification {"userId":"usr_p8_admin","exception":"[object] (Symfony\\Component\\ErrorHandler\\Error\\FatalError(code: 0): Type of App\\Notifications\\StaffInvitationNotification::$locale must be omitted to match the parent definition in class Illuminate\\Notifications\\Notification at /Users/aminshojaei/AndroidStudioProjects/Calcuapp/backend/app/Notifications/StaffInvitationNotification.php:15)
[stacktrace]
#0 {main}
"} 
[2026-10-02 13:23:31] testing.ERROR: Type of App\Notifications\StaffInvitationNotification::$locale must be omitted to match the parent definition in class Illuminate\Notifications\Notification {"userId":"usr_p8_admin","exception":"[object] (Symfony\\Component\\ErrorHandler\\Error\\FatalError(code: 0): Type of App\\Notifications\\StaffInvitationNotification::$locale must be omitted to match the parent definition in class Illuminate\\Notifications\\Notification at /Users/aminshojaei/AndroidStudioProjects/Calcuapp/backend/app/Notifications/StaffInvitationNotification.php:15)
[stacktrace]
#0 {main}
"} 
[2026-10-02 13:24:02] testing.ERROR: App\Models\User::preferredLanguage(): Return value must be of type string, null returned {"userId":"usr_p8_admin","exception":"[object] (TypeError(code: 0): App\\Models\\User::preferredLanguage(): Return value must be of type string, null returned at /Users/aminshojaei/AndroidStudioProjects/Calcuapp/backend/app/Models/User.php:102)
[stacktrace]
#0 /Users/aminshojaei/AndroidStudioProjects/Calcuapp/backend/app/Http/Controllers/Api/Platform/PlatformApplicationController.php(196): App\\Models\\User->preferredLanguage()
#1 /Users/aminshojaei/AndroidStudioProjects/Calcuapp/backend/vendor/laravel/framework/src/Illuminate/Database/Concerns/ManagesTransactions.php(35): App\\Http\\Controllers\\Api\\Platform\\PlatformApplicationController->{closure:App\\Http\\Controllers\\Api\\Platform\\PlatformApplicationController::approve():82}(Object(Illuminate\\Database\\SQLiteConnection))
#2 /Users/aminshojaei/AndroidStudioProjects/Calcuapp/backend/vendor/laravel/framework/src/Illuminate/Database/DatabaseManager.php(491): Illuminate\\Database\\Connection->transaction(Object(Closure))
#3 /Users/aminshojaei/AndroidStudioProjects/Calcuapp/backend/vendor/laravel/framework/src/Illuminate/Support/Facades/Facade.php(363): Illuminate\\Database\\DatabaseManager->__call('transaction', Array)
#4 /Users/aminshojaei/AndroidStudioProjects/Calcuapp/backend/app/Http/Controllers/Api/Platform/PlatformApplicationController.php(82): Illuminate\\Support\\Facades\\Facade::__callStatic('transaction', Array)
#5 /Users/aminshojaei/AndroidStudioProjects/Calcuapp/backend/vendor/laravel/framework/src/Illuminate/Routing/ControllerDispatcher.php(46): App\\Http\\Controllers\\Api\\Platform\\PlatformApplicationController->approve(Object(Illuminate\\Http\\Request), 'cada1a0f-0690-4...')
#6 /Users/aminshojaei/AndroidStudioProjects/Calcuapp/backend/vendor/laravel/framework/src/Illuminate/Routing/Route.php(265): Illuminate\\Routing\\ControllerDispatcher->dispatch(Object(Illuminate\\Routing\\Route), Object(App\\Http\\Controllers\\Api\\Platform\\PlatformApplicationController), 'approve')
#7 /Users/aminshojaei/AndroidStudioProjects/Calcuapp/backend/vendor/laravel/framework/src/Illuminate/Routing/Route.php(211): Illuminate\\Routing\\Route->runController()
#8 /Users/aminshojaei/AndroidStudioProjects/Calcuapp/backend/vendor/laravel/framework/src/Illuminate/Routing/Router.php(822): Illuminate\\Routing\\Route->run()
#9 /Users/aminshojaei/AndroidStudioProjects/Calcuapp/backend/vendor/laravel/framework/src/Illuminate/Pipeline/Pipeline.php(180): Illuminate\\Routing\\Router->{closure:Illuminate\\Routing\\Router::runRouteWithinStack():821}(Object(Illuminate\\Http\\Request))
#10 /Users/aminshojaei/AndroidStudioProjects/Calcuapp/backend/app/Http/Middleware/EnsurePlatformAdmin.php(31): Illuminate\\Pipeline\\Pipeline->{closure:Illuminate\\Pipeline\\Pipeline::prepareDestination():178}(Object(Illuminate\\Http\\Request))
#11 /Users/aminshojaei/AndroidStudioProjects/Calcuapp/backend/vendor/laravel/framework/src/Illuminate/Pipeline/Pipeline.php(219): App\\Http\\Middleware\\EnsurePlatformAdmin->handle(Object(Illuminate\\Http\\Request), Object(Closure))
#12 /Users/aminshojaei/AndroidStudioProjects/Calcuapp/backend/app/Http/Middleware/EnsureUserIsActive.php(33): Illuminate\\Pipeline\\Pipeline->{closure:{closure:Illuminate\\Pipeline\\Pipeline::carry():194}:195}(Object(Illuminate\\Http\\Request))
#13 /Users/aminshojaei/AndroidStudioProjects/Calcuapp/backend/vendor/laravel/framework/src/Illuminate/Pipeline/Pipeline.php(219): App\\Http\\Middleware\\EnsureUserIsActive->handle(Object(Illuminate\\Http\\Request), Object(Closure))
#14 /Users/aminshojaei/AndroidStudioProjects/Calcuapp/backend/app/Http/Middleware/IdempotencyMiddleware.php(18): Illuminate\\Pipeline\\Pipeline->{closure:{closure:Illuminate\\Pipeline\\Pipeline::carry():194}:195}(Object(Illuminate\\Http\\Request))
#15 /Users/aminshojaei/AndroidStudioProjects/Calcuapp/backend/vendor/laravel/framework/src/Illuminate/Pipeline/Pipeline.php(219): App\\Http\\Middleware\\IdempotencyMiddleware->handle(Object(Illuminate\\Http\\Request), Object(Closure))
#16 /Users/aminshojaei/AndroidStudioProjects/Calcuapp/backend/vendor/laravel/framework/src/Illuminate/Routing/Middleware/SubstituteBindings.php(50): Illuminate\\Pipeline\\Pipeline->{closure:{closure:Illuminate\\Pipeline\\Pipeline::carry():194}:195}(Object(Illuminate\\Http\\Request))
#17 /Users/aminshojaei/AndroidStudioProjects/Calcuapp/backend/vendor/laravel/framework/src/Illuminate/Pipeline/Pipeline.php(219): Illuminate\\Routing\\Middleware\\SubstituteBindings->handle(Object(Illuminate\\Http\\Request), Object(Closure))
#18 /Users/aminshojaei/AndroidStudioProjects/Calcuapp/backend/vendor/laravel/framework/src/Illuminate/Auth/Middleware/Authenticate.php(63): Illuminate\\Pipeline\\Pipeline->{closure:{closure:Illuminate\\Pipeline\\Pipeline::carry():194}:195}(Object(Illuminate\\Http\\Request))
#19 /Users/aminshojaei/AndroidStudioProjects/Calcuapp/backend/vendor/laravel/framework/src/Illuminate/Pipeline/Pipeline.php(219): Illuminate\\Auth\\Middleware\\Authenticate->handle(Object(Illuminate\\Http\\Request), Object(Closure), 'sanctum')
#20 /Users/aminshojaei/AndroidStudioProjects/Calcuapp/backend/vendor/laravel/framework/src/Illuminate/Pipeline/Pipeline.php(137): Illuminate\\Pipeline\\Pipeline->{closure:{closure:Illuminate\\Pipeline\\Pipeline::carry():194}:195}(Object(Illuminate\\Http\\Request))
#21 /Users/aminshojaei/AndroidStudioProjects/Calcuapp/backend/vendor/laravel/framework/src/Illuminate/Routing/Router.php(821): Illuminate\\Pipeline\\Pipeline->then(Object(Closure))
#22 /Users/aminshojaei/AndroidStudioProjects/Calcuapp/backend/vendor/laravel/framework/src/Illuminate/Routing/Router.php(800): Illuminate\\Routing\\Router->runRouteWithinStack(Object(Illuminate\\Routing\\Route), Object(Illuminate\\Http\\Request))
#23 /Users/aminshojaei/AndroidStudioProjects/Calcuapp/backend/vendor/laravel/framework/src/Illuminate/Routing/Router.php(764): Illuminate\\Routing\\Router->runRoute(Object(Illuminate\\Http\\Request), Object(Illuminate\\Routing\\Route))
#24 /Users/aminshojaei/AndroidStudioProjects/Calcuapp/backend/vendor/laravel/framework/src/Illuminate/Routing/Router.php(753): Illuminate\\Routing\\Router->dispatchToRoute(Object(Illuminate\\Http\\Request))
#25 /Users/aminshojaei/AndroidStudioProjects/Calcuapp/backend/vendor/laravel/framework/src/Illuminate/Foundation/Http/Kernel.php(200): Illuminate\\Routing\\Router->dispatch(Object(Illuminate\\Http\\Request))
#26 /Users/aminshojaei/AndroidStudioProjects/Calcuapp/backend/vendor/laravel/framework/src/Illuminate/Pipeline/Pipeline.php(180): Illuminate\\Foundation\\Http\\Kernel->{closure:Illuminate\\Foundation\\Http\\Kernel::dispatchToRouter():197}(Object(Illuminate\\Http\\Request))
#27 /Users/aminshojaei/AndroidStudioProjects/Calcuapp/backend/vendor/laravel/framework/src/Illuminate/Foundation/Http/Middleware/TransformsRequest.php(21): Illuminate\\Pipeline\\Pipeline->{closure:Illuminate\\Pipeline\\Pipeline::prepareDestination():178}(Object(Illuminate\\Http\\Request))
#28 /Users/aminshojaei/AndroidStudioProjects/Calcuapp/backend/vendor/laravel/framework/src/Illuminate/Foundation/Http/Middleware/ConvertEmptyStringsToNull.php(31): Illuminate\\Foundation\\Http\\Middleware\\TransformsRequest->handle(Object(Illuminate\\Http\\Request), Object(Closure))
#29 /Users/aminshojaei/AndroidStudioProjects/Calcuapp/backend/vendor/laravel/framework/src/Illuminate/Pipeline/Pipeline.php(219): Illuminate\\Foundation\\Http\\Middleware\\ConvertEmptyStringsToNull->handle(Object(Illuminate\\Http\\Request), Object(Closure))
#30 /Users/aminshojaei/AndroidStudioProjects/Calcuapp/backend/vendor/laravel/framework/src/Illuminate/Foundation/Http/Middleware/TransformsRequest.php(21): Illuminate\\Pipeline\\Pipeline->{closure:{closure:Illuminate\\Pipeline\\Pipeline::carry():194}:195}(Object(Illuminate\\Http\\Request))
#31 /Users/aminshojaei/AndroidStudioProjects/Calcuapp/backend/vendor/laravel/framework/src/Illuminate/Foundation/Http/Middleware/TrimStrings.php(51): Illuminate\\Foundation\\Http\\Middleware\\TransformsRequest->handle(Object(Illuminate\\Http\\Request), Object(Closure))
#32 /Users/aminshojaei/AndroidStudioProjects/Calcuapp/backend/vendor/laravel/framework/src/Illuminate/Pipeline/Pipeline.php(219): Illuminate\\Foundation\\Http\\Middleware\\TrimStrings->handle(Object(Illuminate\\Http\\Request), Object(Closure))
#33 /Users/aminshojaei/AndroidStudioProjects/Calcuapp/backend/vendor/laravel/framework/src/Illuminate/Http/Middleware/ValidatePostSize.php(27): Illuminate\\Pipeline\\Pipeline->{closure:{closure:Illuminate\\Pipeline\\Pipeline::carry():194}:195}(Object(Illuminate\\Http\\Request))
#34 /Users/aminshojaei/AndroidStudioProjects/Calcuapp/backend/vendor/laravel/framework/src/Illuminate/Pipeline/Pipeline.php(219): Illuminate\\Http\\Middleware\\ValidatePostSize->handle(Object(Illuminate\\Http\\Request), Object(Closure))
#35 /Users/aminshojaei/AndroidStudioProjects/Calcuapp/backend/vendor/laravel/framework/src/Illuminate/Foundation/Http/Middleware/PreventRequestsDuringMaintenance.php(109): Illuminate\\Pipeline\\Pipeline->{closure:{closure:Illuminate\\Pipeline\\Pipeline::carry():194}:195}(Object(Illuminate\\Http\\Request))
#36 /Users/aminshojaei/AndroidStudioProjects/Calcuapp/backend/vendor/laravel/framework/src/Illuminate/Pipeline/Pipeline.php(219): Illuminate\\Foundation\\Http\\Middleware\\PreventRequestsDuringMaintenance->handle(Object(Illuminate\\Http\\Request), Object(Closure))
#37 /Users/aminshojaei/AndroidStudioProjects/Calcuapp/backend/vendor/laravel/framework/src/Illuminate/Http/Middleware/HandleCors.php(74): Illuminate\\Pipeline\\Pipeline->{closure:{closure:Illuminate\\Pipeline\\Pipeline::carry():194}:195}(Object(Illuminate\\Http\\Request))
#38 /Users/aminshojaei/AndroidStudioProjects/Calcuapp/backend/vendor/laravel/framework/src/Illuminate/Pipeline/Pipeline.php(219): Illuminate\\Http\\Middleware\\HandleCors->handle(Object(Illuminate\\Http\\Request), Object(Closure))
#39 /Users/aminshojaei/AndroidStudioProjects/Calcuapp/backend/vendor/laravel/framework/src/Illuminate/Http/Middleware/TrustProxies.php(58): Illuminate\\Pipeline\\Pipeline->{closure:{closure:Illuminate\\Pipeline\\Pipeline::carry():194}:195}(Object(Illuminate\\Http\\Request))
#40 /Users/aminshojaei/AndroidStudioProjects/Calcuapp/backend/vendor/laravel/framework/src/Illuminate/Pipeline/Pipeline.php(219): Illuminate\\Http\\Middleware\\TrustProxies->handle(Object(Illuminate\\Http\\Request), Object(Closure))
#41 /Users/aminshojaei/AndroidStudioProjects/Calcuapp/backend/vendor/laravel/framework/src/Illuminate/Foundation/Http/Middleware/InvokeDeferredCallbacks.php(22): Illuminate\\Pipeline\\Pipeline->{closure:{closure:Illuminate\\Pipeline\\Pipeline::carry():194}:195}(Object(Illuminate\\Http\\Request))
#42 /Users/aminshojaei/AndroidStudioProjects/Calcuapp/backend/vendor/laravel/framework/src/Illuminate/Pipeline/Pipeline.php(219): Illuminate\\Foundation\\Http\\Middleware\\InvokeDeferredCallbacks->handle(Object(Illuminate\\Http\\Request), Object(Closure))
#43 /Users/aminshojaei/AndroidStudioProjects/Calcuapp/backend/vendor/laravel/framework/src/Illuminate/Http/Middleware/ValidatePathEncoding.php(26): Illuminate\\Pipeline\\Pipeline->{closure:{closure:Illuminate\\Pipeline\\Pipeline::carry():194}:195}(Object(Illuminate\\Http\\Request))
#44 /Users/aminshojaei/AndroidStudioProjects/Calcuapp/backend/vendor/laravel/framework/src/Illuminate/Pipeline/Pipeline.php(219): Illuminate\\Http\\Middleware\\ValidatePathEncoding->handle(Object(Illuminate\\Http\\Request), Object(Closure))
#45 /Users/aminshojaei/AndroidStudioProjects/Calcuapp/backend/vendor/laravel/framework/src/Illuminate/Pipeline/Pipeline.php(137): Illuminate\\Pipeline\\Pipeline->{closure:{closure:Illuminate\\Pipeline\\Pipeline::carry():194}:195}(Object(Illuminate\\Http\\Request))
#46 /Users/aminshojaei/AndroidStudioProjects/Calcuapp/backend/vendor/laravel/framework/src/Illuminate/Foundation/Http/Kernel.php(175): Illuminate\\Pipeline\\Pipeline->then(Object(Closure))
#47 /Users/aminshojaei/AndroidStudioProjects/Calcuapp/backend/vendor/laravel/framework/src/Illuminate/Foundation/Http/Kernel.php(144): Illuminate\\Foundation\\Http\\Kernel->sendRequestThroughRouter(Object(Illuminate\\Http\\Request))
#48 /Users/aminshojaei/AndroidStudioProjects/Calcuapp/backend/vendor/laravel/framework/src/Illuminate/Foundation/Testing/Concerns/MakesHttpRequests.php(607): Illuminate\\Foundation\\Http\\Kernel->handle(Object(Illuminate\\Http\\Request))
#49 /Users/aminshojaei/AndroidStudioProjects/Calcuapp/backend/vendor/laravel/framework/src/Illuminate/Foundation/Testing/Concerns/MakesHttpRequests.php(573): Illuminate\\Foundation\\Testing\\TestCase->call('POST', '/api/v1/platfor...', Array, Array, Array, Array, '[]')
#50 /Users/aminshojaei/AndroidStudioProjects/Calcuapp/backend/vendor/laravel/framework/src/Illuminate/Foundation/Testing/Concerns/MakesHttpRequests.php(411): Illuminate\\Foundation\\Testing\\TestCase->json('POST', '/api/v1/platfor...', Array, Array, 0)
#51 /Users/aminshojaei/AndroidStudioProjects/Calcuapp/backend/tests/Feature/RealWorldMultiTenantValidationTest.php(311): Illuminate\\Foundation\\Testing\\TestCase->postJson('/api/v1/platfor...')
#52 /Users/aminshojaei/AndroidStudioProjects/Calcuapp/backend/vendor/phpunit/phpunit/src/Framework/TestCase.php(1667): Tests\\Feature\\RealWorldMultiTenantValidationTest->test_audit_logs_record_administrative_and_business_events()
#53 /Users/aminshojaei/AndroidStudioProjects/Calcuapp/backend/vendor/phpunit/phpunit/src/Framework/TestCase.php(519): PHPUnit\\Framework\\TestCase->runTest()
#54 /Users/aminshojaei/AndroidStudioProjects/Calcuapp/backend/vendor/phpunit/phpunit/src/Framework/TestRunner/TestRunner.php(87): PHPUnit\\Framework\\TestCase->runBare()
#55 /Users/aminshojaei/AndroidStudioProjects/Calcuapp/backend/vendor/phpunit/phpunit/src/Framework/TestCase.php(365): PHPUnit\\Framework\\TestRunner->run(Object(Tests\\Feature\\RealWorldMultiTenantValidationTest))
#56 /Users/aminshojaei/AndroidStudioProjects/Calcuapp/backend/vendor/phpunit/phpunit/src/Framework/TestSuite.php(369): PHPUnit\\Framework\\TestCase->run()
#57 /Users/aminshojaei/AndroidStudioProjects/Calcuapp/backend/vendor/phpunit/phpunit/src/Framework/TestSuite.php(369): PHPUnit\\Framework\\TestSuite->run()
#58 /Users/aminshojaei/AndroidStudioProjects/Calcuapp/backend/vendor/phpunit/phpunit/src/Framework/TestSuite.php(369): PHPUnit\\Framework\\TestSuite->run()
#59 /Users/aminshojaei/AndroidStudioProjects/Calcuapp/backend/vendor/phpunit/phpunit/src/TextUI/TestRunner.php(64): PHPUnit\\Framework\\TestSuite->run()
#60 /Users/aminshojaei/AndroidStudioProjects/Calcuapp/backend/vendor/phpunit/phpunit/src/TextUI/Application.php(211): PHPUnit\\TextUI\\TestRunner->run(Object(PHPUnit\\TextUI\\Configuration\\Configuration), Object(PHPUnit\\Runner\\ResultCache\\DefaultResultCache), Object(PHPUnit\\Framework\\TestSuite))
#61 /Users/aminshojaei/AndroidStudioProjects/Calcuapp/backend/vendor/phpunit/phpunit/phpunit(104): PHPUnit\\TextUI\\Application->run(Array)
#62 /Users/aminshojaei/AndroidStudioProjects/Calcuapp/backend/vendor/bin/phpunit(122): include('/Users/aminshoj...')
#63 {main}
"} 
[2026-10-02 13:24:02] testing.ERROR: App\Models\User::preferredLanguage(): Return value must be of type string, null returned {"userId":"1bd835e2-3b2f-474a-9857-fd9250727055","exception":"[object] (TypeError(code: 0): App\\Models\\User::preferredLanguage(): Return value must be of type string, null returned at /Users/aminshojaei/AndroidStudioProjects/Calcuapp/backend/app/Models/User.php:102)
[stacktrace]
#0 /Users/aminshojaei/AndroidStudioProjects/Calcuapp/backend/app/Http/Controllers/Api/Platform/PlatformApplicationController.php(196): App\\Models\\User->preferredLanguage()
#1 /Users/aminshojaei/AndroidStudioProjects/Calcuapp/backend/vendor/laravel/framework/src/Illuminate/Database/Concerns/ManagesTransactions.php(35): App\\Http\\Controllers\\Api\\Platform\\PlatformApplicationController->{closure:App\\Http\\Controllers\\Api\\Platform\\PlatformApplicationController::approve():82}(Object(Illuminate\\Database\\SQLiteConnection))
#2 /Users/aminshojaei/AndroidStudioProjects/Calcuapp/backend/vendor/laravel/framework/src/Illuminate/Database/DatabaseManager.php(491): Illuminate\\Database\\Connection->transaction(Object(Closure))
#3 /Users/aminshojaei/AndroidStudioProjects/Calcuapp/backend/vendor/laravel/framework/src/Illuminate/Support/Facades/Facade.php(363): Illuminate\\Database\\DatabaseManager->__call('transaction', Array)
#4 /Users/aminshojaei/AndroidStudioProjects/Calcuapp/backend/app/Http/Controllers/Api/Platform/PlatformApplicationController.php(82): Illuminate\\Support\\Facades\\Facade::__callStatic('transaction', Array)
#5 /Users/aminshojaei/AndroidStudioProjects/Calcuapp/backend/vendor/laravel/framework/src/Illuminate/Routing/ControllerDispatcher.php(46): App\\Http\\Controllers\\Api\\Platform\\PlatformApplicationController->approve(Object(Illuminate\\Http\\Request), '0af7c929-5a0f-4...')
#6 /Users/aminshojaei/AndroidStudioProjects/Calcuapp/backend/vendor/laravel/framework/src/Illuminate/Routing/Route.php(265): Illuminate\\Routing\\ControllerDispatcher->dispatch(Object(Illuminate\\Routing\\Route), Object(App\\Http\\Controllers\\Api\\Platform\\PlatformApplicationController), 'approve')
#7 /Users/aminshojaei/AndroidStudioProjects/Calcuapp/backend/vendor/laravel/framework/src/Illuminate/Routing/Route.php(211): Illuminate\\Routing\\Route->runController()
#8 /Users/aminshojaei/AndroidStudioProjects/Calcuapp/backend/vendor/laravel/framework/src/Illuminate/Routing/Router.php(822): Illuminate\\Routing\\Route->run()
#9 /Users/aminshojaei/AndroidStudioProjects/Calcuapp/backend/vendor/laravel/framework/src/Illuminate/Pipeline/Pipeline.php(180): Illuminate\\Routing\\Router->{closure:Illuminate\\Routing\\Router::runRouteWithinStack():821}(Object(Illuminate\\Http\\Request))
#10 /Users/aminshojaei/AndroidStudioProjects/Calcuapp/backend/app/Http/Middleware/EnsurePlatformAdmin.php(31): Illuminate\\Pipeline\\Pipeline->{closure:Illuminate\\Pipeline\\Pipeline::prepareDestination():178}(Object(Illuminate\\Http\\Request))
#11 /Users/aminshojaei/AndroidStudioProjects/Calcuapp/backend/vendor/laravel/framework/src/Illuminate/Pipeline/Pipeline.php(219): App\\Http\\Middleware\\EnsurePlatformAdmin->handle(Object(Illuminate\\Http\\Request), Object(Closure))
#12 /Users/aminshojaei/AndroidStudioProjects/Calcuapp/backend/app/Http/Middleware/EnsureUserIsActive.php(33): Illuminate\\Pipeline\\Pipeline->{closure:{closure:Illuminate\\Pipeline\\Pipeline::carry():194}:195}(Object(Illuminate\\Http\\Request))
#13 /Users/aminshojaei/AndroidStudioProjects/Calcuapp/backend/vendor/laravel/framework/src/Illuminate/Pipeline/Pipeline.php(219): App\\Http\\Middleware\\EnsureUserIsActive->handle(Object(Illuminate\\Http\\Request), Object(Closure))
#14 /Users/aminshojaei/AndroidStudioProjects/Calcuapp/backend/app/Http/Middleware/IdempotencyMiddleware.php(18): Illuminate\\Pipeline\\Pipeline->{closure:{closure:Illuminate\\Pipeline\\Pipeline::carry():194}:195}(Object(Illuminate\\Http\\Request))
#15 /Users/aminshojaei/AndroidStudioProjects/Calcuapp/backend/vendor/laravel/framework/src/Illuminate/Pipeline/Pipeline.php(219): App\\Http\\Middleware\\IdempotencyMiddleware->handle(Object(Illuminate\\Http\\Request), Object(Closure))
#16 /Users/aminshojaei/AndroidStudioProjects/Calcuapp/backend/vendor/laravel/framework/src/Illuminate/Routing/Middleware/SubstituteBindings.php(50): Illuminate\\Pipeline\\Pipeline->{closure:{closure:Illuminate\\Pipeline\\Pipeline::carry():194}:195}(Object(Illuminate\\Http\\Request))
#17 /Users/aminshojaei/AndroidStudioProjects/Calcuapp/backend/vendor/laravel/framework/src/Illuminate/Pipeline/Pipeline.php(219): Illuminate\\Routing\\Middleware\\SubstituteBindings->handle(Object(Illuminate\\Http\\Request), Object(Closure))
#18 /Users/aminshojaei/AndroidStudioProjects/Calcuapp/backend/vendor/laravel/framework/src/Illuminate/Auth/Middleware/Authenticate.php(63): Illuminate\\Pipeline\\Pipeline->{closure:{closure:Illuminate\\Pipeline\\Pipeline::carry():194}:195}(Object(Illuminate\\Http\\Request))
#19 /Users/aminshojaei/AndroidStudioProjects/Calcuapp/backend/vendor/laravel/framework/src/Illuminate/Pipeline/Pipeline.php(219): Illuminate\\Auth\\Middleware\\Authenticate->handle(Object(Illuminate\\Http\\Request), Object(Closure), 'sanctum')
#20 /Users/aminshojaei/AndroidStudioProjects/Calcuapp/backend/vendor/laravel/framework/src/Illuminate/Pipeline/Pipeline.php(137): Illuminate\\Pipeline\\Pipeline->{closure:{closure:Illuminate\\Pipeline\\Pipeline::carry():194}:195}(Object(Illuminate\\Http\\Request))
#21 /Users/aminshojaei/AndroidStudioProjects/Calcuapp/backend/vendor/laravel/framework/src/Illuminate/Routing/Router.php(821): Illuminate\\Pipeline\\Pipeline->then(Object(Closure))
#22 /Users/aminshojaei/AndroidStudioProjects/Calcuapp/backend/vendor/laravel/framework/src/Illuminate/Routing/Router.php(800): Illuminate\\Routing\\Router->runRouteWithinStack(Object(Illuminate\\Routing\\Route), Object(Illuminate\\Http\\Request))
#23 /Users/aminshojaei/AndroidStudioProjects/Calcuapp/backend/vendor/laravel/framework/src/Illuminate/Routing/Router.php(764): Illuminate\\Routing\\Router->runRoute(Object(Illuminate\\Http\\Request), Object(Illuminate\\Routing\\Route))
#24 /Users/aminshojaei/AndroidStudioProjects/Calcuapp/backend/vendor/laravel/framework/src/Illuminate/Routing/Router.php(753): Illuminate\\Routing\\Router->dispatchToRoute(Object(Illuminate\\Http\\Request))
#25 /Users/aminshojaei/AndroidStudioProjects/Calcuapp/backend/vendor/laravel/framework/src/Illuminate/Foundation/Http/Kernel.php(200): Illuminate\\Routing\\Router->dispatch(Object(Illuminate\\Http\\Request))
#26 /Users/aminshojaei/AndroidStudioProjects/Calcuapp/backend/vendor/laravel/framework/src/Illuminate/Pipeline/Pipeline.php(180): Illuminate\\Foundation\\Http\\Kernel->{closure:Illuminate\\Foundation\\Http\\Kernel::dispatchToRouter():197}(Object(Illuminate\\Http\\Request))
#27 /Users/aminshojaei/AndroidStudioProjects/Calcuapp/backend/vendor/laravel/framework/src/Illuminate/Foundation/Http/Middleware/TransformsRequest.php(21): Illuminate\\Pipeline\\Pipeline->{closure:Illuminate\\Pipeline\\Pipeline::prepareDestination():178}(Object(Illuminate\\Http\\Request))
#28 /Users/aminshojaei/AndroidStudioProjects/Calcuapp/backend/vendor/laravel/framework/src/Illuminate/Foundation/Http/Middleware/ConvertEmptyStringsToNull.php(31): Illuminate\\Foundation\\Http\\Middleware\\TransformsRequest->handle(Object(Illuminate\\Http\\Request), Object(Closure))
#29 /Users/aminshojaei/AndroidStudioProjects/Calcuapp/backend/vendor/laravel/framework/src/Illuminate/Pipeline/Pipeline.php(219): Illuminate\\Foundation\\Http\\Middleware\\ConvertEmptyStringsToNull->handle(Object(Illuminate\\Http\\Request), Object(Closure))
#30 /Users/aminshojaei/AndroidStudioProjects/Calcuapp/backend/vendor/laravel/framework/src/Illuminate/Foundation/Http/Middleware/TransformsRequest.php(21): Illuminate\\Pipeline\\Pipeline->{closure:{closure:Illuminate\\Pipeline\\Pipeline::carry():194}:195}(Object(Illuminate\\Http\\Request))
#31 /Users/aminshojaei/AndroidStudioProjects/Calcuapp/backend/vendor/laravel/framework/src/Illuminate/Foundation/Http/Middleware/TrimStrings.php(51): Illuminate\\Foundation\\Http\\Middleware\\TransformsRequest->handle(Object(Illuminate\\Http\\Request), Object(Closure))
#32 /Users/aminshojaei/AndroidStudioProjects/Calcuapp/backend/vendor/laravel/framework/src/Illuminate/Pipeline/Pipeline.php(219): Illuminate\\Foundation\\Http\\Middleware\\TrimStrings->handle(Object(Illuminate\\Http\\Request), Object(Closure))
#33 /Users/aminshojaei/AndroidStudioProjects/Calcuapp/backend/vendor/laravel/framework/src/Illuminate/Http/Middleware/ValidatePostSize.php(27): Illuminate\\Pipeline\\Pipeline->{closure:{closure:Illuminate\\Pipeline\\Pipeline::carry():194}:195}(Object(Illuminate\\Http\\Request))
#34 /Users/aminshojaei/AndroidStudioProjects/Calcuapp/backend/vendor/laravel/framework/src/Illuminate/Pipeline/Pipeline.php(219): Illuminate\\Http\\Middleware\\ValidatePostSize->handle(Object(Illuminate\\Http\\Request), Object(Closure))
#35 /Users/aminshojaei/AndroidStudioProjects/Calcuapp/backend/vendor/laravel/framework/src/Illuminate/Foundation/Http/Middleware/PreventRequestsDuringMaintenance.php(109): Illuminate\\Pipeline\\Pipeline->{closure:{closure:Illuminate\\Pipeline\\Pipeline::carry():194}:195}(Object(Illuminate\\Http\\Request))
#36 /Users/aminshojaei/AndroidStudioProjects/Calcuapp/backend/vendor/laravel/framework/src/Illuminate/Pipeline/Pipeline.php(219): Illuminate\\Foundation\\Http\\Middleware\\PreventRequestsDuringMaintenance->handle(Object(Illuminate\\Http\\Request), Object(Closure))
#37 /Users/aminshojaei/AndroidStudioProjects/Calcuapp/backend/vendor/laravel/framework/src/Illuminate/Http/Middleware/HandleCors.php(74): Illuminate\\Pipeline\\Pipeline->{closure:{closure:Illuminate\\Pipeline\\Pipeline::carry():194}:195}(Object(Illuminate\\Http\\Request))
#38 /Users/aminshojaei/AndroidStudioProjects/Calcuapp/backend/vendor/laravel/framework/src/Illuminate/Pipeline/Pipeline.php(219): Illuminate\\Http\\Middleware\\HandleCors->handle(Object(Illuminate\\Http\\Request), Object(Closure))
#39 /Users/aminshojaei/AndroidStudioProjects/Calcuapp/backend/vendor/laravel/framework/src/Illuminate/Http/Middleware/TrustProxies.php(58): Illuminate\\Pipeline\\Pipeline->{closure:{closure:Illuminate\\Pipeline\\Pipeline::carry():194}:195}(Object(Illuminate\\Http\\Request))
#40 /Users/aminshojaei/AndroidStudioProjects/Calcuapp/backend/vendor/laravel/framework/src/Illuminate/Pipeline/Pipeline.php(219): Illuminate\\Http\\Middleware\\TrustProxies->handle(Object(Illuminate\\Http\\Request), Object(Closure))
#41 /Users/aminshojaei/AndroidStudioProjects/Calcuapp/backend/vendor/laravel/framework/src/Illuminate/Foundation/Http/Middleware/InvokeDeferredCallbacks.php(22): Illuminate\\Pipeline\\Pipeline->{closure:{closure:Illuminate\\Pipeline\\Pipeline::carry():194}:195}(Object(Illuminate\\Http\\Request))
#42 /Users/aminshojaei/AndroidStudioProjects/Calcuapp/backend/vendor/laravel/framework/src/Illuminate/Pipeline/Pipeline.php(219): Illuminate\\Foundation\\Http\\Middleware\\InvokeDeferredCallbacks->handle(Object(Illuminate\\Http\\Request), Object(Closure))
#43 /Users/aminshojaei/AndroidStudioProjects/Calcuapp/backend/vendor/laravel/framework/src/Illuminate/Http/Middleware/ValidatePathEncoding.php(26): Illuminate\\Pipeline\\Pipeline->{closure:{closure:Illuminate\\Pipeline\\Pipeline::carry():194}:195}(Object(Illuminate\\Http\\Request))
#44 /Users/aminshojaei/AndroidStudioProjects/Calcuapp/backend/vendor/laravel/framework/src/Illuminate/Pipeline/Pipeline.php(219): Illuminate\\Http\\Middleware\\ValidatePathEncoding->handle(Object(Illuminate\\Http\\Request), Object(Closure))
#45 /Users/aminshojaei/AndroidStudioProjects/Calcuapp/backend/vendor/laravel/framework/src/Illuminate/Pipeline/Pipeline.php(137): Illuminate\\Pipeline\\Pipeline->{closure:{closure:Illuminate\\Pipeline\\Pipeline::carry():194}:195}(Object(Illuminate\\Http\\Request))
#46 /Users/aminshojaei/AndroidStudioProjects/Calcuapp/backend/vendor/laravel/framework/src/Illuminate/Foundation/Http/Kernel.php(175): Illuminate\\Pipeline\\Pipeline->then(Object(Closure))
#47 /Users/aminshojaei/AndroidStudioProjects/Calcuapp/backend/vendor/laravel/framework/src/Illuminate/Foundation/Http/Kernel.php(144): Illuminate\\Foundation\\Http\\Kernel->sendRequestThroughRouter(Object(Illuminate\\Http\\Request))
#48 /Users/aminshojaei/AndroidStudioProjects/Calcuapp/backend/vendor/laravel/framework/src/Illuminate/Foundation/Testing/Concerns/MakesHttpRequests.php(607): Illuminate\\Foundation\\Http\\Kernel->handle(Object(Illuminate\\Http\\Request))
#49 /Users/aminshojaei/AndroidStudioProjects/Calcuapp/backend/vendor/laravel/framework/src/Illuminate/Foundation/Testing/Concerns/MakesHttpRequests.php(573): Illuminate\\Foundation\\Testing\\TestCase->call('POST', '/api/v1/platfor...', Array, Array, Array, Array, '[]')
#50 /Users/aminshojaei/AndroidStudioProjects/Calcuapp/backend/vendor/laravel/framework/src/Illuminate/Foundation/Testing/Concerns/MakesHttpRequests.php(411): Illuminate\\Foundation\\Testing\\TestCase->json('POST', '/api/v1/platfor...', Array, Array, 0)
#51 /Users/aminshojaei/AndroidStudioProjects/Calcuapp/backend/tests/Feature/SaasOnboardingTest.php(92): Illuminate\\Foundation\\Testing\\TestCase->postJson('/api/v1/platfor...')
#52 /Users/aminshojaei/AndroidStudioProjects/Calcuapp/backend/vendor/phpunit/phpunit/src/Framework/TestCase.php(1667): Tests\\Feature\\SaasOnboardingTest->test_platform_admin_approval_and_transactional_provisioning()
#53 /Users/aminshojaei/AndroidStudioProjects/Calcuapp/backend/vendor/phpunit/phpunit/src/Framework/TestCase.php(519): PHPUnit\\Framework\\TestCase->runTest()
#54 /Users/aminshojaei/AndroidStudioProjects/Calcuapp/backend/vendor/phpunit/phpunit/src/Framework/TestRunner/TestRunner.php(87): PHPUnit\\Framework\\TestCase->runBare()
#55 /Users/aminshojaei/AndroidStudioProjects/Calcuapp/backend/vendor/phpunit/phpunit/src/Framework/TestCase.php(365): PHPUnit\\Framework\\TestRunner->run(Object(Tests\\Feature\\SaasOnboardingTest))
#56 /Users/aminshojaei/AndroidStudioProjects/Calcuapp/backend/vendor/phpunit/phpunit/src/Framework/TestSuite.php(369): PHPUnit\\Framework\\TestCase->run()
#57 /Users/aminshojaei/AndroidStudioProjects/Calcuapp/backend/vendor/phpunit/phpunit/src/Framework/TestSuite.php(369): PHPUnit\\Framework\\TestSuite->run()
#58 /Users/aminshojaei/AndroidStudioProjects/Calcuapp/backend/vendor/phpunit/phpunit/src/Framework/TestSuite.php(369): PHPUnit\\Framework\\TestSuite->run()
#59 /Users/aminshojaei/AndroidStudioProjects/Calcuapp/backend/vendor/phpunit/phpunit/src/TextUI/TestRunner.php(64): PHPUnit\\Framework\\TestSuite->run()
#60 /Users/aminshojaei/AndroidStudioProjects/Calcuapp/backend/vendor/phpunit/phpunit/src/TextUI/Application.php(211): PHPUnit\\TextUI\\TestRunner->run(Object(PHPUnit\\TextUI\\Configuration\\Configuration), Object(PHPUnit\\Runner\\ResultCache\\DefaultResultCache), Object(PHPUnit\\Framework\\TestSuite))
#61 /Users/aminshojaei/AndroidStudioProjects/Calcuapp/backend/vendor/phpunit/phpunit/phpunit(104): PHPUnit\\TextUI\\Application->run(Array)
#62 /Users/aminshojaei/AndroidStudioProjects/Calcuapp/backend/vendor/bin/phpunit(122): include('/Users/aminshoj...')
#63 {main}
"} 
[2026-10-02 13:29:04] testing.WARNING: audit_log_write_failed {"action":"auth.login_failed","error":"SQLSTATE[23000]: Integrity constraint violation: 19 NOT NULL constraint failed: audit_logs.entity_id (Connection: sqlite, Database: :memory:, SQL: insert into \"audit_logs\" (\"id\", \"organization_id\", \"user_id\", \"action\", \"entity_type\", \"entity_id\", \"details\", \"ip_address\", \"updated_at\", \"created_at\") values (25be122b-9ed0-476f-b8c2-515e7a682877, system, ?, auth.login_failed, User, ?, {\"email\":\"nobody@example.com\",\"reason\":\"invalid_credentials\"}, 127.0.0.1, 2026-10-02 13:29:04, 2026-10-02 13:29:04))"} 
[2026-10-02 13:29:04] testing.WARNING: audit_log_write_failed {"action":"auth.login_failed","error":"SQLSTATE[23000]: Integrity constraint violation: 19 NOT NULL constraint failed: audit_logs.entity_id (Connection: sqlite, Database: :memory:, SQL: insert into \"audit_logs\" (\"id\", \"organization_id\", \"user_id\", \"action\", \"entity_type\", \"entity_id\", \"details\", \"ip_address\", \"updated_at\", \"created_at\") values (a4868ac0-003a-41cc-94e0-5e4188f2f0c1, system, ?, auth.login_failed, User, ?, {\"email\":\"m.rezaei@example.com\",\"reason\":\"invalid_credentials\"}, 127.0.0.1, 2026-10-02 13:29:04, 2026-10-02 13:29:04))"} 
[2026-10-02 13:29:04] testing.WARNING: audit_log_write_failed {"action":"auth.login_failed","error":"SQLSTATE[23000]: Integrity constraint violation: 19 NOT NULL constraint failed: audit_logs.entity_id (Connection: sqlite, Database: :memory:, SQL: insert into \"audit_logs\" (\"id\", \"organization_id\", \"user_id\", \"action\", \"entity_type\", \"entity_id\", \"details\", \"ip_address\", \"updated_at\", \"created_at\") values (3d99437e-68fb-4c77-ac10-2cd4a2966210, system, ?, auth.login_failed, User, ?, {\"email\":\"m.rezaei@example.com\",\"reason\":\"invalid_credentials\"}, 127.0.0.1, 2026-10-02 13:29:04, 2026-10-02 13:29:04))"} 
[2026-10-02 13:29:04] testing.WARNING: audit_log_write_failed {"action":"auth.login_failed","error":"SQLSTATE[23000]: Integrity constraint violation: 19 NOT NULL constraint failed: audit_logs.entity_id (Connection: sqlite, Database: :memory:, SQL: insert into \"audit_logs\" (\"id\", \"organization_id\", \"user_id\", \"action\", \"entity_type\", \"entity_id\", \"details\", \"ip_address\", \"updated_at\", \"created_at\") values (64311c59-dd33-49d9-abfe-099257bd5991, system, ?, auth.login_failed, User, ?, {\"email\":\"m.rezaei@example.com\",\"reason\":\"invalid_credentials\"}, 127.0.0.1, 2026-10-02 13:29:04, 2026-10-02 13:29:04))"} 
[2026-10-02 13:29:04] testing.WARNING: audit_log_write_failed {"action":"auth.login_failed","error":"SQLSTATE[23000]: Integrity constraint violation: 19 NOT NULL constraint failed: audit_logs.entity_id (Connection: sqlite, Database: :memory:, SQL: insert into \"audit_logs\" (\"id\", \"organization_id\", \"user_id\", \"action\", \"entity_type\", \"entity_id\", \"details\", \"ip_address\", \"updated_at\", \"created_at\") values (a5b2462a-4c61-4c5b-978c-db4cfc5066b7, system, ?, auth.login_failed, User, ?, {\"email\":\"m.rezaei@example.com\",\"reason\":\"invalid_credentials\"}, 127.0.0.1, 2026-10-02 13:29:04, 2026-10-02 13:29:04))"} 
[2026-10-02 13:29:05] testing.WARNING: audit_log_write_failed {"action":"staff.invited","error":"SQLSTATE[23000]: Integrity constraint violation: 19 NOT NULL constraint failed: audit_logs.entity_id (Connection: sqlite, Database: :memory:, SQL: insert into \"audit_logs\" (\"id\", \"organization_id\", \"user_id\", \"action\", \"entity_type\", \"entity_id\", \"details\", \"ip_address\", \"updated_at\", \"created_at\") values (ea551f5a-7de9-4bb0-b954-18fceca0b38c, org_apex, usr_p9_owner, staff.invited, OrganizationMembership, ?, {\"organization_id\":\"org_apex\",\"email\":\"new@example.com\",\"role\":\"STAFF\"}, 127.0.0.1, 2026-10-02 13:29:05, 2026-10-02 13:29:05))"} 
[2026-10-02 13:29:05] testing.WARNING: audit_log_write_failed {"action":"auth.login_failed","error":"SQLSTATE[23000]: Integrity constraint violation: 19 NOT NULL constraint failed: audit_logs.entity_id (Connection: sqlite, Database: :memory:, SQL: insert into \"audit_logs\" (\"id\", \"organization_id\", \"user_id\", \"action\", \"entity_type\", \"entity_id\", \"details\", \"ip_address\", \"updated_at\", \"created_at\") values (a08f27e9-9a6a-4884-9aa2-d4362eebb543, system, ?, auth.login_failed, User, ?, {\"email\":\"m.rezaei@example.com\",\"reason\":\"invalid_credentials\"}, 127.0.0.1, 2026-10-02 13:29:05, 2026-10-02 13:29:05))"} 
[2026-10-02 13:29:05] testing.WARNING: audit_log_write_failed {"action":"auth.password_reset_requested","error":"SQLSTATE[23000]: Integrity constraint violation: 19 NOT NULL constraint failed: audit_logs.entity_id (Connection: sqlite, Database: :memory:, SQL: insert into \"audit_logs\" (\"id\", \"organization_id\", \"user_id\", \"action\", \"entity_type\", \"entity_id\", \"details\", \"ip_address\", \"updated_at\", \"created_at\") values (61217584-78a4-47b7-bc53-1741c15b01de, system, ?, auth.password_reset_requested, User, ?, {\"email\":\"maryam@example.com\",\"matched\":false}, 127.0.0.1, 2026-10-02 13:29:05, 2026-10-02 13:29:05))"} 
[2026-10-02 13:29:05] testing.WARNING: audit_log_write_failed {"action":"auth.password_reset_requested","error":"SQLSTATE[23000]: Integrity constraint violation: 19 NOT NULL constraint failed: audit_logs.entity_id (Connection: sqlite, Database: :memory:, SQL: insert into \"audit_logs\" (\"id\", \"organization_id\", \"user_id\", \"action\", \"entity_type\", \"entity_id\", \"details\", \"ip_address\", \"updated_at\", \"created_at\") values (d2ae7850-6eca-4c5e-9073-b862229b3f5f, system, ?, auth.password_reset_requested, User, ?, {\"email\":\"maryam@example.com\",\"matched\":false}, 127.0.0.1, 2026-10-02 13:29:05, 2026-10-02 13:29:05))"} 
[2026-10-02 13:29:05] testing.WARNING: audit_log_write_failed {"action":"auth.password_reset_requested","error":"SQLSTATE[23000]: Integrity constraint violation: 19 NOT NULL constraint failed: audit_logs.entity_id (Connection: sqlite, Database: :memory:, SQL: insert into \"audit_logs\" (\"id\", \"organization_id\", \"user_id\", \"action\", \"entity_type\", \"entity_id\", \"details\", \"ip_address\", \"updated_at\", \"created_at\") values (f4e34ebd-05c0-4a56-9e59-ce6cac1aeb38, system, ?, auth.password_reset_requested, User, ?, {\"email\":\"ghost@example.com\",\"matched\":false}, 127.0.0.1, 2026-10-02 13:29:05, 2026-10-02 13:29:05))"} 
[2026-10-02 13:29:05] testing.WARNING: audit_log_write_failed {"action":"auth.password_reset_requested","error":"SQLSTATE[23000]: Integrity constraint violation: 19 NOT NULL constraint failed: audit_logs.entity_id (Connection: sqlite, Database: :memory:, SQL: insert into \"audit_logs\" (\"id\", \"organization_id\", \"user_id\", \"action\", \"entity_type\", \"entity_id\", \"details\", \"ip_address\", \"updated_at\", \"created_at\") values (4ff7797c-d7eb-41c0-a910-8d802f373569, system, ?, auth.password_reset_requested, User, ?, {\"email\":\"maryam@example.com\",\"matched\":false}, 127.0.0.1, 2026-10-02 13:29:05, 2026-10-02 13:29:05))"} 
[2026-10-02 13:29:05] testing.WARNING: audit_log_write_failed {"action":"auth.password_reset_requested","error":"SQLSTATE[23000]: Integrity constraint violation: 19 NOT NULL constraint failed: audit_logs.entity_id (Connection: sqlite, Database: :memory:, SQL: insert into \"audit_logs\" (\"id\", \"organization_id\", \"user_id\", \"action\", \"entity_type\", \"entity_id\", \"details\", \"ip_address\", \"updated_at\", \"created_at\") values (fc772919-6ea0-4436-ba26-cf19d2e5943b, system, ?, auth.password_reset_requested, User, ?, {\"email\":\"maryam@example.com\",\"matched\":false}, 127.0.0.1, 2026-10-02 13:29:05, 2026-10-02 13:29:05))"} 
[2026-10-02 13:29:05] testing.WARNING: audit_log_write_failed {"action":"auth.password_reset_failed","error":"SQLSTATE[23000]: Integrity constraint violation: 19 NOT NULL constraint failed: audit_logs.entity_id (Connection: sqlite, Database: :memory:, SQL: insert into \"audit_logs\" (\"id\", \"organization_id\", \"user_id\", \"action\", \"entity_type\", \"entity_id\", \"details\", \"ip_address\", \"updated_at\", \"created_at\") values (db153978-7619-45ce-b698-921d5b448300, system, ?, auth.password_reset_failed, User, ?, {\"reason\":\"passwords.user\"}, 127.0.0.1, 2026-10-02 13:29:05, 2026-10-02 13:29:05))"} 
[2026-10-02 13:29:05] testing.WARNING: audit_log_write_failed {"action":"auth.password_reset_requested","error":"SQLSTATE[23000]: Integrity constraint violation: 19 NOT NULL constraint failed: audit_logs.entity_id (Connection: sqlite, Database: :memory:, SQL: insert into \"audit_logs\" (\"id\", \"organization_id\", \"user_id\", \"action\", \"entity_type\", \"entity_id\", \"details\", \"ip_address\", \"updated_at\", \"created_at\") values (3ea91cfe-9046-4ebb-8804-7bdcfbeb8534, system, ?, auth.password_reset_requested, User, ?, {\"email\":\"maryam@example.com\",\"matched\":false}, 127.0.0.1, 2026-10-02 13:29:05, 2026-10-02 13:29:05))"} 
[2026-10-02 13:29:05] testing.WARNING: audit_log_write_failed {"action":"auth.password_reset_requested","error":"SQLSTATE[23000]: Integrity constraint violation: 19 NOT NULL constraint failed: audit_logs.entity_id (Connection: sqlite, Database: :memory:, SQL: insert into \"audit_logs\" (\"id\", \"organization_id\", \"user_id\", \"action\", \"entity_type\", \"entity_id\", \"details\", \"ip_address\", \"updated_at\", \"created_at\") values (190f980a-4754-4dfc-b2b9-a57bcadee8ad, system, ?, auth.password_reset_requested, User, ?, {\"email\":\"maryam@example.com\",\"matched\":false}, 127.0.0.1, 2026-10-02 13:29:05, 2026-10-02 13:29:05))"} 
[2026-10-02 13:29:05] testing.ERROR: Undefined property: Laravel\Sanctum\TransientToken::$id {"userId":"usr_p9_rec","exception":"[object] (ErrorException(code: 0): Undefined property: Laravel\\Sanctum\\TransientToken::$id at /Users/aminshojaei/AndroidStudioProjects/Calcuapp/backend/app/Http/Controllers/Api/AuthController.php:276)
[stacktrace]
#0 /Users/aminshojaei/AndroidStudioProjects/Calcuapp/backend/vendor/laravel/framework/src/Illuminate/Foundation/Bootstrap/HandleExceptions.php(262): Illuminate\\Foundation\\Bootstrap\\HandleExceptions->handleError(2, 'Undefined prope...', '/Users/aminshoj...', 276)
#1 /Users/aminshojaei/AndroidStudioProjects/Calcuapp/backend/app/Http/Controllers/Api/AuthController.php(276): Illuminate\\Foundation\\Bootstrap\\HandleExceptions->{closure:Illuminate\\Foundation\\Bootstrap\\HandleExceptions::forwardsTo():261}(2, 'Undefined prope...', '/Users/aminshoj...', 276)
#2 /Users/aminshojaei/AndroidStudioProjects/Calcuapp/backend/vendor/laravel/framework/src/Illuminate/Routing/ControllerDispatcher.php(46): App\\Http\\Controllers\\Api\\AuthController->changePassword(Object(Illuminate\\Http\\Request))
#3 /Users/aminshojaei/AndroidStudioProjects/Calcuapp/backend/vendor/laravel/framework/src/Illuminate/Routing/Route.php(265): Illuminate\\Routing\\ControllerDispatcher->dispatch(Object(Illuminate\\Routing\\Route), Object(App\\Http\\Controllers\\Api\\AuthController), 'changePassword')
#4 /Users/aminshojaei/AndroidStudioProjects/Calcuapp/backend/vendor/laravel/framework/src/Illuminate/Routing/Route.php(211): Illuminate\\Routing\\Route->runController()
#5 /Users/aminshojaei/AndroidStudioProjects/Calcuapp/backend/vendor/laravel/framework/src/Illuminate/Routing/Router.php(822): Illuminate\\Routing\\Route->run()
#6 /Users/aminshojaei/AndroidStudioProjects/Calcuapp/backend/vendor/laravel/framework/src/Illuminate/Pipeline/Pipeline.php(180): Illuminate\\Routing\\Router->{closure:Illuminate\\Routing\\Router::runRouteWithinStack():821}(Object(Illuminate\\Http\\Request))
#7 /Users/aminshojaei/AndroidStudioProjects/Calcuapp/backend/app/Http/Middleware/TenantMiddleware.php(73): Illuminate\\Pipeline\\Pipeline->{closure:Illuminate\\Pipeline\\Pipeline::prepareDestination():178}(Object(Illuminate\\Http\\Request))
#8 /Users/aminshojaei/AndroidStudioProjects/Calcuapp/backend/vendor/laravel/framework/src/Illuminate/Pipeline/Pipeline.php(219): App\\Http\\Middleware\\TenantMiddleware->handle(Object(Illuminate\\Http\\Request), Object(Closure))
#9 /Users/aminshojaei/AndroidStudioProjects/Calcuapp/backend/app/Http/Middleware/EnsureUserIsActive.php(33): Illuminate\\Pipeline\\Pipeline->{closure:{closure:Illuminate\\Pipeline\\Pipeline::carry():194}:195}(Object(Illuminate\\Http\\Request))
#10 /Users/aminshojaei/AndroidStudioProjects/Calcuapp/backend/vendor/laravel/framework/src/Illuminate/Pipeline/Pipeline.php(219): App\\Http\\Middleware\\EnsureUserIsActive->handle(Object(Illuminate\\Http\\Request), Object(Closure))
#11 /Users/aminshojaei/AndroidStudioProjects/Calcuapp/backend/app/Http/Middleware/IdempotencyMiddleware.php(18): Illuminate\\Pipeline\\Pipeline->{closure:{closure:Illuminate\\Pipeline\\Pipeline::carry():194}:195}(Object(Illuminate\\Http\\Request))
#12 /Users/aminshojaei/AndroidStudioProjects/Calcuapp/backend/vendor/laravel/framework/src/Illuminate/Pipeline/Pipeline.php(219): App\\Http\\Middleware\\IdempotencyMiddleware->handle(Object(Illuminate\\Http\\Request), Object(Closure))
#13 /Users/aminshojaei/AndroidStudioProjects/Calcuapp/backend/vendor/laravel/framework/src/Illuminate/Routing/Middleware/SubstituteBindings.php(50): Illuminate\\Pipeline\\Pipeline->{closure:{closure:Illuminate\\Pipeline\\Pipeline::carry():194}:195}(Object(Illuminate\\Http\\Request))
#14 /Users/aminshojaei/AndroidStudioProjects/Calcuapp/backend/vendor/laravel/framework/src/Illuminate/Pipeline/Pipeline.php(219): Illuminate\\Routing\\Middleware\\SubstituteBindings->handle(Object(Illuminate\\Http\\Request), Object(Closure))
#15 /Users/aminshojaei/AndroidStudioProjects/Calcuapp/backend/vendor/laravel/framework/src/Illuminate/Routing/Middleware/ThrottleRequests.php(166): Illuminate\\Pipeline\\Pipeline->{closure:{closure:Illuminate\\Pipeline\\Pipeline::carry():194}:195}(Object(Illuminate\\Http\\Request))
#16 /Users/aminshojaei/AndroidStudioProjects/Calcuapp/backend/vendor/laravel/framework/src/Illuminate/Routing/Middleware/ThrottleRequests.php(129): Illuminate\\Routing\\Middleware\\ThrottleRequests->handleRequest(Object(Illuminate\\Http\\Request), Object(Closure), Array)
#17 /Users/aminshojaei/AndroidStudioProjects/Calcuapp/backend/vendor/laravel/framework/src/Illuminate/Routing/Middleware/ThrottleRequests.php(90): Illuminate\\Routing\\Middleware\\ThrottleRequests->handleRequestUsingNamedLimiter(Object(Illuminate\\Http\\Request), Object(Closure), 'password-change', Object(Closure))
#18 /Users/aminshojaei/AndroidStudioProjects/Calcuapp/backend/vendor/laravel/framework/src/Illuminate/Pipeline/Pipeline.php(219): Illuminate\\Routing\\Middleware\\ThrottleRequests->handle(Object(Illuminate\\Http\\Request), Object(Closure), 'password-change')
#19 /Users/aminshojaei/AndroidStudioProjects/Calcuapp/backend/vendor/laravel/framework/src/Illuminate/Auth/Middleware/Authenticate.php(63): Illuminate\\Pipeline\\Pipeline->{closure:{closure:Illuminate\\Pipeline\\Pipeline::carry():194}:195}(Object(Illuminate\\Http\\Request))
#20 /Users/aminshojaei/AndroidStudioProjects/Calcuapp/backend/vendor/laravel/framework/src/Illuminate/Pipeline/Pipeline.php(219): Illuminate\\Auth\\Middleware\\Authenticate->handle(Object(Illuminate\\Http\\Request), Object(Closure), 'sanctum')
#21 /Users/aminshojaei/AndroidStudioProjects/Calcuapp/backend/vendor/laravel/framework/src/Illuminate/Pipeline/Pipeline.php(137): Illuminate\\Pipeline\\Pipeline->{closure:{closure:Illuminate\\Pipeline\\Pipeline::carry():194}:195}(Object(Illuminate\\Http\\Request))
#22 /Users/aminshojaei/AndroidStudioProjects/Calcuapp/backend/vendor/laravel/framework/src/Illuminate/Routing/Router.php(821): Illuminate\\Pipeline\\Pipeline->then(Object(Closure))
#23 /Users/aminshojaei/AndroidStudioProjects/Calcuapp/backend/vendor/laravel/framework/src/Illuminate/Routing/Router.php(800): Illuminate\\Routing\\Router->runRouteWithinStack(Object(Illuminate\\Routing\\Route), Object(Illuminate\\Http\\Request))
#24 /Users/aminshojaei/AndroidStudioProjects/Calcuapp/backend/vendor/laravel/framework/src/Illuminate/Routing/Router.php(764): Illuminate\\Routing\\Router->runRoute(Object(Illuminate\\Http\\Request), Object(Illuminate\\Routing\\Route))
#25 /Users/aminshojaei/AndroidStudioProjects/Calcuapp/backend/vendor/laravel/framework/src/Illuminate/Routing/Router.php(753): Illuminate\\Routing\\Router->dispatchToRoute(Object(Illuminate\\Http\\Request))
#26 /Users/aminshojaei/AndroidStudioProjects/Calcuapp/backend/vendor/laravel/framework/src/Illuminate/Foundation/Http/Kernel.php(200): Illuminate\\Routing\\Router->dispatch(Object(Illuminate\\Http\\Request))
#27 /Users/aminshojaei/AndroidStudioProjects/Calcuapp/backend/vendor/laravel/framework/src/Illuminate/Pipeline/Pipeline.php(180): Illuminate\\Foundation\\Http\\Kernel->{closure:Illuminate\\Foundation\\Http\\Kernel::dispatchToRouter():197}(Object(Illuminate\\Http\\Request))
#28 /Users/aminshojaei/AndroidStudioProjects/Calcuapp/backend/vendor/laravel/framework/src/Illuminate/Foundation/Http/Middleware/TransformsRequest.php(21): Illuminate\\Pipeline\\Pipeline->{closure:Illuminate\\Pipeline\\Pipeline::prepareDestination():178}(Object(Illuminate\\Http\\Request))
#29 /Users/aminshojaei/AndroidStudioProjects/Calcuapp/backend/vendor/laravel/framework/src/Illuminate/Foundation/Http/Middleware/ConvertEmptyStringsToNull.php(31): Illuminate\\Foundation\\Http\\Middleware\\TransformsRequest->handle(Object(Illuminate\\Http\\Request), Object(Closure))
#30 /Users/aminshojaei/AndroidStudioProjects/Calcuapp/backend/vendor/laravel/framework/src/Illuminate/Pipeline/Pipeline.php(219): Illuminate\\Foundation\\Http\\Middleware\\ConvertEmptyStringsToNull->handle(Object(Illuminate\\Http\\Request), Object(Closure))
#31 /Users/aminshojaei/AndroidStudioProjects/Calcuapp/backend/vendor/laravel/framework/src/Illuminate/Foundation/Http/Middleware/TransformsRequest.php(21): Illuminate\\Pipeline\\Pipeline->{closure:{closure:Illuminate\\Pipeline\\Pipeline::carry():194}:195}(Object(Illuminate\\Http\\Request))
#32 /Users/aminshojaei/AndroidStudioProjects/Calcuapp/backend/vendor/laravel/framework/src/Illuminate/Foundation/Http/Middleware/TrimStrings.php(51): Illuminate\\Foundation\\Http\\Middleware\\TransformsRequest->handle(Object(Illuminate\\Http\\Request), Object(Closure))
#33 /Users/aminshojaei/AndroidStudioProjects/Calcuapp/backend/vendor/laravel/framework/src/Illuminate/Pipeline/Pipeline.php(219): Illuminate\\Foundation\\Http\\Middleware\\TrimStrings->handle(Object(Illuminate\\Http\\Request), Object(Closure))
#34 /Users/aminshojaei/AndroidStudioProjects/Calcuapp/backend/vendor/laravel/framework/src/Illuminate/Http/Middleware/ValidatePostSize.php(27): Illuminate\\Pipeline\\Pipeline->{closure:{closure:Illuminate\\Pipeline\\Pipeline::carry():194}:195}(Object(Illuminate\\Http\\Request))
#35 /Users/aminshojaei/AndroidStudioProjects/Calcuapp/backend/vendor/laravel/framework/src/Illuminate/Pipeline/Pipeline.php(219): Illuminate\\Http\\Middleware\\ValidatePostSize->handle(Object(Illuminate\\Http\\Request), Object(Closure))
#36 /Users/aminshojaei/AndroidStudioProjects/Calcuapp/backend/vendor/laravel/framework/src/Illuminate/Foundation/Http/Middleware/PreventRequestsDuringMaintenance.php(109): Illuminate\\Pipeline\\Pipeline->{closure:{closure:Illuminate\\Pipeline\\Pipeline::carry():194}:195}(Object(Illuminate\\Http\\Request))
#37 /Users/aminshojaei/AndroidStudioProjects/Calcuapp/backend/vendor/laravel/framework/src/Illuminate/Pipeline/Pipeline.php(219): Illuminate\\Foundation\\Http\\Middleware\\PreventRequestsDuringMaintenance->handle(Object(Illuminate\\Http\\Request), Object(Closure))
#38 /Users/aminshojaei/AndroidStudioProjects/Calcuapp/backend/vendor/laravel/framework/src/Illuminate/Http/Middleware/HandleCors.php(74): Illuminate\\Pipeline\\Pipeline->{closure:{closure:Illuminate\\Pipeline\\Pipeline::carry():194}:195}(Object(Illuminate\\Http\\Request))
#39 /Users/aminshojaei/AndroidStudioProjects/Calcuapp/backend/vendor/laravel/framework/src/Illuminate/Pipeline/Pipeline.php(219): Illuminate\\Http\\Middleware\\HandleCors->handle(Object(Illuminate\\Http\\Request), Object(Closure))
#40 /Users/aminshojaei/AndroidStudioProjects/Calcuapp/backend/vendor/laravel/framework/src/Illuminate/Http/Middleware/TrustProxies.php(58): Illuminate\\Pipeline\\Pipeline->{closure:{closure:Illuminate\\Pipeline\\Pipeline::carry():194}:195}(Object(Illuminate\\Http\\Request))
#41 /Users/aminshojaei/AndroidStudioProjects/Calcuapp/backend/vendor/laravel/framework/src/Illuminate/Pipeline/Pipeline.php(219): Illuminate\\Http\\Middleware\\TrustProxies->handle(Object(Illuminate\\Http\\Request), Object(Closure))
#42 /Users/aminshojaei/AndroidStudioProjects/Calcuapp/backend/vendor/laravel/framework/src/Illuminate/Foundation/Http/Middleware/InvokeDeferredCallbacks.php(22): Illuminate\\Pipeline\\Pipeline->{closure:{closure:Illuminate\\Pipeline\\Pipeline::carry():194}:195}(Object(Illuminate\\Http\\Request))
#43 /Users/aminshojaei/AndroidStudioProjects/Calcuapp/backend/vendor/laravel/framework/src/Illuminate/Pipeline/Pipeline.php(219): Illuminate\\Foundation\\Http\\Middleware\\InvokeDeferredCallbacks->handle(Object(Illuminate\\Http\\Request), Object(Closure))
#44 /Users/aminshojaei/AndroidStudioProjects/Calcuapp/backend/vendor/laravel/framework/src/Illuminate/Http/Middleware/ValidatePathEncoding.php(26): Illuminate\\Pipeline\\Pipeline->{closure:{closure:Illuminate\\Pipeline\\Pipeline::carry():194}:195}(Object(Illuminate\\Http\\Request))
#45 /Users/aminshojaei/AndroidStudioProjects/Calcuapp/backend/vendor/laravel/framework/src/Illuminate/Pipeline/Pipeline.php(219): Illuminate\\Http\\Middleware\\ValidatePathEncoding->handle(Object(Illuminate\\Http\\Request), Object(Closure))
#46 /Users/aminshojaei/AndroidStudioProjects/Calcuapp/backend/vendor/laravel/framework/src/Illuminate/Pipeline/Pipeline.php(137): Illuminate\\Pipeline\\Pipeline->{closure:{closure:Illuminate\\Pipeline\\Pipeline::carry():194}:195}(Object(Illuminate\\Http\\Request))
#47 /Users/aminshojaei/AndroidStudioProjects/Calcuapp/backend/vendor/laravel/framework/src/Illuminate/Foundation/Http/Kernel.php(175): Illuminate\\Pipeline\\Pipeline->then(Object(Closure))
#48 /Users/aminshojaei/AndroidStudioProjects/Calcuapp/backend/vendor/laravel/framework/src/Illuminate/Foundation/Http/Kernel.php(144): Illuminate\\Foundation\\Http\\Kernel->sendRequestThroughRouter(Object(Illuminate\\Http\\Request))
#49 /Users/aminshojaei/AndroidStudioProjects/Calcuapp/backend/vendor/laravel/framework/src/Illuminate/Foundation/Testing/Concerns/MakesHttpRequests.php(607): Illuminate\\Foundation\\Http\\Kernel->handle(Object(Illuminate\\Http\\Request))
#50 /Users/aminshojaei/AndroidStudioProjects/Calcuapp/backend/vendor/laravel/framework/src/Illuminate/Foundation/Testing/Concerns/MakesHttpRequests.php(573): Illuminate\\Foundation\\Testing\\TestCase->call('POST', '/api/v1/auth/ch...', Array, Array, Array, Array, '{\"current_passw...')
#51 /Users/aminshojaei/AndroidStudioProjects/Calcuapp/backend/vendor/laravel/framework/src/Illuminate/Foundation/Testing/Concerns/MakesHttpRequests.php(411): Illuminate\\Foundation\\Testing\\TestCase->json('POST', '/api/v1/auth/ch...', Array, Array, 0)
#52 /Users/aminshojaei/AndroidStudioProjects/Calcuapp/backend/tests/Feature/PasswordRecoveryTest.php(238): Illuminate\\Foundation\\Testing\\TestCase->postJson('/api/v1/auth/ch...', Array)
#53 /Users/aminshojaei/AndroidStudioProjects/Calcuapp/backend/vendor/phpunit/phpunit/src/Framework/TestCase.php(1667): Tests\\Feature\\PasswordRecoveryTest->test_change_password_identifies_the_caller_from_the_token_only()
#54 /Users/aminshojaei/AndroidStudioProjects/Calcuapp/backend/vendor/phpunit/phpunit/src/Framework/TestCase.php(519): PHPUnit\\Framework\\TestCase->runTest()
#55 /Users/aminshojaei/AndroidStudioProjects/Calcuapp/backend/vendor/phpunit/phpunit/src/Framework/TestRunner/TestRunner.php(87): PHPUnit\\Framework\\TestCase->runBare()
#56 /Users/aminshojaei/AndroidStudioProjects/Calcuapp/backend/vendor/phpunit/phpunit/src/Framework/TestCase.php(365): PHPUnit\\Framework\\TestRunner->run(Object(Tests\\Feature\\PasswordRecoveryTest))
#57 /Users/aminshojaei/AndroidStudioProjects/Calcuapp/backend/vendor/phpunit/phpunit/src/Framework/TestSuite.php(369): PHPUnit\\Framework\\TestCase->run()
#58 /Users/aminshojaei/AndroidStudioProjects/Calcuapp/backend/vendor/phpunit/phpunit/src/Framework/TestSuite.php(369): PHPUnit\\Framework\\TestSuite->run()
#59 /Users/aminshojaei/AndroidStudioProjects/Calcuapp/backend/vendor/phpunit/phpunit/src/Framework/TestSuite.php(369): PHPUnit\\Framework\\TestSuite->run()
#60 /Users/aminshojaei/AndroidStudioProjects/Calcuapp/backend/vendor/phpunit/phpunit/src/TextUI/TestRunner.php(64): PHPUnit\\Framework\\TestSuite->run()
#61 /Users/aminshojaei/AndroidStudioProjects/Calcuapp/backend/vendor/phpunit/phpunit/src/TextUI/Application.php(211): PHPUnit\\TextUI\\TestRunner->run(Object(PHPUnit\\TextUI\\Configuration\\Configuration), Object(PHPUnit\\Runner\\ResultCache\\DefaultResultCache), Object(PHPUnit\\Framework\\TestSuite))
#62 /Users/aminshojaei/AndroidStudioProjects/Calcuapp/backend/vendor/phpunit/phpunit/phpunit(104): PHPUnit\\TextUI\\Application->run(Array)
#63 /Users/aminshojaei/AndroidStudioProjects/Calcuapp/backend/vendor/bin/phpunit(122): include('/Users/aminshoj...')
#64 {main}
"} 
[2026-10-02 13:29:05] testing.WARNING: audit_log_write_failed {"action":"auth.password_reset_requested","error":"SQLSTATE[23000]: Integrity constraint violation: 19 NOT NULL constraint failed: audit_logs.entity_id (Connection: sqlite, Database: :memory:, SQL: insert into \"audit_logs\" (\"id\", \"organization_id\", \"user_id\", \"action\", \"entity_type\", \"entity_id\", \"details\", \"ip_address\", \"updated_at\", \"created_at\") values (81b24eb0-43f8-4478-ab07-716180a74eaa, system, ?, auth.password_reset_requested, User, ?, {\"email\":\"maryam@example.com\",\"matched\":false}, 127.0.0.1, 2026-10-02 13:29:05, 2026-10-02 13:29:05))"} 
[2026-10-02 13:29:05] testing.WARNING: audit_log_write_failed {"action":"auth.password_reset_requested","error":"SQLSTATE[23000]: Integrity constraint violation: 19 NOT NULL constraint failed: audit_logs.entity_id (Connection: sqlite, Database: :memory:, SQL: insert into \"audit_logs\" (\"id\", \"organization_id\", \"user_id\", \"action\", \"entity_type\", \"entity_id\", \"details\", \"ip_address\", \"updated_at\", \"created_at\") values (11942f80-faca-4e93-84f3-a7cfbdd38af4, system, ?, auth.password_reset_requested, User, ?, {\"email\":\"maryam@example.com\",\"matched\":false}, 127.0.0.1, 2026-10-02 13:29:05, 2026-10-02 13:29:05))"} 
[2026-10-02 13:29:05] testing.WARNING: audit_log_write_failed {"action":"staff.invited","error":"SQLSTATE[23000]: Integrity constraint violation: 19 NOT NULL constraint failed: audit_logs.entity_id (Connection: sqlite, Database: :memory:, SQL: insert into \"audit_logs\" (\"id\", \"organization_id\", \"user_id\", \"action\", \"entity_type\", \"entity_id\", \"details\", \"ip_address\", \"updated_at\", \"created_at\") values (9968393c-c34d-46f1-91e0-8238a22318ef, org_apex, usr_p9_owner, staff.invited, OrganizationMembership, ?, {\"organization_id\":\"org_apex\",\"email\":\"new.staff@example.com\",\"role\":\"STAFF\"}, 127.0.0.1, 2026-10-02 13:29:05, 2026-10-02 13:29:05))"} 
[2026-10-02 13:29:05] testing.WARNING: audit_log_write_failed {"action":"staff.invited","error":"SQLSTATE[23000]: Integrity constraint violation: 19 NOT NULL constraint failed: audit_logs.entity_id (Connection: sqlite, Database: :memory:, SQL: insert into \"audit_logs\" (\"id\", \"organization_id\", \"user_id\", \"action\", \"entity_type\", \"entity_id\", \"details\", \"ip_address\", \"updated_at\", \"created_at\") values (2ea8ab14-a5f1-4bdb-991c-2d8b1c9acb8e, org_apex, usr_p9_owner, staff.invited, OrganizationMembership, ?, {\"organization_id\":\"org_apex\",\"email\":\"new.staff@example.com\",\"role\":\"STAFF\"}, 127.0.0.1, 2026-10-02 13:29:05, 2026-10-02 13:29:05))"} 
[2026-10-02 13:29:05] testing.WARNING: audit_log_write_failed {"action":"staff.invited","error":"SQLSTATE[23000]: Integrity constraint violation: 19 NOT NULL constraint failed: audit_logs.entity_id (Connection: sqlite, Database: :memory:, SQL: insert into \"audit_logs\" (\"id\", \"organization_id\", \"user_id\", \"action\", \"entity_type\", \"entity_id\", \"details\", \"ip_address\", \"updated_at\", \"created_at\") values (71ab3c2b-1871-4f2a-8971-a063ac4cdd2c, org_apex, usr_p9_owner, staff.invited, OrganizationMembership, ?, {\"organization_id\":\"org_apex\",\"email\":\"new.staff@example.com\",\"role\":\"STAFF\"}, 127.0.0.1, 2026-10-02 13:29:05, 2026-10-02 13:29:05))"} 
[2026-10-02 13:29:05] testing.WARNING: audit_log_write_failed {"action":"staff.invited","error":"SQLSTATE[23000]: Integrity constraint violation: 19 NOT NULL constraint failed: audit_logs.entity_id (Connection: sqlite, Database: :memory:, SQL: insert into \"audit_logs\" (\"id\", \"organization_id\", \"user_id\", \"action\", \"entity_type\", \"entity_id\", \"details\", \"ip_address\", \"updated_at\", \"created_at\") values (334cb153-de12-4ea6-9456-60e3622a84e0, org_apex, usr_p9_owner, staff.invited, OrganizationMembership, ?, {\"organization_id\":\"org_apex\",\"email\":\"new.staff@example.com\",\"role\":\"STAFF\"}, 127.0.0.1, 2026-10-02 13:29:05, 2026-10-02 13:29:05))"} 
[2026-10-02 13:29:05] testing.WARNING: audit_log_write_failed {"action":"staff.invited","error":"SQLSTATE[23000]: Integrity constraint violation: 19 NOT NULL constraint failed: audit_logs.entity_id (Connection: sqlite, Database: :memory:, SQL: insert into \"audit_logs\" (\"id\", \"organization_id\", \"user_id\", \"action\", \"entity_type\", \"entity_id\", \"details\", \"ip_address\", \"updated_at\", \"created_at\") values (2e906dfe-beeb-479e-b767-f613cbf3c967, org_apex, usr_p9_owner, staff.invited, OrganizationMembership, ?, {\"organization_id\":\"org_apex\",\"email\":\"new.staff@example.com\",\"role\":\"STAFF\"}, 127.0.0.1, 2026-10-02 13:29:05, 2026-10-02 13:29:05))"} 
[2026-10-02 13:29:05] testing.WARNING: audit_log_write_failed {"action":"staff.invited","error":"SQLSTATE[23000]: Integrity constraint violation: 19 NOT NULL constraint failed: audit_logs.entity_id (Connection: sqlite, Database: :memory:, SQL: insert into \"audit_logs\" (\"id\", \"organization_id\", \"user_id\", \"action\", \"entity_type\", \"entity_id\", \"details\", \"ip_address\", \"updated_at\", \"created_at\") values (d3d8758f-a451-4ad6-812f-49e64c4e60d3, org_apex, usr_p9_owner, staff.invited, OrganizationMembership, ?, {\"organization_id\":\"org_apex\",\"email\":\"new.staff@example.com\",\"role\":\"STAFF\"}, 127.0.0.1, 2026-10-02 13:29:05, 2026-10-02 13:29:05))"} 
[2026-10-02 13:29:05] testing.WARNING: audit_log_write_failed {"action":"staff.invited","error":"SQLSTATE[23000]: Integrity constraint violation: 19 NOT NULL constraint failed: audit_logs.entity_id (Connection: sqlite, Database: :memory:, SQL: insert into \"audit_logs\" (\"id\", \"organization_id\", \"user_id\", \"action\", \"entity_type\", \"entity_id\", \"details\", \"ip_address\", \"updated_at\", \"created_at\") values (8a4a3b4b-58b8-468a-b926-bc5c74dfa6d5, org_apex, usr_p9_owner, staff.invited, OrganizationMembership, ?, {\"organization_id\":\"org_apex\",\"email\":\"new.staff@example.com\",\"role\":\"STAFF\"}, 127.0.0.1, 2026-10-02 13:29:05, 2026-10-02 13:29:05))"} 
[2026-10-02 13:29:05] testing.WARNING: audit_log_write_failed {"action":"staff.invited","error":"SQLSTATE[23000]: Integrity constraint violation: 19 NOT NULL constraint failed: audit_logs.entity_id (Connection: sqlite, Database: :memory:, SQL: insert into \"audit_logs\" (\"id\", \"organization_id\", \"user_id\", \"action\", \"entity_type\", \"entity_id\", \"details\", \"ip_address\", \"updated_at\", \"created_at\") values (fff6b7cd-45a6-4b0b-b3bb-2500aedf5f15, org_apex, usr_p9_owner, staff.invited, OrganizationMembership, ?, {\"organization_id\":\"org_apex\",\"email\":\"new.staff@example.com\",\"role\":\"STAFF\"}, 127.0.0.1, 2026-10-02 13:29:05, 2026-10-02 13:29:05))"} 
[2026-10-02 13:29:05] testing.WARNING: audit_log_write_failed {"action":"staff.invited","error":"SQLSTATE[23000]: Integrity constraint violation: 19 NOT NULL constraint failed: audit_logs.entity_id (Connection: sqlite, Database: :memory:, SQL: insert into \"audit_logs\" (\"id\", \"organization_id\", \"user_id\", \"action\", \"entity_type\", \"entity_id\", \"details\", \"ip_address\", \"updated_at\", \"created_at\") values (879c8642-eec0-4dce-a6d9-f28bda19925c, org_apex, usr_p9_owner, staff.invited, OrganizationMembership, ?, {\"organization_id\":\"org_apex\",\"email\":\"new.staff@example.com\",\"role\":\"STAFF\"}, 127.0.0.1, 2026-10-02 13:29:05, 2026-10-02 13:29:05))"} 
[2026-10-02 13:29:05] testing.WARNING: audit_log_write_failed {"action":"staff.invited","error":"SQLSTATE[23000]: Integrity constraint violation: 19 NOT NULL constraint failed: audit_logs.entity_id (Connection: sqlite, Database: :memory:, SQL: insert into \"audit_logs\" (\"id\", \"organization_id\", \"user_id\", \"action\", \"entity_type\", \"entity_id\", \"details\", \"ip_address\", \"updated_at\", \"created_at\") values (c26b28f1-f6d7-41e7-bd7c-61e2eb918a40, org_apex, usr_p9_owner, staff.invited, OrganizationMembership, ?, {\"organization_id\":\"org_apex\",\"email\":\"new.staff@example.com\",\"role\":\"STAFF\"}, 127.0.0.1, 2026-10-02 13:29:05, 2026-10-02 13:29:05))"} 
[2026-10-02 13:29:05] testing.WARNING: audit_log_write_failed {"action":"staff.invited","error":"SQLSTATE[23000]: Integrity constraint violation: 19 NOT NULL constraint failed: audit_logs.entity_id (Connection: sqlite, Database: :memory:, SQL: insert into \"audit_logs\" (\"id\", \"organization_id\", \"user_id\", \"action\", \"entity_type\", \"entity_id\", \"details\", \"ip_address\", \"updated_at\", \"created_at\") values (ca5b6f5b-bfab-40d9-bbee-6ec63b443b1f, org_apex, usr_p9_owner, staff.invited, OrganizationMembership, ?, {\"organization_id\":\"org_apex\",\"email\":\"new.staff@example.com\",\"role\":\"STAFF\"}, 127.0.0.1, 2026-10-02 13:29:05, 2026-10-02 13:29:05))"} 
[2026-10-02 13:29:05] testing.WARNING: audit_log_write_failed {"action":"staff.invited","error":"SQLSTATE[23000]: Integrity constraint violation: 19 NOT NULL constraint failed: audit_logs.entity_id (Connection: sqlite, Database: :memory:, SQL: insert into \"audit_logs\" (\"id\", \"organization_id\", \"user_id\", \"action\", \"entity_type\", \"entity_id\", \"details\", \"ip_address\", \"updated_at\", \"created_at\") values (7f297f7e-595c-4f18-944b-7ecab030df98, org_apex, usr_p9_owner, staff.invited, OrganizationMembership, ?, {\"organization_id\":\"org_apex\",\"email\":\"new.staff@example.com\",\"role\":\"STAFF\"}, 127.0.0.1, 2026-10-02 13:29:05, 2026-10-02 13:29:05))"} 
[2026-10-02 13:29:47] testing.WARNING: audit_log_write_failed {"action":"auth.login_failed","error":"SQLSTATE[23000]: Integrity constraint violation: 19 NOT NULL constraint failed: audit_logs.entity_id (Connection: sqlite, Database: :memory:, SQL: insert into \"audit_logs\" (\"id\", \"organization_id\", \"user_id\", \"action\", \"entity_type\", \"entity_id\", \"details\", \"ip_address\", \"updated_at\", \"created_at\") values (834cddad-be88-4a9d-a23f-280bb084699c, system, ?, auth.login_failed, User, ?, {\"email\":\"nobody@example.com\",\"reason\":\"invalid_credentials\"}, 127.0.0.1, 2026-10-02 13:29:47, 2026-10-02 13:29:47))"} 
[2026-10-02 13:29:47] testing.WARNING: audit_log_write_failed {"action":"auth.login_failed","error":"SQLSTATE[23000]: Integrity constraint violation: 19 NOT NULL constraint failed: audit_logs.entity_id (Connection: sqlite, Database: :memory:, SQL: insert into \"audit_logs\" (\"id\", \"organization_id\", \"user_id\", \"action\", \"entity_type\", \"entity_id\", \"details\", \"ip_address\", \"updated_at\", \"created_at\") values (b9b2bd00-6d0f-4d6b-bd8a-d94d9c7a4e61, system, ?, auth.login_failed, User, ?, {\"email\":\"m.rezaei@example.com\",\"reason\":\"invalid_credentials\"}, 127.0.0.1, 2026-10-02 13:29:47, 2026-10-02 13:29:47))"} 
[2026-10-02 13:29:47] testing.WARNING: audit_log_write_failed {"action":"auth.login_failed","error":"SQLSTATE[23000]: Integrity constraint violation: 19 NOT NULL constraint failed: audit_logs.entity_id (Connection: sqlite, Database: :memory:, SQL: insert into \"audit_logs\" (\"id\", \"organization_id\", \"user_id\", \"action\", \"entity_type\", \"entity_id\", \"details\", \"ip_address\", \"updated_at\", \"created_at\") values (1e161b85-19c0-4270-abac-e416b4f69e71, system, ?, auth.login_failed, User, ?, {\"email\":\"m.rezaei@example.com\",\"reason\":\"invalid_credentials\"}, 127.0.0.1, 2026-10-02 13:29:47, 2026-10-02 13:29:47))"} 
[2026-10-02 13:29:47] testing.WARNING: audit_log_write_failed {"action":"auth.login_failed","error":"SQLSTATE[23000]: Integrity constraint violation: 19 NOT NULL constraint failed: audit_logs.entity_id (Connection: sqlite, Database: :memory:, SQL: insert into \"audit_logs\" (\"id\", \"organization_id\", \"user_id\", \"action\", \"entity_type\", \"entity_id\", \"details\", \"ip_address\", \"updated_at\", \"created_at\") values (6aa2500b-181f-429a-abd8-b810e6e7cfa0, system, ?, auth.login_failed, User, ?, {\"email\":\"m.rezaei@example.com\",\"reason\":\"invalid_credentials\"}, 127.0.0.1, 2026-10-02 13:29:47, 2026-10-02 13:29:47))"} 
[2026-10-02 13:29:47] testing.WARNING: audit_log_write_failed {"action":"auth.login_failed","error":"SQLSTATE[23000]: Integrity constraint violation: 19 NOT NULL constraint failed: audit_logs.entity_id (Connection: sqlite, Database: :memory:, SQL: insert into \"audit_logs\" (\"id\", \"organization_id\", \"user_id\", \"action\", \"entity_type\", \"entity_id\", \"details\", \"ip_address\", \"updated_at\", \"created_at\") values (0dbd5351-0194-482f-b279-ecafc8a0c71a, system, ?, auth.login_failed, User, ?, {\"email\":\"m.rezaei@example.com\",\"reason\":\"invalid_credentials\"}, 127.0.0.1, 2026-10-02 13:29:47, 2026-10-02 13:29:47))"} 
[2026-10-02 13:29:47] testing.WARNING: audit_log_write_failed {"action":"staff.invited","error":"SQLSTATE[23000]: Integrity constraint violation: 19 NOT NULL constraint failed: audit_logs.entity_id (Connection: sqlite, Database: :memory:, SQL: insert into \"audit_logs\" (\"id\", \"organization_id\", \"user_id\", \"action\", \"entity_type\", \"entity_id\", \"details\", \"ip_address\", \"updated_at\", \"created_at\") values (bfcd4244-5b04-41b3-adf8-b768cd61feb9, org_apex, usr_p9_owner, staff.invited, OrganizationMembership, ?, {\"organization_id\":\"org_apex\",\"email\":\"new@example.com\",\"role\":\"STAFF\"}, 127.0.0.1, 2026-10-02 13:29:47, 2026-10-02 13:29:47))"} 
[2026-10-02 13:29:47] testing.WARNING: audit_log_write_failed {"action":"auth.login_failed","error":"SQLSTATE[23000]: Integrity constraint violation: 19 NOT NULL constraint failed: audit_logs.entity_id (Connection: sqlite, Database: :memory:, SQL: insert into \"audit_logs\" (\"id\", \"organization_id\", \"user_id\", \"action\", \"entity_type\", \"entity_id\", \"details\", \"ip_address\", \"updated_at\", \"created_at\") values (074a1a23-495b-4301-97fd-612b3b7c03f1, system, ?, auth.login_failed, User, ?, {\"email\":\"m.rezaei@example.com\",\"reason\":\"invalid_credentials\"}, 127.0.0.1, 2026-10-02 13:29:47, 2026-10-02 13:29:47))"} 
[2026-10-02 13:29:47] testing.WARNING: audit_log_write_failed {"action":"auth.password_reset_requested","error":"SQLSTATE[23000]: Integrity constraint violation: 19 NOT NULL constraint failed: audit_logs.entity_id (Connection: sqlite, Database: :memory:, SQL: insert into \"audit_logs\" (\"id\", \"organization_id\", \"user_id\", \"action\", \"entity_type\", \"entity_id\", \"details\", \"ip_address\", \"updated_at\", \"created_at\") values (be19bc0e-c14b-4d39-b5bc-b290f0e9a2d8, system, ?, auth.password_reset_requested, User, ?, {\"email\":\"maryam@example.com\",\"matched\":false}, 127.0.0.1, 2026-10-02 13:29:47, 2026-10-02 13:29:47))"} 
[2026-10-02 13:29:47] testing.WARNING: audit_log_write_failed {"action":"auth.password_reset_requested","error":"SQLSTATE[23000]: Integrity constraint violation: 19 NOT NULL constraint failed: audit_logs.entity_id (Connection: sqlite, Database: :memory:, SQL: insert into \"audit_logs\" (\"id\", \"organization_id\", \"user_id\", \"action\", \"entity_type\", \"entity_id\", \"details\", \"ip_address\", \"updated_at\", \"created_at\") values (69492776-8d10-40e9-b640-d44cafed6cd7, system, ?, auth.password_reset_requested, User, ?, {\"email\":\"maryam@example.com\",\"matched\":false}, 127.0.0.1, 2026-10-02 13:29:47, 2026-10-02 13:29:47))"} 
[2026-10-02 13:29:47] testing.WARNING: audit_log_write_failed {"action":"auth.password_reset_requested","error":"SQLSTATE[23000]: Integrity constraint violation: 19 NOT NULL constraint failed: audit_logs.entity_id (Connection: sqlite, Database: :memory:, SQL: insert into \"audit_logs\" (\"id\", \"organization_id\", \"user_id\", \"action\", \"entity_type\", \"entity_id\", \"details\", \"ip_address\", \"updated_at\", \"created_at\") values (1f87a836-7a6c-430b-8c8b-6775369d865a, system, ?, auth.password_reset_requested, User, ?, {\"email\":\"ghost@example.com\",\"matched\":false}, 127.0.0.1, 2026-10-02 13:29:47, 2026-10-02 13:29:47))"} 
[2026-10-02 13:29:47] testing.WARNING: audit_log_write_failed {"action":"auth.password_reset_requested","error":"SQLSTATE[23000]: Integrity constraint violation: 19 NOT NULL constraint failed: audit_logs.entity_id (Connection: sqlite, Database: :memory:, SQL: insert into \"audit_logs\" (\"id\", \"organization_id\", \"user_id\", \"action\", \"entity_type\", \"entity_id\", \"details\", \"ip_address\", \"updated_at\", \"created_at\") values (feca4332-057e-4e4c-aa60-6875f1da736b, system, ?, auth.password_reset_requested, User, ?, {\"email\":\"maryam@example.com\",\"matched\":false}, 127.0.0.1, 2026-10-02 13:29:47, 2026-10-02 13:29:47))"} 
[2026-10-02 13:29:47] testing.WARNING: audit_log_write_failed {"action":"auth.password_reset_requested","error":"SQLSTATE[23000]: Integrity constraint violation: 19 NOT NULL constraint failed: audit_logs.entity_id (Connection: sqlite, Database: :memory:, SQL: insert into \"audit_logs\" (\"id\", \"organization_id\", \"user_id\", \"action\", \"entity_type\", \"entity_id\", \"details\", \"ip_address\", \"updated_at\", \"created_at\") values (7d34800b-87bc-451e-9023-10d11a71123b, system, ?, auth.password_reset_requested, User, ?, {\"email\":\"maryam@example.com\",\"matched\":false}, 127.0.0.1, 2026-10-02 13:29:47, 2026-10-02 13:29:47))"} 
[2026-10-02 13:29:47] testing.WARNING: audit_log_write_failed {"action":"auth.password_reset_failed","error":"SQLSTATE[23000]: Integrity constraint violation: 19 NOT NULL constraint failed: audit_logs.entity_id (Connection: sqlite, Database: :memory:, SQL: insert into \"audit_logs\" (\"id\", \"organization_id\", \"user_id\", \"action\", \"entity_type\", \"entity_id\", \"details\", \"ip_address\", \"updated_at\", \"created_at\") values (122be2d7-4f99-41a4-978f-c2efc0eb8021, system, ?, auth.password_reset_failed, User, ?, {\"reason\":\"passwords.user\"}, 127.0.0.1, 2026-10-02 13:29:47, 2026-10-02 13:29:47))"} 
[2026-10-02 13:29:47] testing.WARNING: audit_log_write_failed {"action":"auth.password_reset_requested","error":"SQLSTATE[23000]: Integrity constraint violation: 19 NOT NULL constraint failed: audit_logs.entity_id (Connection: sqlite, Database: :memory:, SQL: insert into \"audit_logs\" (\"id\", \"organization_id\", \"user_id\", \"action\", \"entity_type\", \"entity_id\", \"details\", \"ip_address\", \"updated_at\", \"created_at\") values (f2f42f64-221a-41ab-bdde-ae039a0a2468, system, ?, auth.password_reset_requested, User, ?, {\"email\":\"maryam@example.com\",\"matched\":false}, 127.0.0.1, 2026-10-02 13:29:47, 2026-10-02 13:29:47))"} 
[2026-10-02 13:29:47] testing.WARNING: audit_log_write_failed {"action":"auth.password_reset_requested","error":"SQLSTATE[23000]: Integrity constraint violation: 19 NOT NULL constraint failed: audit_logs.entity_id (Connection: sqlite, Database: :memory:, SQL: insert into \"audit_logs\" (\"id\", \"organization_id\", \"user_id\", \"action\", \"entity_type\", \"entity_id\", \"details\", \"ip_address\", \"updated_at\", \"created_at\") values (1e69d15b-cf42-4b00-8e10-6a1efa788dd4, system, ?, auth.password_reset_requested, User, ?, {\"email\":\"maryam@example.com\",\"matched\":false}, 127.0.0.1, 2026-10-02 13:29:47, 2026-10-02 13:29:47))"} 
[2026-10-02 13:29:47] testing.ERROR: Undefined property: Laravel\Sanctum\TransientToken::$id {"userId":"usr_p9_rec","exception":"[object] (ErrorException(code: 0): Undefined property: Laravel\\Sanctum\\TransientToken::$id at /Users/aminshojaei/AndroidStudioProjects/Calcuapp/backend/app/Http/Controllers/Api/AuthController.php:276)
[stacktrace]
#0 /Users/aminshojaei/AndroidStudioProjects/Calcuapp/backend/vendor/laravel/framework/src/Illuminate/Foundation/Bootstrap/HandleExceptions.php(262): Illuminate\\Foundation\\Bootstrap\\HandleExceptions->handleError(2, 'Undefined prope...', '/Users/aminshoj...', 276)
#1 /Users/aminshojaei/AndroidStudioProjects/Calcuapp/backend/app/Http/Controllers/Api/AuthController.php(276): Illuminate\\Foundation\\Bootstrap\\HandleExceptions->{closure:Illuminate\\Foundation\\Bootstrap\\HandleExceptions::forwardsTo():261}(2, 'Undefined prope...', '/Users/aminshoj...', 276)
#2 /Users/aminshojaei/AndroidStudioProjects/Calcuapp/backend/vendor/laravel/framework/src/Illuminate/Routing/ControllerDispatcher.php(46): App\\Http\\Controllers\\Api\\AuthController->changePassword(Object(Illuminate\\Http\\Request))
#3 /Users/aminshojaei/AndroidStudioProjects/Calcuapp/backend/vendor/laravel/framework/src/Illuminate/Routing/Route.php(265): Illuminate\\Routing\\ControllerDispatcher->dispatch(Object(Illuminate\\Routing\\Route), Object(App\\Http\\Controllers\\Api\\AuthController), 'changePassword')
#4 /Users/aminshojaei/AndroidStudioProjects/Calcuapp/backend/vendor/laravel/framework/src/Illuminate/Routing/Route.php(211): Illuminate\\Routing\\Route->runController()
#5 /Users/aminshojaei/AndroidStudioProjects/Calcuapp/backend/vendor/laravel/framework/src/Illuminate/Routing/Router.php(822): Illuminate\\Routing\\Route->run()
#6 /Users/aminshojaei/AndroidStudioProjects/Calcuapp/backend/vendor/laravel/framework/src/Illuminate/Pipeline/Pipeline.php(180): Illuminate\\Routing\\Router->{closure:Illuminate\\Routing\\Router::runRouteWithinStack():821}(Object(Illuminate\\Http\\Request))
#7 /Users/aminshojaei/AndroidStudioProjects/Calcuapp/backend/app/Http/Middleware/TenantMiddleware.php(73): Illuminate\\Pipeline\\Pipeline->{closure:Illuminate\\Pipeline\\Pipeline::prepareDestination():178}(Object(Illuminate\\Http\\Request))
#8 /Users/aminshojaei/AndroidStudioProjects/Calcuapp/backend/vendor/laravel/framework/src/Illuminate/Pipeline/Pipeline.php(219): App\\Http\\Middleware\\TenantMiddleware->handle(Object(Illuminate\\Http\\Request), Object(Closure))
#9 /Users/aminshojaei/AndroidStudioProjects/Calcuapp/backend/app/Http/Middleware/EnsureUserIsActive.php(33): Illuminate\\Pipeline\\Pipeline->{closure:{closure:Illuminate\\Pipeline\\Pipeline::carry():194}:195}(Object(Illuminate\\Http\\Request))
#10 /Users/aminshojaei/AndroidStudioProjects/Calcuapp/backend/vendor/laravel/framework/src/Illuminate/Pipeline/Pipeline.php(219): App\\Http\\Middleware\\EnsureUserIsActive->handle(Object(Illuminate\\Http\\Request), Object(Closure))
#11 /Users/aminshojaei/AndroidStudioProjects/Calcuapp/backend/app/Http/Middleware/IdempotencyMiddleware.php(18): Illuminate\\Pipeline\\Pipeline->{closure:{closure:Illuminate\\Pipeline\\Pipeline::carry():194}:195}(Object(Illuminate\\Http\\Request))
#12 /Users/aminshojaei/AndroidStudioProjects/Calcuapp/backend/vendor/laravel/framework/src/Illuminate/Pipeline/Pipeline.php(219): App\\Http\\Middleware\\IdempotencyMiddleware->handle(Object(Illuminate\\Http\\Request), Object(Closure))
#13 /Users/aminshojaei/AndroidStudioProjects/Calcuapp/backend/vendor/laravel/framework/src/Illuminate/Routing/Middleware/SubstituteBindings.php(50): Illuminate\\Pipeline\\Pipeline->{closure:{closure:Illuminate\\Pipeline\\Pipeline::carry():194}:195}(Object(Illuminate\\Http\\Request))
#14 /Users/aminshojaei/AndroidStudioProjects/Calcuapp/backend/vendor/laravel/framework/src/Illuminate/Pipeline/Pipeline.php(219): Illuminate\\Routing\\Middleware\\SubstituteBindings->handle(Object(Illuminate\\Http\\Request), Object(Closure))
#15 /Users/aminshojaei/AndroidStudioProjects/Calcuapp/backend/vendor/laravel/framework/src/Illuminate/Routing/Middleware/ThrottleRequests.php(166): Illuminate\\Pipeline\\Pipeline->{closure:{closure:Illuminate\\Pipeline\\Pipeline::carry():194}:195}(Object(Illuminate\\Http\\Request))
#16 /Users/aminshojaei/AndroidStudioProjects/Calcuapp/backend/vendor/laravel/framework/src/Illuminate/Routing/Middleware/ThrottleRequests.php(129): Illuminate\\Routing\\Middleware\\ThrottleRequests->handleRequest(Object(Illuminate\\Http\\Request), Object(Closure), Array)
#17 /Users/aminshojaei/AndroidStudioProjects/Calcuapp/backend/vendor/laravel/framework/src/Illuminate/Routing/Middleware/ThrottleRequests.php(90): Illuminate\\Routing\\Middleware\\ThrottleRequests->handleRequestUsingNamedLimiter(Object(Illuminate\\Http\\Request), Object(Closure), 'password-change', Object(Closure))
#18 /Users/aminshojaei/AndroidStudioProjects/Calcuapp/backend/vendor/laravel/framework/src/Illuminate/Pipeline/Pipeline.php(219): Illuminate\\Routing\\Middleware\\ThrottleRequests->handle(Object(Illuminate\\Http\\Request), Object(Closure), 'password-change')
#19 /Users/aminshojaei/AndroidStudioProjects/Calcuapp/backend/vendor/laravel/framework/src/Illuminate/Auth/Middleware/Authenticate.php(63): Illuminate\\Pipeline\\Pipeline->{closure:{closure:Illuminate\\Pipeline\\Pipeline::carry():194}:195}(Object(Illuminate\\Http\\Request))
#20 /Users/aminshojaei/AndroidStudioProjects/Calcuapp/backend/vendor/laravel/framework/src/Illuminate/Pipeline/Pipeline.php(219): Illuminate\\Auth\\Middleware\\Authenticate->handle(Object(Illuminate\\Http\\Request), Object(Closure), 'sanctum')
#21 /Users/aminshojaei/AndroidStudioProjects/Calcuapp/backend/vendor/laravel/framework/src/Illuminate/Pipeline/Pipeline.php(137): Illuminate\\Pipeline\\Pipeline->{closure:{closure:Illuminate\\Pipeline\\Pipeline::carry():194}:195}(Object(Illuminate\\Http\\Request))
#22 /Users/aminshojaei/AndroidStudioProjects/Calcuapp/backend/vendor/laravel/framework/src/Illuminate/Routing/Router.php(821): Illuminate\\Pipeline\\Pipeline->then(Object(Closure))
#23 /Users/aminshojaei/AndroidStudioProjects/Calcuapp/backend/vendor/laravel/framework/src/Illuminate/Routing/Router.php(800): Illuminate\\Routing\\Router->runRouteWithinStack(Object(Illuminate\\Routing\\Route), Object(Illuminate\\Http\\Request))
#24 /Users/aminshojaei/AndroidStudioProjects/Calcuapp/backend/vendor/laravel/framework/src/Illuminate/Routing/Router.php(764): Illuminate\\Routing\\Router->runRoute(Object(Illuminate\\Http\\Request), Object(Illuminate\\Routing\\Route))
#25 /Users/aminshojaei/AndroidStudioProjects/Calcuapp/backend/vendor/laravel/framework/src/Illuminate/Routing/Router.php(753): Illuminate\\Routing\\Router->dispatchToRoute(Object(Illuminate\\Http\\Request))
#26 /Users/aminshojaei/AndroidStudioProjects/Calcuapp/backend/vendor/laravel/framework/src/Illuminate/Foundation/Http/Kernel.php(200): Illuminate\\Routing\\Router->dispatch(Object(Illuminate\\Http\\Request))
#27 /Users/aminshojaei/AndroidStudioProjects/Calcuapp/backend/vendor/laravel/framework/src/Illuminate/Pipeline/Pipeline.php(180): Illuminate\\Foundation\\Http\\Kernel->{closure:Illuminate\\Foundation\\Http\\Kernel::dispatchToRouter():197}(Object(Illuminate\\Http\\Request))
#28 /Users/aminshojaei/AndroidStudioProjects/Calcuapp/backend/vendor/laravel/framework/src/Illuminate/Foundation/Http/Middleware/TransformsRequest.php(21): Illuminate\\Pipeline\\Pipeline->{closure:Illuminate\\Pipeline\\Pipeline::prepareDestination():178}(Object(Illuminate\\Http\\Request))
#29 /Users/aminshojaei/AndroidStudioProjects/Calcuapp/backend/vendor/laravel/framework/src/Illuminate/Foundation/Http/Middleware/ConvertEmptyStringsToNull.php(31): Illuminate\\Foundation\\Http\\Middleware\\TransformsRequest->handle(Object(Illuminate\\Http\\Request), Object(Closure))
#30 /Users/aminshojaei/AndroidStudioProjects/Calcuapp/backend/vendor/laravel/framework/src/Illuminate/Pipeline/Pipeline.php(219): Illuminate\\Foundation\\Http\\Middleware\\ConvertEmptyStringsToNull->handle(Object(Illuminate\\Http\\Request), Object(Closure))
#31 /Users/aminshojaei/AndroidStudioProjects/Calcuapp/backend/vendor/laravel/framework/src/Illuminate/Foundation/Http/Middleware/TransformsRequest.php(21): Illuminate\\Pipeline\\Pipeline->{closure:{closure:Illuminate\\Pipeline\\Pipeline::carry():194}:195}(Object(Illuminate\\Http\\Request))
#32 /Users/aminshojaei/AndroidStudioProjects/Calcuapp/backend/vendor/laravel/framework/src/Illuminate/Foundation/Http/Middleware/TrimStrings.php(51): Illuminate\\Foundation\\Http\\Middleware\\TransformsRequest->handle(Object(Illuminate\\Http\\Request), Object(Closure))
#33 /Users/aminshojaei/AndroidStudioProjects/Calcuapp/backend/vendor/laravel/framework/src/Illuminate/Pipeline/Pipeline.php(219): Illuminate\\Foundation\\Http\\Middleware\\TrimStrings->handle(Object(Illuminate\\Http\\Request), Object(Closure))
#34 /Users/aminshojaei/AndroidStudioProjects/Calcuapp/backend/vendor/laravel/framework/src/Illuminate/Http/Middleware/ValidatePostSize.php(27): Illuminate\\Pipeline\\Pipeline->{closure:{closure:Illuminate\\Pipeline\\Pipeline::carry():194}:195}(Object(Illuminate\\Http\\Request))
#35 /Users/aminshojaei/AndroidStudioProjects/Calcuapp/backend/vendor/laravel/framework/src/Illuminate/Pipeline/Pipeline.php(219): Illuminate\\Http\\Middleware\\ValidatePostSize->handle(Object(Illuminate\\Http\\Request), Object(Closure))
#36 /Users/aminshojaei/AndroidStudioProjects/Calcuapp/backend/vendor/laravel/framework/src/Illuminate/Foundation/Http/Middleware/PreventRequestsDuringMaintenance.php(109): Illuminate\\Pipeline\\Pipeline->{closure:{closure:Illuminate\\Pipeline\\Pipeline::carry():194}:195}(Object(Illuminate\\Http\\Request))
#37 /Users/aminshojaei/AndroidStudioProjects/Calcuapp/backend/vendor/laravel/framework/src/Illuminate/Pipeline/Pipeline.php(219): Illuminate\\Foundation\\Http\\Middleware\\PreventRequestsDuringMaintenance->handle(Object(Illuminate\\Http\\Request), Object(Closure))
#38 /Users/aminshojaei/AndroidStudioProjects/Calcuapp/backend/vendor/laravel/framework/src/Illuminate/Http/Middleware/HandleCors.php(74): Illuminate\\Pipeline\\Pipeline->{closure:{closure:Illuminate\\Pipeline\\Pipeline::carry():194}:195}(Object(Illuminate\\Http\\Request))
#39 /Users/aminshojaei/AndroidStudioProjects/Calcuapp/backend/vendor/laravel/framework/src/Illuminate/Pipeline/Pipeline.php(219): Illuminate\\Http\\Middleware\\HandleCors->handle(Object(Illuminate\\Http\\Request), Object(Closure))
#40 /Users/aminshojaei/AndroidStudioProjects/Calcuapp/backend/vendor/laravel/framework/src/Illuminate/Http/Middleware/TrustProxies.php(58): Illuminate\\Pipeline\\Pipeline->{closure:{closure:Illuminate\\Pipeline\\Pipeline::carry():194}:195}(Object(Illuminate\\Http\\Request))
#41 /Users/aminshojaei/AndroidStudioProjects/Calcuapp/backend/vendor/laravel/framework/src/Illuminate/Pipeline/Pipeline.php(219): Illuminate\\Http\\Middleware\\TrustProxies->handle(Object(Illuminate\\Http\\Request), Object(Closure))
#42 /Users/aminshojaei/AndroidStudioProjects/Calcuapp/backend/vendor/laravel/framework/src/Illuminate/Foundation/Http/Middleware/InvokeDeferredCallbacks.php(22): Illuminate\\Pipeline\\Pipeline->{closure:{closure:Illuminate\\Pipeline\\Pipeline::carry():194}:195}(Object(Illuminate\\Http\\Request))
#43 /Users/aminshojaei/AndroidStudioProjects/Calcuapp/backend/vendor/laravel/framework/src/Illuminate/Pipeline/Pipeline.php(219): Illuminate\\Foundation\\Http\\Middleware\\InvokeDeferredCallbacks->handle(Object(Illuminate\\Http\\Request), Object(Closure))
#44 /Users/aminshojaei/AndroidStudioProjects/Calcuapp/backend/vendor/laravel/framework/src/Illuminate/Http/Middleware/ValidatePathEncoding.php(26): Illuminate\\Pipeline\\Pipeline->{closure:{closure:Illuminate\\Pipeline\\Pipeline::carry():194}:195}(Object(Illuminate\\Http\\Request))
#45 /Users/aminshojaei/AndroidStudioProjects/Calcuapp/backend/vendor/laravel/framework/src/Illuminate/Pipeline/Pipeline.php(219): Illuminate\\Http\\Middleware\\ValidatePathEncoding->handle(Object(Illuminate\\Http\\Request), Object(Closure))
#46 /Users/aminshojaei/AndroidStudioProjects/Calcuapp/backend/vendor/laravel/framework/src/Illuminate/Pipeline/Pipeline.php(137): Illuminate\\Pipeline\\Pipeline->{closure:{closure:Illuminate\\Pipeline\\Pipeline::carry():194}:195}(Object(Illuminate\\Http\\Request))
#47 /Users/aminshojaei/AndroidStudioProjects/Calcuapp/backend/vendor/laravel/framework/src/Illuminate/Foundation/Http/Kernel.php(175): Illuminate\\Pipeline\\Pipeline->then(Object(Closure))
#48 /Users/aminshojaei/AndroidStudioProjects/Calcuapp/backend/vendor/laravel/framework/src/Illuminate/Foundation/Http/Kernel.php(144): Illuminate\\Foundation\\Http\\Kernel->sendRequestThroughRouter(Object(Illuminate\\Http\\Request))
#49 /Users/aminshojaei/AndroidStudioProjects/Calcuapp/backend/vendor/laravel/framework/src/Illuminate/Foundation/Testing/Concerns/MakesHttpRequests.php(607): Illuminate\\Foundation\\Http\\Kernel->handle(Object(Illuminate\\Http\\Request))
#50 /Users/aminshojaei/AndroidStudioProjects/Calcuapp/backend/vendor/laravel/framework/src/Illuminate/Foundation/Testing/Concerns/MakesHttpRequests.php(573): Illuminate\\Foundation\\Testing\\TestCase->call('POST', '/api/v1/auth/ch...', Array, Array, Array, Array, '{\"current_passw...')
#51 /Users/aminshojaei/AndroidStudioProjects/Calcuapp/backend/vendor/laravel/framework/src/Illuminate/Foundation/Testing/Concerns/MakesHttpRequests.php(411): Illuminate\\Foundation\\Testing\\TestCase->json('POST', '/api/v1/auth/ch...', Array, Array, 0)
#52 /Users/aminshojaei/AndroidStudioProjects/Calcuapp/backend/tests/Feature/PasswordRecoveryTest.php(240): Illuminate\\Foundation\\Testing\\TestCase->postJson('/api/v1/auth/ch...', Array)
#53 /Users/aminshojaei/AndroidStudioProjects/Calcuapp/backend/vendor/phpunit/phpunit/src/Framework/TestCase.php(1667): Tests\\Feature\\PasswordRecoveryTest->test_change_password_identifies_the_caller_from_the_token_only()
#54 /Users/aminshojaei/AndroidStudioProjects/Calcuapp/backend/vendor/phpunit/phpunit/src/Framework/TestCase.php(519): PHPUnit\\Framework\\TestCase->runTest()
#55 /Users/aminshojaei/AndroidStudioProjects/Calcuapp/backend/vendor/phpunit/phpunit/src/Framework/TestRunner/TestRunner.php(87): PHPUnit\\Framework\\TestCase->runBare()
#56 /Users/aminshojaei/AndroidStudioProjects/Calcuapp/backend/vendor/phpunit/phpunit/src/Framework/TestCase.php(365): PHPUnit\\Framework\\TestRunner->run(Object(Tests\\Feature\\PasswordRecoveryTest))
#57 /Users/aminshojaei/AndroidStudioProjects/Calcuapp/backend/vendor/phpunit/phpunit/src/Framework/TestSuite.php(369): PHPUnit\\Framework\\TestCase->run()
#58 /Users/aminshojaei/AndroidStudioProjects/Calcuapp/backend/vendor/phpunit/phpunit/src/Framework/TestSuite.php(369): PHPUnit\\Framework\\TestSuite->run()
#59 /Users/aminshojaei/AndroidStudioProjects/Calcuapp/backend/vendor/phpunit/phpunit/src/Framework/TestSuite.php(369): PHPUnit\\Framework\\TestSuite->run()
#60 /Users/aminshojaei/AndroidStudioProjects/Calcuapp/backend/vendor/phpunit/phpunit/src/TextUI/TestRunner.php(64): PHPUnit\\Framework\\TestSuite->run()
#61 /Users/aminshojaei/AndroidStudioProjects/Calcuapp/backend/vendor/phpunit/phpunit/src/TextUI/Application.php(211): PHPUnit\\TextUI\\TestRunner->run(Object(PHPUnit\\TextUI\\Configuration\\Configuration), Object(PHPUnit\\Runner\\ResultCache\\DefaultResultCache), Object(PHPUnit\\Framework\\TestSuite))
#62 /Users/aminshojaei/AndroidStudioProjects/Calcuapp/backend/vendor/phpunit/phpunit/phpunit(104): PHPUnit\\TextUI\\Application->run(Array)
#63 /Users/aminshojaei/AndroidStudioProjects/Calcuapp/backend/vendor/bin/phpunit(122): include('/Users/aminshoj...')
#64 {main}
"} 
[2026-10-02 13:29:47] testing.WARNING: audit_log_write_failed {"action":"auth.password_reset_requested","error":"SQLSTATE[23000]: Integrity constraint violation: 19 NOT NULL constraint failed: audit_logs.entity_id (Connection: sqlite, Database: :memory:, SQL: insert into \"audit_logs\" (\"id\", \"organization_id\", \"user_id\", \"action\", \"entity_type\", \"entity_id\", \"details\", \"ip_address\", \"updated_at\", \"created_at\") values (651984b1-38c4-45e1-8847-e23a6c2b74fc, system, ?, auth.password_reset_requested, User, ?, {\"email\":\"maryam@example.com\",\"matched\":false}, 127.0.0.1, 2026-10-02 13:29:47, 2026-10-02 13:29:47))"} 
[2026-10-02 13:29:47] testing.WARNING: audit_log_write_failed {"action":"auth.password_reset_requested","error":"SQLSTATE[23000]: Integrity constraint violation: 19 NOT NULL constraint failed: audit_logs.entity_id (Connection: sqlite, Database: :memory:, SQL: insert into \"audit_logs\" (\"id\", \"organization_id\", \"user_id\", \"action\", \"entity_type\", \"entity_id\", \"details\", \"ip_address\", \"updated_at\", \"created_at\") values (272e10f0-d333-4f04-9d3c-1793a6dc89ef, system, ?, auth.password_reset_requested, User, ?, {\"email\":\"maryam@example.com\",\"matched\":false}, 127.0.0.1, 2026-10-02 13:29:47, 2026-10-02 13:29:47))"} 
[2026-10-02 13:29:47] testing.WARNING: audit_log_write_failed {"action":"staff.invited","error":"SQLSTATE[23000]: Integrity constraint violation: 19 NOT NULL constraint failed: audit_logs.entity_id (Connection: sqlite, Database: :memory:, SQL: insert into \"audit_logs\" (\"id\", \"organization_id\", \"user_id\", \"action\", \"entity_type\", \"entity_id\", \"details\", \"ip_address\", \"updated_at\", \"created_at\") values (eca5435d-2160-4b29-ab4f-623e9d0c5f3b, org_apex, usr_p9_owner, staff.invited, OrganizationMembership, ?, {\"organization_id\":\"org_apex\",\"email\":\"new.staff@example.com\",\"role\":\"STAFF\"}, 127.0.0.1, 2026-10-02 13:29:47, 2026-10-02 13:29:47))"} 
[2026-10-02 13:29:47] testing.WARNING: audit_log_write_failed {"action":"staff.invited","error":"SQLSTATE[23000]: Integrity constraint violation: 19 NOT NULL constraint failed: audit_logs.entity_id (Connection: sqlite, Database: :memory:, SQL: insert into \"audit_logs\" (\"id\", \"organization_id\", \"user_id\", \"action\", \"entity_type\", \"entity_id\", \"details\", \"ip_address\", \"updated_at\", \"created_at\") values (df474594-8bb7-4014-a653-cbc8de402124, org_apex, usr_p9_owner, staff.invited, OrganizationMembership, ?, {\"organization_id\":\"org_apex\",\"email\":\"new.staff@example.com\",\"role\":\"STAFF\"}, 127.0.0.1, 2026-10-02 13:29:47, 2026-10-02 13:29:47))"} 
[2026-10-02 13:29:47] testing.WARNING: audit_log_write_failed {"action":"staff.invited","error":"SQLSTATE[23000]: Integrity constraint violation: 19 NOT NULL constraint failed: audit_logs.entity_id (Connection: sqlite, Database: :memory:, SQL: insert into \"audit_logs\" (\"id\", \"organization_id\", \"user_id\", \"action\", \"entity_type\", \"entity_id\", \"details\", \"ip_address\", \"updated_at\", \"created_at\") values (40f7a4d4-954b-487b-96f9-bdc618dd18d6, org_apex, usr_p9_owner, staff.invited, OrganizationMembership, ?, {\"organization_id\":\"org_apex\",\"email\":\"new.staff@example.com\",\"role\":\"STAFF\"}, 127.0.0.1, 2026-10-02 13:29:47, 2026-10-02 13:29:47))"} 
[2026-10-02 13:29:47] testing.WARNING: audit_log_write_failed {"action":"staff.invited","error":"SQLSTATE[23000]: Integrity constraint violation: 19 NOT NULL constraint failed: audit_logs.entity_id (Connection: sqlite, Database: :memory:, SQL: insert into \"audit_logs\" (\"id\", \"organization_id\", \"user_id\", \"action\", \"entity_type\", \"entity_id\", \"details\", \"ip_address\", \"updated_at\", \"created_at\") values (333dd2e1-14c4-42c8-9e4e-1278bcfd7698, org_apex, usr_p9_owner, staff.invited, OrganizationMembership, ?, {\"organization_id\":\"org_apex\",\"email\":\"new.staff@example.com\",\"role\":\"STAFF\"}, 127.0.0.1, 2026-10-02 13:29:47, 2026-10-02 13:29:47))"} 
[2026-10-02 13:29:47] testing.WARNING: audit_log_write_failed {"action":"staff.invited","error":"SQLSTATE[23000]: Integrity constraint violation: 19 NOT NULL constraint failed: audit_logs.entity_id (Connection: sqlite, Database: :memory:, SQL: insert into \"audit_logs\" (\"id\", \"organization_id\", \"user_id\", \"action\", \"entity_type\", \"entity_id\", \"details\", \"ip_address\", \"updated_at\", \"created_at\") values (ad4aeb1b-aa94-4f1d-a3c7-3eb3a54a6db6, org_apex, usr_p9_owner, staff.invited, OrganizationMembership, ?, {\"organization_id\":\"org_apex\",\"email\":\"new.staff@example.com\",\"role\":\"STAFF\"}, 127.0.0.1, 2026-10-02 13:29:47, 2026-10-02 13:29:47))"} 
[2026-10-02 13:29:48] testing.WARNING: audit_log_write_failed {"action":"staff.invited","error":"SQLSTATE[23000]: Integrity constraint violation: 19 NOT NULL constraint failed: audit_logs.entity_id (Connection: sqlite, Database: :memory:, SQL: insert into \"audit_logs\" (\"id\", \"organization_id\", \"user_id\", \"action\", \"entity_type\", \"entity_id\", \"details\", \"ip_address\", \"updated_at\", \"created_at\") values (77d532d8-26f8-403a-8eba-f3d8e7127f68, org_apex, usr_p9_owner, staff.invited, OrganizationMembership, ?, {\"organization_id\":\"org_apex\",\"email\":\"new.staff@example.com\",\"role\":\"STAFF\"}, 127.0.0.1, 2026-10-02 13:29:48, 2026-10-02 13:29:48))"} 
[2026-10-02 13:29:48] testing.WARNING: audit_log_write_failed {"action":"staff.invited","error":"SQLSTATE[23000]: Integrity constraint violation: 19 NOT NULL constraint failed: audit_logs.entity_id (Connection: sqlite, Database: :memory:, SQL: insert into \"audit_logs\" (\"id\", \"organization_id\", \"user_id\", \"action\", \"entity_type\", \"entity_id\", \"details\", \"ip_address\", \"updated_at\", \"created_at\") values (e2546fd6-c06d-4069-8588-82fc7555b70f, org_apex, usr_p9_owner, staff.invited, OrganizationMembership, ?, {\"organization_id\":\"org_apex\",\"email\":\"new.staff@example.com\",\"role\":\"STAFF\"}, 127.0.0.1, 2026-10-02 13:29:48, 2026-10-02 13:29:48))"} 
[2026-10-02 13:29:48] testing.WARNING: audit_log_write_failed {"action":"staff.invited","error":"SQLSTATE[23000]: Integrity constraint violation: 19 NOT NULL constraint failed: audit_logs.entity_id (Connection: sqlite, Database: :memory:, SQL: insert into \"audit_logs\" (\"id\", \"organization_id\", \"user_id\", \"action\", \"entity_type\", \"entity_id\", \"details\", \"ip_address\", \"updated_at\", \"created_at\") values (3b63ecc7-61e9-49e1-b04c-9bbf17107b5b, org_apex, usr_p9_owner, staff.invited, OrganizationMembership, ?, {\"organization_id\":\"org_apex\",\"email\":\"new.staff@example.com\",\"role\":\"STAFF\"}, 127.0.0.1, 2026-10-02 13:29:48, 2026-10-02 13:29:48))"} 
[2026-10-02 13:29:48] testing.WARNING: audit_log_write_failed {"action":"staff.invited","error":"SQLSTATE[23000]: Integrity constraint violation: 19 NOT NULL constraint failed: audit_logs.entity_id (Connection: sqlite, Database: :memory:, SQL: insert into \"audit_logs\" (\"id\", \"organization_id\", \"user_id\", \"action\", \"entity_type\", \"entity_id\", \"details\", \"ip_address\", \"updated_at\", \"created_at\") values (9dd216ac-9daa-4c34-b5dc-953fc74ec31a, org_apex, usr_p9_owner, staff.invited, OrganizationMembership, ?, {\"organization_id\":\"org_apex\",\"email\":\"new.staff@example.com\",\"role\":\"STAFF\"}, 127.0.0.1, 2026-10-02 13:29:48, 2026-10-02 13:29:48))"} 
[2026-10-02 13:29:48] testing.WARNING: audit_log_write_failed {"action":"staff.invited","error":"SQLSTATE[23000]: Integrity constraint violation: 19 NOT NULL constraint failed: audit_logs.entity_id (Connection: sqlite, Database: :memory:, SQL: insert into \"audit_logs\" (\"id\", \"organization_id\", \"user_id\", \"action\", \"entity_type\", \"entity_id\", \"details\", \"ip_address\", \"updated_at\", \"created_at\") values (d295524c-4546-4a52-aa7a-240ca1822788, org_apex, usr_p9_owner, staff.invited, OrganizationMembership, ?, {\"organization_id\":\"org_apex\",\"email\":\"new.staff@example.com\",\"role\":\"STAFF\"}, 127.0.0.1, 2026-10-02 13:29:48, 2026-10-02 13:29:48))"} 
[2026-10-02 13:29:48] testing.WARNING: audit_log_write_failed {"action":"staff.invited","error":"SQLSTATE[23000]: Integrity constraint violation: 19 NOT NULL constraint failed: audit_logs.entity_id (Connection: sqlite, Database: :memory:, SQL: insert into \"audit_logs\" (\"id\", \"organization_id\", \"user_id\", \"action\", \"entity_type\", \"entity_id\", \"details\", \"ip_address\", \"updated_at\", \"created_at\") values (ca77b547-3bad-486e-a465-94a9edf7d699, org_apex, usr_p9_owner, staff.invited, OrganizationMembership, ?, {\"organization_id\":\"org_apex\",\"email\":\"new.staff@example.com\",\"role\":\"STAFF\"}, 127.0.0.1, 2026-10-02 13:29:48, 2026-10-02 13:29:48))"} 
[2026-10-02 13:29:48] testing.WARNING: audit_log_write_failed {"action":"staff.invited","error":"SQLSTATE[23000]: Integrity constraint violation: 19 NOT NULL constraint failed: audit_logs.entity_id (Connection: sqlite, Database: :memory:, SQL: insert into \"audit_logs\" (\"id\", \"organization_id\", \"user_id\", \"action\", \"entity_type\", \"entity_id\", \"details\", \"ip_address\", \"updated_at\", \"created_at\") values (a413cefa-0baf-4628-b95a-9447de2eab6f, org_apex, usr_p9_owner, staff.invited, OrganizationMembership, ?, {\"organization_id\":\"org_apex\",\"email\":\"new.staff@example.com\",\"role\":\"STAFF\"}, 127.0.0.1, 2026-10-02 13:29:48, 2026-10-02 13:29:48))"} 
[2026-10-02 13:35:02] testing.ERROR: Undefined property: Laravel\Sanctum\TransientToken::$id {"userId":"usr_p9_rec","exception":"[object] (ErrorException(code: 0): Undefined property: Laravel\\Sanctum\\TransientToken::$id at /Users/aminshojaei/AndroidStudioProjects/Calcuapp/backend/app/Http/Controllers/Api/AuthController.php:276)
[stacktrace]
#0 /Users/aminshojaei/AndroidStudioProjects/Calcuapp/backend/vendor/laravel/framework/src/Illuminate/Foundation/Bootstrap/HandleExceptions.php(262): Illuminate\\Foundation\\Bootstrap\\HandleExceptions->handleError(2, 'Undefined prope...', '/Users/aminshoj...', 276)
#1 /Users/aminshojaei/AndroidStudioProjects/Calcuapp/backend/app/Http/Controllers/Api/AuthController.php(276): Illuminate\\Foundation\\Bootstrap\\HandleExceptions->{closure:Illuminate\\Foundation\\Bootstrap\\HandleExceptions::forwardsTo():261}(2, 'Undefined prope...', '/Users/aminshoj...', 276)
#2 /Users/aminshojaei/AndroidStudioProjects/Calcuapp/backend/vendor/laravel/framework/src/Illuminate/Routing/ControllerDispatcher.php(46): App\\Http\\Controllers\\Api\\AuthController->changePassword(Object(Illuminate\\Http\\Request))
#3 /Users/aminshojaei/AndroidStudioProjects/Calcuapp/backend/vendor/laravel/framework/src/Illuminate/Routing/Route.php(265): Illuminate\\Routing\\ControllerDispatcher->dispatch(Object(Illuminate\\Routing\\Route), Object(App\\Http\\Controllers\\Api\\AuthController), 'changePassword')
#4 /Users/aminshojaei/AndroidStudioProjects/Calcuapp/backend/vendor/laravel/framework/src/Illuminate/Routing/Route.php(211): Illuminate\\Routing\\Route->runController()
#5 /Users/aminshojaei/AndroidStudioProjects/Calcuapp/backend/vendor/laravel/framework/src/Illuminate/Routing/Router.php(822): Illuminate\\Routing\\Route->run()
#6 /Users/aminshojaei/AndroidStudioProjects/Calcuapp/backend/vendor/laravel/framework/src/Illuminate/Pipeline/Pipeline.php(180): Illuminate\\Routing\\Router->{closure:Illuminate\\Routing\\Router::runRouteWithinStack():821}(Object(Illuminate\\Http\\Request))
#7 /Users/aminshojaei/AndroidStudioProjects/Calcuapp/backend/app/Http/Middleware/TenantMiddleware.php(73): Illuminate\\Pipeline\\Pipeline->{closure:Illuminate\\Pipeline\\Pipeline::prepareDestination():178}(Object(Illuminate\\Http\\Request))
#8 /Users/aminshojaei/AndroidStudioProjects/Calcuapp/backend/vendor/laravel/framework/src/Illuminate/Pipeline/Pipeline.php(219): App\\Http\\Middleware\\TenantMiddleware->handle(Object(Illuminate\\Http\\Request), Object(Closure))
#9 /Users/aminshojaei/AndroidStudioProjects/Calcuapp/backend/app/Http/Middleware/EnsureUserIsActive.php(33): Illuminate\\Pipeline\\Pipeline->{closure:{closure:Illuminate\\Pipeline\\Pipeline::carry():194}:195}(Object(Illuminate\\Http\\Request))
#10 /Users/aminshojaei/AndroidStudioProjects/Calcuapp/backend/vendor/laravel/framework/src/Illuminate/Pipeline/Pipeline.php(219): App\\Http\\Middleware\\EnsureUserIsActive->handle(Object(Illuminate\\Http\\Request), Object(Closure))
#11 /Users/aminshojaei/AndroidStudioProjects/Calcuapp/backend/app/Http/Middleware/IdempotencyMiddleware.php(18): Illuminate\\Pipeline\\Pipeline->{closure:{closure:Illuminate\\Pipeline\\Pipeline::carry():194}:195}(Object(Illuminate\\Http\\Request))
#12 /Users/aminshojaei/AndroidStudioProjects/Calcuapp/backend/vendor/laravel/framework/src/Illuminate/Pipeline/Pipeline.php(219): App\\Http\\Middleware\\IdempotencyMiddleware->handle(Object(Illuminate\\Http\\Request), Object(Closure))
#13 /Users/aminshojaei/AndroidStudioProjects/Calcuapp/backend/vendor/laravel/framework/src/Illuminate/Routing/Middleware/SubstituteBindings.php(50): Illuminate\\Pipeline\\Pipeline->{closure:{closure:Illuminate\\Pipeline\\Pipeline::carry():194}:195}(Object(Illuminate\\Http\\Request))
#14 /Users/aminshojaei/AndroidStudioProjects/Calcuapp/backend/vendor/laravel/framework/src/Illuminate/Pipeline/Pipeline.php(219): Illuminate\\Routing\\Middleware\\SubstituteBindings->handle(Object(Illuminate\\Http\\Request), Object(Closure))
#15 /Users/aminshojaei/AndroidStudioProjects/Calcuapp/backend/vendor/laravel/framework/src/Illuminate/Routing/Middleware/ThrottleRequests.php(166): Illuminate\\Pipeline\\Pipeline->{closure:{closure:Illuminate\\Pipeline\\Pipeline::carry():194}:195}(Object(Illuminate\\Http\\Request))
#16 /Users/aminshojaei/AndroidStudioProjects/Calcuapp/backend/vendor/laravel/framework/src/Illuminate/Routing/Middleware/ThrottleRequests.php(129): Illuminate\\Routing\\Middleware\\ThrottleRequests->handleRequest(Object(Illuminate\\Http\\Request), Object(Closure), Array)
#17 /Users/aminshojaei/AndroidStudioProjects/Calcuapp/backend/vendor/laravel/framework/src/Illuminate/Routing/Middleware/ThrottleRequests.php(90): Illuminate\\Routing\\Middleware\\ThrottleRequests->handleRequestUsingNamedLimiter(Object(Illuminate\\Http\\Request), Object(Closure), 'password-change', Object(Closure))
#18 /Users/aminshojaei/AndroidStudioProjects/Calcuapp/backend/vendor/laravel/framework/src/Illuminate/Pipeline/Pipeline.php(219): Illuminate\\Routing\\Middleware\\ThrottleRequests->handle(Object(Illuminate\\Http\\Request), Object(Closure), 'password-change')
#19 /Users/aminshojaei/AndroidStudioProjects/Calcuapp/backend/vendor/laravel/framework/src/Illuminate/Auth/Middleware/Authenticate.php(63): Illuminate\\Pipeline\\Pipeline->{closure:{closure:Illuminate\\Pipeline\\Pipeline::carry():194}:195}(Object(Illuminate\\Http\\Request))
#20 /Users/aminshojaei/AndroidStudioProjects/Calcuapp/backend/vendor/laravel/framework/src/Illuminate/Pipeline/Pipeline.php(219): Illuminate\\Auth\\Middleware\\Authenticate->handle(Object(Illuminate\\Http\\Request), Object(Closure), 'sanctum')
#21 /Users/aminshojaei/AndroidStudioProjects/Calcuapp/backend/vendor/laravel/framework/src/Illuminate/Pipeline/Pipeline.php(137): Illuminate\\Pipeline\\Pipeline->{closure:{closure:Illuminate\\Pipeline\\Pipeline::carry():194}:195}(Object(Illuminate\\Http\\Request))
#22 /Users/aminshojaei/AndroidStudioProjects/Calcuapp/backend/vendor/laravel/framework/src/Illuminate/Routing/Router.php(821): Illuminate\\Pipeline\\Pipeline->then(Object(Closure))
#23 /Users/aminshojaei/AndroidStudioProjects/Calcuapp/backend/vendor/laravel/framework/src/Illuminate/Routing/Router.php(800): Illuminate\\Routing\\Router->runRouteWithinStack(Object(Illuminate\\Routing\\Route), Object(Illuminate\\Http\\Request))
#24 /Users/aminshojaei/AndroidStudioProjects/Calcuapp/backend/vendor/laravel/framework/src/Illuminate/Routing/Router.php(764): Illuminate\\Routing\\Router->runRoute(Object(Illuminate\\Http\\Request), Object(Illuminate\\Routing\\Route))
#25 /Users/aminshojaei/AndroidStudioProjects/Calcuapp/backend/vendor/laravel/framework/src/Illuminate/Routing/Router.php(753): Illuminate\\Routing\\Router->dispatchToRoute(Object(Illuminate\\Http\\Request))
#26 /Users/aminshojaei/AndroidStudioProjects/Calcuapp/backend/vendor/laravel/framework/src/Illuminate/Foundation/Http/Kernel.php(200): Illuminate\\Routing\\Router->dispatch(Object(Illuminate\\Http\\Request))
#27 /Users/aminshojaei/AndroidStudioProjects/Calcuapp/backend/vendor/laravel/framework/src/Illuminate/Pipeline/Pipeline.php(180): Illuminate\\Foundation\\Http\\Kernel->{closure:Illuminate\\Foundation\\Http\\Kernel::dispatchToRouter():197}(Object(Illuminate\\Http\\Request))
#28 /Users/aminshojaei/AndroidStudioProjects/Calcuapp/backend/vendor/laravel/framework/src/Illuminate/Foundation/Http/Middleware/TransformsRequest.php(21): Illuminate\\Pipeline\\Pipeline->{closure:Illuminate\\Pipeline\\Pipeline::prepareDestination():178}(Object(Illuminate\\Http\\Request))
#29 /Users/aminshojaei/AndroidStudioProjects/Calcuapp/backend/vendor/laravel/framework/src/Illuminate/Foundation/Http/Middleware/ConvertEmptyStringsToNull.php(31): Illuminate\\Foundation\\Http\\Middleware\\TransformsRequest->handle(Object(Illuminate\\Http\\Request), Object(Closure))
#30 /Users/aminshojaei/AndroidStudioProjects/Calcuapp/backend/vendor/laravel/framework/src/Illuminate/Pipeline/Pipeline.php(219): Illuminate\\Foundation\\Http\\Middleware\\ConvertEmptyStringsToNull->handle(Object(Illuminate\\Http\\Request), Object(Closure))
#31 /Users/aminshojaei/AndroidStudioProjects/Calcuapp/backend/vendor/laravel/framework/src/Illuminate/Foundation/Http/Middleware/TransformsRequest.php(21): Illuminate\\Pipeline\\Pipeline->{closure:{closure:Illuminate\\Pipeline\\Pipeline::carry():194}:195}(Object(Illuminate\\Http\\Request))
#32 /Users/aminshojaei/AndroidStudioProjects/Calcuapp/backend/vendor/laravel/framework/src/Illuminate/Foundation/Http/Middleware/TrimStrings.php(51): Illuminate\\Foundation\\Http\\Middleware\\TransformsRequest->handle(Object(Illuminate\\Http\\Request), Object(Closure))
#33 /Users/aminshojaei/AndroidStudioProjects/Calcuapp/backend/vendor/laravel/framework/src/Illuminate/Pipeline/Pipeline.php(219): Illuminate\\Foundation\\Http\\Middleware\\TrimStrings->handle(Object(Illuminate\\Http\\Request), Object(Closure))
#34 /Users/aminshojaei/AndroidStudioProjects/Calcuapp/backend/vendor/laravel/framework/src/Illuminate/Http/Middleware/ValidatePostSize.php(27): Illuminate\\Pipeline\\Pipeline->{closure:{closure:Illuminate\\Pipeline\\Pipeline::carry():194}:195}(Object(Illuminate\\Http\\Request))
#35 /Users/aminshojaei/AndroidStudioProjects/Calcuapp/backend/vendor/laravel/framework/src/Illuminate/Pipeline/Pipeline.php(219): Illuminate\\Http\\Middleware\\ValidatePostSize->handle(Object(Illuminate\\Http\\Request), Object(Closure))
#36 /Users/aminshojaei/AndroidStudioProjects/Calcuapp/backend/vendor/laravel/framework/src/Illuminate/Foundation/Http/Middleware/PreventRequestsDuringMaintenance.php(109): Illuminate\\Pipeline\\Pipeline->{closure:{closure:Illuminate\\Pipeline\\Pipeline::carry():194}:195}(Object(Illuminate\\Http\\Request))
#37 /Users/aminshojaei/AndroidStudioProjects/Calcuapp/backend/vendor/laravel/framework/src/Illuminate/Pipeline/Pipeline.php(219): Illuminate\\Foundation\\Http\\Middleware\\PreventRequestsDuringMaintenance->handle(Object(Illuminate\\Http\\Request), Object(Closure))
#38 /Users/aminshojaei/AndroidStudioProjects/Calcuapp/backend/vendor/laravel/framework/src/Illuminate/Http/Middleware/HandleCors.php(74): Illuminate\\Pipeline\\Pipeline->{closure:{closure:Illuminate\\Pipeline\\Pipeline::carry():194}:195}(Object(Illuminate\\Http\\Request))
#39 /Users/aminshojaei/AndroidStudioProjects/Calcuapp/backend/vendor/laravel/framework/src/Illuminate/Pipeline/Pipeline.php(219): Illuminate\\Http\\Middleware\\HandleCors->handle(Object(Illuminate\\Http\\Request), Object(Closure))
#40 /Users/aminshojaei/AndroidStudioProjects/Calcuapp/backend/vendor/laravel/framework/src/Illuminate/Http/Middleware/TrustProxies.php(58): Illuminate\\Pipeline\\Pipeline->{closure:{closure:Illuminate\\Pipeline\\Pipeline::carry():194}:195}(Object(Illuminate\\Http\\Request))
#41 /Users/aminshojaei/AndroidStudioProjects/Calcuapp/backend/vendor/laravel/framework/src/Illuminate/Pipeline/Pipeline.php(219): Illuminate\\Http\\Middleware\\TrustProxies->handle(Object(Illuminate\\Http\\Request), Object(Closure))
#42 /Users/aminshojaei/AndroidStudioProjects/Calcuapp/backend/vendor/laravel/framework/src/Illuminate/Foundation/Http/Middleware/InvokeDeferredCallbacks.php(22): Illuminate\\Pipeline\\Pipeline->{closure:{closure:Illuminate\\Pipeline\\Pipeline::carry():194}:195}(Object(Illuminate\\Http\\Request))
#43 /Users/aminshojaei/AndroidStudioProjects/Calcuapp/backend/vendor/laravel/framework/src/Illuminate/Pipeline/Pipeline.php(219): Illuminate\\Foundation\\Http\\Middleware\\InvokeDeferredCallbacks->handle(Object(Illuminate\\Http\\Request), Object(Closure))
#44 /Users/aminshojaei/AndroidStudioProjects/Calcuapp/backend/vendor/laravel/framework/src/Illuminate/Http/Middleware/ValidatePathEncoding.php(26): Illuminate\\Pipeline\\Pipeline->{closure:{closure:Illuminate\\Pipeline\\Pipeline::carry():194}:195}(Object(Illuminate\\Http\\Request))
#45 /Users/aminshojaei/AndroidStudioProjects/Calcuapp/backend/vendor/laravel/framework/src/Illuminate/Pipeline/Pipeline.php(219): Illuminate\\Http\\Middleware\\ValidatePathEncoding->handle(Object(Illuminate\\Http\\Request), Object(Closure))
#46 /Users/aminshojaei/AndroidStudioProjects/Calcuapp/backend/vendor/laravel/framework/src/Illuminate/Pipeline/Pipeline.php(137): Illuminate\\Pipeline\\Pipeline->{closure:{closure:Illuminate\\Pipeline\\Pipeline::carry():194}:195}(Object(Illuminate\\Http\\Request))
#47 /Users/aminshojaei/AndroidStudioProjects/Calcuapp/backend/vendor/laravel/framework/src/Illuminate/Foundation/Http/Kernel.php(175): Illuminate\\Pipeline\\Pipeline->then(Object(Closure))
#48 /Users/aminshojaei/AndroidStudioProjects/Calcuapp/backend/vendor/laravel/framework/src/Illuminate/Foundation/Http/Kernel.php(144): Illuminate\\Foundation\\Http\\Kernel->sendRequestThroughRouter(Object(Illuminate\\Http\\Request))
#49 /Users/aminshojaei/AndroidStudioProjects/Calcuapp/backend/vendor/laravel/framework/src/Illuminate/Foundation/Testing/Concerns/MakesHttpRequests.php(607): Illuminate\\Foundation\\Http\\Kernel->handle(Object(Illuminate\\Http\\Request))
#50 /Users/aminshojaei/AndroidStudioProjects/Calcuapp/backend/vendor/laravel/framework/src/Illuminate/Foundation/Testing/Concerns/MakesHttpRequests.php(573): Illuminate\\Foundation\\Testing\\TestCase->call('POST', '/api/v1/auth/ch...', Array, Array, Array, Array, '{\"current_passw...')
#51 /Users/aminshojaei/AndroidStudioProjects/Calcuapp/backend/vendor/laravel/framework/src/Illuminate/Foundation/Testing/Concerns/MakesHttpRequests.php(411): Illuminate\\Foundation\\Testing\\TestCase->json('POST', '/api/v1/auth/ch...', Array, Array, 0)
#52 /Users/aminshojaei/AndroidStudioProjects/Calcuapp/backend/tests/Feature/PasswordRecoveryTest.php(242): Illuminate\\Foundation\\Testing\\TestCase->postJson('/api/v1/auth/ch...', Array)
#53 /Users/aminshojaei/AndroidStudioProjects/Calcuapp/backend/vendor/phpunit/phpunit/src/Framework/TestCase.php(1667): Tests\\Feature\\PasswordRecoveryTest->test_change_password_identifies_the_caller_from_the_token_only()
#54 /Users/aminshojaei/AndroidStudioProjects/Calcuapp/backend/vendor/phpunit/phpunit/src/Framework/TestCase.php(519): PHPUnit\\Framework\\TestCase->runTest()
#55 /Users/aminshojaei/AndroidStudioProjects/Calcuapp/backend/vendor/phpunit/phpunit/src/Framework/TestRunner/TestRunner.php(87): PHPUnit\\Framework\\TestCase->runBare()
#56 /Users/aminshojaei/AndroidStudioProjects/Calcuapp/backend/vendor/phpunit/phpunit/src/Framework/TestCase.php(365): PHPUnit\\Framework\\TestRunner->run(Object(Tests\\Feature\\PasswordRecoveryTest))
#57 /Users/aminshojaei/AndroidStudioProjects/Calcuapp/backend/vendor/phpunit/phpunit/src/Framework/TestSuite.php(369): PHPUnit\\Framework\\TestCase->run()
#58 /Users/aminshojaei/AndroidStudioProjects/Calcuapp/backend/vendor/phpunit/phpunit/src/Framework/TestSuite.php(369): PHPUnit\\Framework\\TestSuite->run()
#59 /Users/aminshojaei/AndroidStudioProjects/Calcuapp/backend/vendor/phpunit/phpunit/src/Framework/TestSuite.php(369): PHPUnit\\Framework\\TestSuite->run()
#60 /Users/aminshojaei/AndroidStudioProjects/Calcuapp/backend/vendor/phpunit/phpunit/src/TextUI/TestRunner.php(64): PHPUnit\\Framework\\TestSuite->run()
#61 /Users/aminshojaei/AndroidStudioProjects/Calcuapp/backend/vendor/phpunit/phpunit/src/TextUI/Application.php(211): PHPUnit\\TextUI\\TestRunner->run(Object(PHPUnit\\TextUI\\Configuration\\Configuration), Object(PHPUnit\\Runner\\ResultCache\\DefaultResultCache), Object(PHPUnit\\Framework\\TestSuite))
#62 /Users/aminshojaei/AndroidStudioProjects/Calcuapp/backend/vendor/phpunit/phpunit/phpunit(104): PHPUnit\\TextUI\\Application->run(Array)
#63 /Users/aminshojaei/AndroidStudioProjects/Calcuapp/backend/vendor/bin/phpunit(122): include('/Users/aminshoj...')
#64 {main}
"} 
[2026-10-02 13:36:28] testing.ERROR: Using $this when not in object context {"exception":"[object] (Error(code: 0): Using $this when not in object context at /Users/aminshojaei/AndroidStudioProjects/Calcuapp/backend/app/Support/PasswordPolicy.php:84)
[stacktrace]
#0 /Users/aminshojaei/AndroidStudioProjects/Calcuapp/backend/app/Support/PasswordPolicy.php(55): App\\Support\\PasswordPolicy::isCommon('Brand-New-Pass-...')
#1 /Users/aminshojaei/AndroidStudioProjects/Calcuapp/backend/app/Http/Controllers/Api/AuthController.php(199): App\\Support\\PasswordPolicy::validate('Brand-New-Pass-...')
#2 /Users/aminshojaei/AndroidStudioProjects/Calcuapp/backend/vendor/laravel/framework/src/Illuminate/Routing/ControllerDispatcher.php(46): App\\Http\\Controllers\\Api\\AuthController->resetPassword(Object(Illuminate\\Http\\Request))
#3 /Users/aminshojaei/AndroidStudioProjects/Calcuapp/backend/vendor/laravel/framework/src/Illuminate/Routing/Route.php(265): Illuminate\\Routing\\ControllerDispatcher->dispatch(Object(Illuminate\\Routing\\Route), Object(App\\Http\\Controllers\\Api\\AuthController), 'resetPassword')
#4 /Users/aminshojaei/AndroidStudioProjects/Calcuapp/backend/vendor/laravel/framework/src/Illuminate/Routing/Route.php(211): Illuminate\\Routing\\Route->runController()
#5 /Users/aminshojaei/AndroidStudioProjects/Calcuapp/backend/vendor/laravel/framework/src/Illuminate/Routing/Router.php(822): Illuminate\\Routing\\Route->run()
#6 /Users/aminshojaei/AndroidStudioProjects/Calcuapp/backend/vendor/laravel/framework/src/Illuminate/Pipeline/Pipeline.php(180): Illuminate\\Routing\\Router->{closure:Illuminate\\Routing\\Router::runRouteWithinStack():821}(Object(Illuminate\\Http\\Request))
#7 /Users/aminshojaei/AndroidStudioProjects/Calcuapp/backend/app/Http/Middleware/IdempotencyMiddleware.php(18): Illuminate\\Pipeline\\Pipeline->{closure:Illuminate\\Pipeline\\Pipeline::prepareDestination():178}(Object(Illuminate\\Http\\Request))
#8 /Users/aminshojaei/AndroidStudioProjects/Calcuapp/backend/vendor/laravel/framework/src/Illuminate/Pipeline/Pipeline.php(219): App\\Http\\Middleware\\IdempotencyMiddleware->handle(Object(Illuminate\\Http\\Request), Object(Closure))
#9 /Users/aminshojaei/AndroidStudioProjects/Calcuapp/backend/vendor/laravel/framework/src/Illuminate/Routing/Middleware/SubstituteBindings.php(50): Illuminate\\Pipeline\\Pipeline->{closure:{closure:Illuminate\\Pipeline\\Pipeline::carry():194}:195}(Object(Illuminate\\Http\\Request))
#10 /Users/aminshojaei/AndroidStudioProjects/Calcuapp/backend/vendor/laravel/framework/src/Illuminate/Pipeline/Pipeline.php(219): Illuminate\\Routing\\Middleware\\SubstituteBindings->handle(Object(Illuminate\\Http\\Request), Object(Closure))
#11 /Users/aminshojaei/AndroidStudioProjects/Calcuapp/backend/vendor/laravel/framework/src/Illuminate/Routing/Middleware/ThrottleRequests.php(166): Illuminate\\Pipeline\\Pipeline->{closure:{closure:Illuminate\\Pipeline\\Pipeline::carry():194}:195}(Object(Illuminate\\Http\\Request))
#12 /Users/aminshojaei/AndroidStudioProjects/Calcuapp/backend/vendor/laravel/framework/src/Illuminate/Routing/Middleware/ThrottleRequests.php(129): Illuminate\\Routing\\Middleware\\ThrottleRequests->handleRequest(Object(Illuminate\\Http\\Request), Object(Closure), Array)
#13 /Users/aminshojaei/AndroidStudioProjects/Calcuapp/backend/vendor/laravel/framework/src/Illuminate/Routing/Middleware/ThrottleRequests.php(90): Illuminate\\Routing\\Middleware\\ThrottleRequests->handleRequestUsingNamedLimiter(Object(Illuminate\\Http\\Request), Object(Closure), 'password-reset', Object(Closure))
#14 /Users/aminshojaei/AndroidStudioProjects/Calcuapp/backend/vendor/laravel/framework/src/Illuminate/Pipeline/Pipeline.php(219): Illuminate\\Routing\\Middleware\\ThrottleRequests->handle(Object(Illuminate\\Http\\Request), Object(Closure), 'password-reset')
#15 /Users/aminshojaei/AndroidStudioProjects/Calcuapp/backend/vendor/laravel/framework/src/Illuminate/Pipeline/Pipeline.php(137): Illuminate\\Pipeline\\Pipeline->{closure:{closure:Illuminate\\Pipeline\\Pipeline::carry():194}:195}(Object(Illuminate\\Http\\Request))
#16 /Users/aminshojaei/AndroidStudioProjects/Calcuapp/backend/vendor/laravel/framework/src/Illuminate/Routing/Router.php(821): Illuminate\\Pipeline\\Pipeline->then(Object(Closure))
#17 /Users/aminshojaei/AndroidStudioProjects/Calcuapp/backend/vendor/laravel/framework/src/Illuminate/Routing/Router.php(800): Illuminate\\Routing\\Router->runRouteWithinStack(Object(Illuminate\\Routing\\Route), Object(Illuminate\\Http\\Request))
#18 /Users/aminshojaei/AndroidStudioProjects/Calcuapp/backend/vendor/laravel/framework/src/Illuminate/Routing/Router.php(764): Illuminate\\Routing\\Router->runRoute(Object(Illuminate\\Http\\Request), Object(Illuminate\\Routing\\Route))
#19 /Users/aminshojaei/AndroidStudioProjects/Calcuapp/backend/vendor/laravel/framework/src/Illuminate/Routing/Router.php(753): Illuminate\\Routing\\Router->dispatchToRoute(Object(Illuminate\\Http\\Request))
#20 /Users/aminshojaei/AndroidStudioProjects/Calcuapp/backend/vendor/laravel/framework/src/Illuminate/Foundation/Http/Kernel.php(200): Illuminate\\Routing\\Router->dispatch(Object(Illuminate\\Http\\Request))
#21 /Users/aminshojaei/AndroidStudioProjects/Calcuapp/backend/vendor/laravel/framework/src/Illuminate/Pipeline/Pipeline.php(180): Illuminate\\Foundation\\Http\\Kernel->{closure:Illuminate\\Foundation\\Http\\Kernel::dispatchToRouter():197}(Object(Illuminate\\Http\\Request))
#22 /Users/aminshojaei/AndroidStudioProjects/Calcuapp/backend/vendor/laravel/framework/src/Illuminate/Foundation/Http/Middleware/TransformsRequest.php(21): Illuminate\\Pipeline\\Pipeline->{closure:Illuminate\\Pipeline\\Pipeline::prepareDestination():178}(Object(Illuminate\\Http\\Request))
#23 /Users/aminshojaei/AndroidStudioProjects/Calcuapp/backend/vendor/laravel/framework/src/Illuminate/Foundation/Http/Middleware/ConvertEmptyStringsToNull.php(31): Illuminate\\Foundation\\Http\\Middleware\\TransformsRequest->handle(Object(Illuminate\\Http\\Request), Object(Closure))
#24 /Users/aminshojaei/AndroidStudioProjects/Calcuapp/backend/vendor/laravel/framework/src/Illuminate/Pipeline/Pipeline.php(219): Illuminate\\Foundation\\Http\\Middleware\\ConvertEmptyStringsToNull->handle(Object(Illuminate\\Http\\Request), Object(Closure))
#25 /Users/aminshojaei/AndroidStudioProjects/Calcuapp/backend/vendor/laravel/framework/src/Illuminate/Foundation/Http/Middleware/TransformsRequest.php(21): Illuminate\\Pipeline\\Pipeline->{closure:{closure:Illuminate\\Pipeline\\Pipeline::carry():194}:195}(Object(Illuminate\\Http\\Request))
#26 /Users/aminshojaei/AndroidStudioProjects/Calcuapp/backend/vendor/laravel/framework/src/Illuminate/Foundation/Http/Middleware/TrimStrings.php(51): Illuminate\\Foundation\\Http\\Middleware\\TransformsRequest->handle(Object(Illuminate\\Http\\Request), Object(Closure))
#27 /Users/aminshojaei/AndroidStudioProjects/Calcuapp/backend/vendor/laravel/framework/src/Illuminate/Pipeline/Pipeline.php(219): Illuminate\\Foundation\\Http\\Middleware\\TrimStrings->handle(Object(Illuminate\\Http\\Request), Object(Closure))
#28 /Users/aminshojaei/AndroidStudioProjects/Calcuapp/backend/vendor/laravel/framework/src/Illuminate/Http/Middleware/ValidatePostSize.php(27): Illuminate\\Pipeline\\Pipeline->{closure:{closure:Illuminate\\Pipeline\\Pipeline::carry():194}:195}(Object(Illuminate\\Http\\Request))
#29 /Users/aminshojaei/AndroidStudioProjects/Calcuapp/backend/vendor/laravel/framework/src/Illuminate/Pipeline/Pipeline.php(219): Illuminate\\Http\\Middleware\\ValidatePostSize->handle(Object(Illuminate\\Http\\Request), Object(Closure))
#30 /Users/aminshojaei/AndroidStudioProjects/Calcuapp/backend/vendor/laravel/framework/src/Illuminate/Foundation/Http/Middleware/PreventRequestsDuringMaintenance.php(109): Illuminate\\Pipeline\\Pipeline->{closure:{closure:Illuminate\\Pipeline\\Pipeline::carry():194}:195}(Object(Illuminate\\Http\\Request))
#31 /Users/aminshojaei/AndroidStudioProjects/Calcuapp/backend/vendor/laravel/framework/src/Illuminate/Pipeline/Pipeline.php(219): Illuminate\\Foundation\\Http\\Middleware\\PreventRequestsDuringMaintenance->handle(Object(Illuminate\\Http\\Request), Object(Closure))
#32 /Users/aminshojaei/AndroidStudioProjects/Calcuapp/backend/vendor/laravel/framework/src/Illuminate/Http/Middleware/HandleCors.php(74): Illuminate\\Pipeline\\Pipeline->{closure:{closure:Illuminate\\Pipeline\\Pipeline::carry():194}:195}(Object(Illuminate\\Http\\Request))
#33 /Users/aminshojaei/AndroidStudioProjects/Calcuapp/backend/vendor/laravel/framework/src/Illuminate/Pipeline/Pipeline.php(219): Illuminate\\Http\\Middleware\\HandleCors->handle(Object(Illuminate\\Http\\Request), Object(Closure))
#34 /Users/aminshojaei/AndroidStudioProjects/Calcuapp/backend/vendor/laravel/framework/src/Illuminate/Http/Middleware/TrustProxies.php(58): Illuminate\\Pipeline\\Pipeline->{closure:{closure:Illuminate\\Pipeline\\Pipeline::carry():194}:195}(Object(Illuminate\\Http\\Request))
#35 /Users/aminshojaei/AndroidStudioProjects/Calcuapp/backend/vendor/laravel/framework/src/Illuminate/Pipeline/Pipeline.php(219): Illuminate\\Http\\Middleware\\TrustProxies->handle(Object(Illuminate\\Http\\Request), Object(Closure))
#36 /Users/aminshojaei/AndroidStudioProjects/Calcuapp/backend/vendor/laravel/framework/src/Illuminate/Foundation/Http/Middleware/InvokeDeferredCallbacks.php(22): Illuminate\\Pipeline\\Pipeline->{closure:{closure:Illuminate\\Pipeline\\Pipeline::carry():194}:195}(Object(Illuminate\\Http\\Request))
#37 /Users/aminshojaei/AndroidStudioProjects/Calcuapp/backend/vendor/laravel/framework/src/Illuminate/Pipeline/Pipeline.php(219): Illuminate\\Foundation\\Http\\Middleware\\InvokeDeferredCallbacks->handle(Object(Illuminate\\Http\\Request), Object(Closure))
#38 /Users/aminshojaei/AndroidStudioProjects/Calcuapp/backend/vendor/laravel/framework/src/Illuminate/Http/Middleware/ValidatePathEncoding.php(26): Illuminate\\Pipeline\\Pipeline->{closure:{closure:Illuminate\\Pipeline\\Pipeline::carry():194}:195}(Object(Illuminate\\Http\\Request))
#39 /Users/aminshojaei/AndroidStudioProjects/Calcuapp/backend/vendor/laravel/framework/src/Illuminate/Pipeline/Pipeline.php(219): Illuminate\\Http\\Middleware\\ValidatePathEncoding->handle(Object(Illuminate\\Http\\Request), Object(Closure))
#40 /Users/aminshojaei/AndroidStudioProjects/Calcuapp/backend/vendor/laravel/framework/src/Illuminate/Pipeline/Pipeline.php(137): Illuminate\\Pipeline\\Pipeline->{closure:{closure:Illuminate\\Pipeline\\Pipeline::carry():194}:195}(Object(Illuminate\\Http\\Request))
#41 /Users/aminshojaei/AndroidStudioProjects/Calcuapp/backend/vendor/laravel/framework/src/Illuminate/Foundation/Http/Kernel.php(175): Illuminate\\Pipeline\\Pipeline->then(Object(Closure))
#42 /Users/aminshojaei/AndroidStudioProjects/Calcuapp/backend/vendor/laravel/framework/src/Illuminate/Foundation/Http/Kernel.php(144): Illuminate\\Foundation\\Http\\Kernel->sendRequestThroughRouter(Object(Illuminate\\Http\\Request))
#43 /Users/aminshojaei/AndroidStudioProjects/Calcuapp/backend/vendor/laravel/framework/src/Illuminate/Foundation/Testing/Concerns/MakesHttpRequests.php(607): Illuminate\\Foundation\\Http\\Kernel->handle(Object(Illuminate\\Http\\Request))
#44 /Users/aminshojaei/AndroidStudioProjects/Calcuapp/backend/vendor/laravel/framework/src/Illuminate/Foundation/Testing/Concerns/MakesHttpRequests.php(573): Illuminate\\Foundation\\Testing\\TestCase->call('POST', '/api/v1/auth/re...', Array, Array, Array, Array, '{\"email\":\"marya...')
#45 /Users/aminshojaei/AndroidStudioProjects/Calcuapp/backend/vendor/laravel/framework/src/Illuminate/Foundation/Testing/Concerns/MakesHttpRequests.php(411): Illuminate\\Foundation\\Testing\\TestCase->json('POST', '/api/v1/auth/re...', Array, Array, 0)
#46 /Users/aminshojaei/AndroidStudioProjects/Calcuapp/backend/tests/Feature/PasswordRecoveryTest.php(124): Illuminate\\Foundation\\Testing\\TestCase->postJson('/api/v1/auth/re...', Array)
#47 /Users/aminshojaei/AndroidStudioProjects/Calcuapp/backend/vendor/phpunit/phpunit/src/Framework/TestCase.php(1667): Tests\\Feature\\PasswordRecoveryTest->test_reset_password_sets_a_new_password_and_is_single_use()
#48 /Users/aminshojaei/AndroidStudioProjects/Calcuapp/backend/vendor/phpunit/phpunit/src/Framework/TestCase.php(519): PHPUnit\\Framework\\TestCase->runTest()
#49 /Users/aminshojaei/AndroidStudioProjects/Calcuapp/backend/vendor/phpunit/phpunit/src/Framework/TestRunner/TestRunner.php(87): PHPUnit\\Framework\\TestCase->runBare()
#50 /Users/aminshojaei/AndroidStudioProjects/Calcuapp/backend/vendor/phpunit/phpunit/src/Framework/TestCase.php(365): PHPUnit\\Framework\\TestRunner->run(Object(Tests\\Feature\\PasswordRecoveryTest))
#51 /Users/aminshojaei/AndroidStudioProjects/Calcuapp/backend/vendor/phpunit/phpunit/src/Framework/TestSuite.php(369): PHPUnit\\Framework\\TestCase->run()
#52 /Users/aminshojaei/AndroidStudioProjects/Calcuapp/backend/vendor/phpunit/phpunit/src/Framework/TestSuite.php(369): PHPUnit\\Framework\\TestSuite->run()
#53 /Users/aminshojaei/AndroidStudioProjects/Calcuapp/backend/vendor/phpunit/phpunit/src/Framework/TestSuite.php(369): PHPUnit\\Framework\\TestSuite->run()
#54 /Users/aminshojaei/AndroidStudioProjects/Calcuapp/backend/vendor/phpunit/phpunit/src/TextUI/TestRunner.php(64): PHPUnit\\Framework\\TestSuite->run()
#55 /Users/aminshojaei/AndroidStudioProjects/Calcuapp/backend/vendor/phpunit/phpunit/src/TextUI/Application.php(211): PHPUnit\\TextUI\\TestRunner->run(Object(PHPUnit\\TextUI\\Configuration\\Configuration), Object(PHPUnit\\Runner\\ResultCache\\DefaultResultCache), Object(PHPUnit\\Framework\\TestSuite))
#56 /Users/aminshojaei/AndroidStudioProjects/Calcuapp/backend/vendor/phpunit/phpunit/phpunit(104): PHPUnit\\TextUI\\Application->run(Array)
#57 /Users/aminshojaei/AndroidStudioProjects/Calcuapp/backend/vendor/bin/phpunit(122): include('/Users/aminshoj...')
#58 {main}
"} 
[2026-10-02 13:36:28] testing.ERROR: Using $this when not in object context {"exception":"[object] (Error(code: 0): Using $this when not in object context at /Users/aminshojaei/AndroidStudioProjects/Calcuapp/backend/app/Support/PasswordPolicy.php:84)
[stacktrace]
#0 /Users/aminshojaei/AndroidStudioProjects/Calcuapp/backend/app/Support/PasswordPolicy.php(55): App\\Support\\PasswordPolicy::isCommon('Too-Late-Pass-1')
#1 /Users/aminshojaei/AndroidStudioProjects/Calcuapp/backend/app/Http/Controllers/Api/AuthController.php(199): App\\Support\\PasswordPolicy::validate('Too-Late-Pass-1')
#2 /Users/aminshojaei/AndroidStudioProjects/Calcuapp/backend/vendor/laravel/framework/src/Illuminate/Routing/ControllerDispatcher.php(46): App\\Http\\Controllers\\Api\\AuthController->resetPassword(Object(Illuminate\\Http\\Request))
#3 /Users/aminshojaei/AndroidStudioProjects/Calcuapp/backend/vendor/laravel/framework/src/Illuminate/Routing/Route.php(265): Illuminate\\Routing\\ControllerDispatcher->dispatch(Object(Illuminate\\Routing\\Route), Object(App\\Http\\Controllers\\Api\\AuthController), 'resetPassword')
#4 /Users/aminshojaei/AndroidStudioProjects/Calcuapp/backend/vendor/laravel/framework/src/Illuminate/Routing/Route.php(211): Illuminate\\Routing\\Route->runController()
#5 /Users/aminshojaei/AndroidStudioProjects/Calcuapp/backend/vendor/laravel/framework/src/Illuminate/Routing/Router.php(822): Illuminate\\Routing\\Route->run()
#6 /Users/aminshojaei/AndroidStudioProjects/Calcuapp/backend/vendor/laravel/framework/src/Illuminate/Pipeline/Pipeline.php(180): Illuminate\\Routing\\Router->{closure:Illuminate\\Routing\\Router::runRouteWithinStack():821}(Object(Illuminate\\Http\\Request))
#7 /Users/aminshojaei/AndroidStudioProjects/Calcuapp/backend/app/Http/Middleware/IdempotencyMiddleware.php(18): Illuminate\\Pipeline\\Pipeline->{closure:Illuminate\\Pipeline\\Pipeline::prepareDestination():178}(Object(Illuminate\\Http\\Request))
#8 /Users/aminshojaei/AndroidStudioProjects/Calcuapp/backend/vendor/laravel/framework/src/Illuminate/Pipeline/Pipeline.php(219): App\\Http\\Middleware\\IdempotencyMiddleware->handle(Object(Illuminate\\Http\\Request), Object(Closure))
#9 /Users/aminshojaei/AndroidStudioProjects/Calcuapp/backend/vendor/laravel/framework/src/Illuminate/Routing/Middleware/SubstituteBindings.php(50): Illuminate\\Pipeline\\Pipeline->{closure:{closure:Illuminate\\Pipeline\\Pipeline::carry():194}:195}(Object(Illuminate\\Http\\Request))
#10 /Users/aminshojaei/AndroidStudioProjects/Calcuapp/backend/vendor/laravel/framework/src/Illuminate/Pipeline/Pipeline.php(219): Illuminate\\Routing\\Middleware\\SubstituteBindings->handle(Object(Illuminate\\Http\\Request), Object(Closure))
#11 /Users/aminshojaei/AndroidStudioProjects/Calcuapp/backend/vendor/laravel/framework/src/Illuminate/Routing/Middleware/ThrottleRequests.php(166): Illuminate\\Pipeline\\Pipeline->{closure:{closure:Illuminate\\Pipeline\\Pipeline::carry():194}:195}(Object(Illuminate\\Http\\Request))
#12 /Users/aminshojaei/AndroidStudioProjects/Calcuapp/backend/vendor/laravel/framework/src/Illuminate/Routing/Middleware/ThrottleRequests.php(129): Illuminate\\Routing\\Middleware\\ThrottleRequests->handleRequest(Object(Illuminate\\Http\\Request), Object(Closure), Array)
#13 /Users/aminshojaei/AndroidStudioProjects/Calcuapp/backend/vendor/laravel/framework/src/Illuminate/Routing/Middleware/ThrottleRequests.php(90): Illuminate\\Routing\\Middleware\\ThrottleRequests->handleRequestUsingNamedLimiter(Object(Illuminate\\Http\\Request), Object(Closure), 'password-reset', Object(Closure))
#14 /Users/aminshojaei/AndroidStudioProjects/Calcuapp/backend/vendor/laravel/framework/src/Illuminate/Pipeline/Pipeline.php(219): Illuminate\\Routing\\Middleware\\ThrottleRequests->handle(Object(Illuminate\\Http\\Request), Object(Closure), 'password-reset')
#15 /Users/aminshojaei/AndroidStudioProjects/Calcuapp/backend/vendor/laravel/framework/src/Illuminate/Pipeline/Pipeline.php(137): Illuminate\\Pipeline\\Pipeline->{closure:{closure:Illuminate\\Pipeline\\Pipeline::carry():194}:195}(Object(Illuminate\\Http\\Request))
#16 /Users/aminshojaei/AndroidStudioProjects/Calcuapp/backend/vendor/laravel/framework/src/Illuminate/Routing/Router.php(821): Illuminate\\Pipeline\\Pipeline->then(Object(Closure))
#17 /Users/aminshojaei/AndroidStudioProjects/Calcuapp/backend/vendor/laravel/framework/src/Illuminate/Routing/Router.php(800): Illuminate\\Routing\\Router->runRouteWithinStack(Object(Illuminate\\Routing\\Route), Object(Illuminate\\Http\\Request))
#18 /Users/aminshojaei/AndroidStudioProjects/Calcuapp/backend/vendor/laravel/framework/src/Illuminate/Routing/Router.php(764): Illuminate\\Routing\\Router->runRoute(Object(Illuminate\\Http\\Request), Object(Illuminate\\Routing\\Route))
#19 /Users/aminshojaei/AndroidStudioProjects/Calcuapp/backend/vendor/laravel/framework/src/Illuminate/Routing/Router.php(753): Illuminate\\Routing\\Router->dispatchToRoute(Object(Illuminate\\Http\\Request))
#20 /Users/aminshojaei/AndroidStudioProjects/Calcuapp/backend/vendor/laravel/framework/src/Illuminate/Foundation/Http/Kernel.php(200): Illuminate\\Routing\\Router->dispatch(Object(Illuminate\\Http\\Request))
#21 /Users/aminshojaei/AndroidStudioProjects/Calcuapp/backend/vendor/laravel/framework/src/Illuminate/Pipeline/Pipeline.php(180): Illuminate\\Foundation\\Http\\Kernel->{closure:Illuminate\\Foundation\\Http\\Kernel::dispatchToRouter():197}(Object(Illuminate\\Http\\Request))
#22 /Users/aminshojaei/AndroidStudioProjects/Calcuapp/backend/vendor/laravel/framework/src/Illuminate/Foundation/Http/Middleware/TransformsRequest.php(21): Illuminate\\Pipeline\\Pipeline->{closure:Illuminate\\Pipeline\\Pipeline::prepareDestination():178}(Object(Illuminate\\Http\\Request))
#23 /Users/aminshojaei/AndroidStudioProjects/Calcuapp/backend/vendor/laravel/framework/src/Illuminate/Foundation/Http/Middleware/ConvertEmptyStringsToNull.php(31): Illuminate\\Foundation\\Http\\Middleware\\TransformsRequest->handle(Object(Illuminate\\Http\\Request), Object(Closure))
#24 /Users/aminshojaei/AndroidStudioProjects/Calcuapp/backend/vendor/laravel/framework/src/Illuminate/Pipeline/Pipeline.php(219): Illuminate\\Foundation\\Http\\Middleware\\ConvertEmptyStringsToNull->handle(Object(Illuminate\\Http\\Request), Object(Closure))
#25 /Users/aminshojaei/AndroidStudioProjects/Calcuapp/backend/vendor/laravel/framework/src/Illuminate/Foundation/Http/Middleware/TransformsRequest.php(21): Illuminate\\Pipeline\\Pipeline->{closure:{closure:Illuminate\\Pipeline\\Pipeline::carry():194}:195}(Object(Illuminate\\Http\\Request))
#26 /Users/aminshojaei/AndroidStudioProjects/Calcuapp/backend/vendor/laravel/framework/src/Illuminate/Foundation/Http/Middleware/TrimStrings.php(51): Illuminate\\Foundation\\Http\\Middleware\\TransformsRequest->handle(Object(Illuminate\\Http\\Request), Object(Closure))
#27 /Users/aminshojaei/AndroidStudioProjects/Calcuapp/backend/vendor/laravel/framework/src/Illuminate/Pipeline/Pipeline.php(219): Illuminate\\Foundation\\Http\\Middleware\\TrimStrings->handle(Object(Illuminate\\Http\\Request), Object(Closure))
#28 /Users/aminshojaei/AndroidStudioProjects/Calcuapp/backend/vendor/laravel/framework/src/Illuminate/Http/Middleware/ValidatePostSize.php(27): Illuminate\\Pipeline\\Pipeline->{closure:{closure:Illuminate\\Pipeline\\Pipeline::carry():194}:195}(Object(Illuminate\\Http\\Request))
#29 /Users/aminshojaei/AndroidStudioProjects/Calcuapp/backend/vendor/laravel/framework/src/Illuminate/Pipeline/Pipeline.php(219): Illuminate\\Http\\Middleware\\ValidatePostSize->handle(Object(Illuminate\\Http\\Request), Object(Closure))
#30 /Users/aminshojaei/AndroidStudioProjects/Calcuapp/backend/vendor/laravel/framework/src/Illuminate/Foundation/Http/Middleware/PreventRequestsDuringMaintenance.php(109): Illuminate\\Pipeline\\Pipeline->{closure:{closure:Illuminate\\Pipeline\\Pipeline::carry():194}:195}(Object(Illuminate\\Http\\Request))
#31 /Users/aminshojaei/AndroidStudioProjects/Calcuapp/backend/vendor/laravel/framework/src/Illuminate/Pipeline/Pipeline.php(219): Illuminate\\Foundation\\Http\\Middleware\\PreventRequestsDuringMaintenance->handle(Object(Illuminate\\Http\\Request), Object(Closure))
#32 /Users/aminshojaei/AndroidStudioProjects/Calcuapp/backend/vendor/laravel/framework/src/Illuminate/Http/Middleware/HandleCors.php(74): Illuminate\\Pipeline\\Pipeline->{closure:{closure:Illuminate\\Pipeline\\Pipeline::carry():194}:195}(Object(Illuminate\\Http\\Request))
#33 /Users/aminshojaei/AndroidStudioProjects/Calcuapp/backend/vendor/laravel/framework/src/Illuminate/Pipeline/Pipeline.php(219): Illuminate\\Http\\Middleware\\HandleCors->handle(Object(Illuminate\\Http\\Request), Object(Closure))
#34 /Users/aminshojaei/AndroidStudioProjects/Calcuapp/backend/vendor/laravel/framework/src/Illuminate/Http/Middleware/TrustProxies.php(58): Illuminate\\Pipeline\\Pipeline->{closure:{closure:Illuminate\\Pipeline\\Pipeline::carry():194}:195}(Object(Illuminate\\Http\\Request))
#35 /Users/aminshojaei/AndroidStudioProjects/Calcuapp/backend/vendor/laravel/framework/src/Illuminate/Pipeline/Pipeline.php(219): Illuminate\\Http\\Middleware\\TrustProxies->handle(Object(Illuminate\\Http\\Request), Object(Closure))
#36 /Users/aminshojaei/AndroidStudioProjects/Calcuapp/backend/vendor/laravel/framework/src/Illuminate/Foundation/Http/Middleware/InvokeDeferredCallbacks.php(22): Illuminate\\Pipeline\\Pipeline->{closure:{closure:Illuminate\\Pipeline\\Pipeline::carry():194}:195}(Object(Illuminate\\Http\\Request))
#37 /Users/aminshojaei/AndroidStudioProjects/Calcuapp/backend/vendor/laravel/framework/src/Illuminate/Pipeline/Pipeline.php(219): Illuminate\\Foundation\\Http\\Middleware\\InvokeDeferredCallbacks->handle(Object(Illuminate\\Http\\Request), Object(Closure))
#38 /Users/aminshojaei/AndroidStudioProjects/Calcuapp/backend/vendor/laravel/framework/src/Illuminate/Http/Middleware/ValidatePathEncoding.php(26): Illuminate\\Pipeline\\Pipeline->{closure:{closure:Illuminate\\Pipeline\\Pipeline::carry():194}:195}(Object(Illuminate\\Http\\Request))
#39 /Users/aminshojaei/AndroidStudioProjects/Calcuapp/backend/vendor/laravel/framework/src/Illuminate/Pipeline/Pipeline.php(219): Illuminate\\Http\\Middleware\\ValidatePathEncoding->handle(Object(Illuminate\\Http\\Request), Object(Closure))
#40 /Users/aminshojaei/AndroidStudioProjects/Calcuapp/backend/vendor/laravel/framework/src/Illuminate/Pipeline/Pipeline.php(137): Illuminate\\Pipeline\\Pipeline->{closure:{closure:Illuminate\\Pipeline\\Pipeline::carry():194}:195}(Object(Illuminate\\Http\\Request))
#41 /Users/aminshojaei/AndroidStudioProjects/Calcuapp/backend/vendor/laravel/framework/src/Illuminate/Foundation/Http/Kernel.php(175): Illuminate\\Pipeline\\Pipeline->then(Object(Closure))
#42 /Users/aminshojaei/AndroidStudioProjects/Calcuapp/backend/vendor/laravel/framework/src/Illuminate/Foundation/Http/Kernel.php(144): Illuminate\\Foundation\\Http\\Kernel->sendRequestThroughRouter(Object(Illuminate\\Http\\Request))
#43 /Users/aminshojaei/AndroidStudioProjects/Calcuapp/backend/vendor/laravel/framework/src/Illuminate/Foundation/Testing/Concerns/MakesHttpRequests.php(607): Illuminate\\Foundation\\Http\\Kernel->handle(Object(Illuminate\\Http\\Request))
#44 /Users/aminshojaei/AndroidStudioProjects/Calcuapp/backend/vendor/laravel/framework/src/Illuminate/Foundation/Testing/Concerns/MakesHttpRequests.php(573): Illuminate\\Foundation\\Testing\\TestCase->call('POST', '/api/v1/auth/re...', Array, Array, Array, Array, '{\"email\":\"marya...')
#45 /Users/aminshojaei/AndroidStudioProjects/Calcuapp/backend/vendor/laravel/framework/src/Illuminate/Foundation/Testing/Concerns/MakesHttpRequests.php(411): Illuminate\\Foundation\\Testing\\TestCase->json('POST', '/api/v1/auth/re...', Array, Array, 0)
#46 /Users/aminshojaei/AndroidStudioProjects/Calcuapp/backend/tests/Feature/PasswordRecoveryTest.php(150): Illuminate\\Foundation\\Testing\\TestCase->postJson('/api/v1/auth/re...', Array)
#47 /Users/aminshojaei/AndroidStudioProjects/Calcuapp/backend/vendor/phpunit/phpunit/src/Framework/TestCase.php(1667): Tests\\Feature\\PasswordRecoveryTest->test_expired_reset_token_is_rejected()
#48 /Users/aminshojaei/AndroidStudioProjects/Calcuapp/backend/vendor/phpunit/phpunit/src/Framework/TestCase.php(519): PHPUnit\\Framework\\TestCase->runTest()
#49 /Users/aminshojaei/AndroidStudioProjects/Calcuapp/backend/vendor/phpunit/phpunit/src/Framework/TestRunner/TestRunner.php(87): PHPUnit\\Framework\\TestCase->runBare()
#50 /Users/aminshojaei/AndroidStudioProjects/Calcuapp/backend/vendor/phpunit/phpunit/src/Framework/TestCase.php(365): PHPUnit\\Framework\\TestRunner->run(Object(Tests\\Feature\\PasswordRecoveryTest))
#51 /Users/aminshojaei/AndroidStudioProjects/Calcuapp/backend/vendor/phpunit/phpunit/src/Framework/TestSuite.php(369): PHPUnit\\Framework\\TestCase->run()
#52 /Users/aminshojaei/AndroidStudioProjects/Calcuapp/backend/vendor/phpunit/phpunit/src/Framework/TestSuite.php(369): PHPUnit\\Framework\\TestSuite->run()
#53 /Users/aminshojaei/AndroidStudioProjects/Calcuapp/backend/vendor/phpunit/phpunit/src/Framework/TestSuite.php(369): PHPUnit\\Framework\\TestSuite->run()
#54 /Users/aminshojaei/AndroidStudioProjects/Calcuapp/backend/vendor/phpunit/phpunit/src/TextUI/TestRunner.php(64): PHPUnit\\Framework\\TestSuite->run()
#55 /Users/aminshojaei/AndroidStudioProjects/Calcuapp/backend/vendor/phpunit/phpunit/src/TextUI/Application.php(211): PHPUnit\\TextUI\\TestRunner->run(Object(PHPUnit\\TextUI\\Configuration\\Configuration), Object(PHPUnit\\Runner\\ResultCache\\DefaultResultCache), Object(PHPUnit\\Framework\\TestSuite))
#56 /Users/aminshojaei/AndroidStudioProjects/Calcuapp/backend/vendor/phpunit/phpunit/phpunit(104): PHPUnit\\TextUI\\Application->run(Array)
#57 /Users/aminshojaei/AndroidStudioProjects/Calcuapp/backend/vendor/bin/phpunit(122): include('/Users/aminshoj...')
#58 {main}
"} 
[2026-10-02 13:36:28] testing.ERROR: Using $this when not in object context {"exception":"[object] (Error(code: 0): Using $this when not in object context at /Users/aminshojaei/AndroidStudioProjects/Calcuapp/backend/app/Support/PasswordPolicy.php:84)
[stacktrace]
#0 /Users/aminshojaei/AndroidStudioProjects/Calcuapp/backend/app/Support/PasswordPolicy.php(55): App\\Support\\PasswordPolicy::isCommon('Brand-New-Pass-...')
#1 /Users/aminshojaei/AndroidStudioProjects/Calcuapp/backend/app/Http/Controllers/Api/AuthController.php(199): App\\Support\\PasswordPolicy::validate('Brand-New-Pass-...')
#2 /Users/aminshojaei/AndroidStudioProjects/Calcuapp/backend/vendor/laravel/framework/src/Illuminate/Routing/ControllerDispatcher.php(46): App\\Http\\Controllers\\Api\\AuthController->resetPassword(Object(Illuminate\\Http\\Request))
#3 /Users/aminshojaei/AndroidStudioProjects/Calcuapp/backend/vendor/laravel/framework/src/Illuminate/Routing/Route.php(265): Illuminate\\Routing\\ControllerDispatcher->dispatch(Object(Illuminate\\Routing\\Route), Object(App\\Http\\Controllers\\Api\\AuthController), 'resetPassword')
#4 /Users/aminshojaei/AndroidStudioProjects/Calcuapp/backend/vendor/laravel/framework/src/Illuminate/Routing/Route.php(211): Illuminate\\Routing\\Route->runController()
#5 /Users/aminshojaei/AndroidStudioProjects/Calcuapp/backend/vendor/laravel/framework/src/Illuminate/Routing/Router.php(822): Illuminate\\Routing\\Route->run()
#6 /Users/aminshojaei/AndroidStudioProjects/Calcuapp/backend/vendor/laravel/framework/src/Illuminate/Pipeline/Pipeline.php(180): Illuminate\\Routing\\Router->{closure:Illuminate\\Routing\\Router::runRouteWithinStack():821}(Object(Illuminate\\Http\\Request))
#7 /Users/aminshojaei/AndroidStudioProjects/Calcuapp/backend/app/Http/Middleware/IdempotencyMiddleware.php(18): Illuminate\\Pipeline\\Pipeline->{closure:Illuminate\\Pipeline\\Pipeline::prepareDestination():178}(Object(Illuminate\\Http\\Request))
#8 /Users/aminshojaei/AndroidStudioProjects/Calcuapp/backend/vendor/laravel/framework/src/Illuminate/Pipeline/Pipeline.php(219): App\\Http\\Middleware\\IdempotencyMiddleware->handle(Object(Illuminate\\Http\\Request), Object(Closure))
#9 /Users/aminshojaei/AndroidStudioProjects/Calcuapp/backend/vendor/laravel/framework/src/Illuminate/Routing/Middleware/SubstituteBindings.php(50): Illuminate\\Pipeline\\Pipeline->{closure:{closure:Illuminate\\Pipeline\\Pipeline::carry():194}:195}(Object(Illuminate\\Http\\Request))
#10 /Users/aminshojaei/AndroidStudioProjects/Calcuapp/backend/vendor/laravel/framework/src/Illuminate/Pipeline/Pipeline.php(219): Illuminate\\Routing\\Middleware\\SubstituteBindings->handle(Object(Illuminate\\Http\\Request), Object(Closure))
#11 /Users/aminshojaei/AndroidStudioProjects/Calcuapp/backend/vendor/laravel/framework/src/Illuminate/Routing/Middleware/ThrottleRequests.php(166): Illuminate\\Pipeline\\Pipeline->{closure:{closure:Illuminate\\Pipeline\\Pipeline::carry():194}:195}(Object(Illuminate\\Http\\Request))
#12 /Users/aminshojaei/AndroidStudioProjects/Calcuapp/backend/vendor/laravel/framework/src/Illuminate/Routing/Middleware/ThrottleRequests.php(129): Illuminate\\Routing\\Middleware\\ThrottleRequests->handleRequest(Object(Illuminate\\Http\\Request), Object(Closure), Array)
#13 /Users/aminshojaei/AndroidStudioProjects/Calcuapp/backend/vendor/laravel/framework/src/Illuminate/Routing/Middleware/ThrottleRequests.php(90): Illuminate\\Routing\\Middleware\\ThrottleRequests->handleRequestUsingNamedLimiter(Object(Illuminate\\Http\\Request), Object(Closure), 'password-reset', Object(Closure))
#14 /Users/aminshojaei/AndroidStudioProjects/Calcuapp/backend/vendor/laravel/framework/src/Illuminate/Pipeline/Pipeline.php(219): Illuminate\\Routing\\Middleware\\ThrottleRequests->handle(Object(Illuminate\\Http\\Request), Object(Closure), 'password-reset')
#15 /Users/aminshojaei/AndroidStudioProjects/Calcuapp/backend/vendor/laravel/framework/src/Illuminate/Pipeline/Pipeline.php(137): Illuminate\\Pipeline\\Pipeline->{closure:{closure:Illuminate\\Pipeline\\Pipeline::carry():194}:195}(Object(Illuminate\\Http\\Request))
#16 /Users/aminshojaei/AndroidStudioProjects/Calcuapp/backend/vendor/laravel/framework/src/Illuminate/Routing/Router.php(821): Illuminate\\Pipeline\\Pipeline->then(Object(Closure))
#17 /Users/aminshojaei/AndroidStudioProjects/Calcuapp/backend/vendor/laravel/framework/src/Illuminate/Routing/Router.php(800): Illuminate\\Routing\\Router->runRouteWithinStack(Object(Illuminate\\Routing\\Route), Object(Illuminate\\Http\\Request))
#18 /Users/aminshojaei/AndroidStudioProjects/Calcuapp/backend/vendor/laravel/framework/src/Illuminate/Routing/Router.php(764): Illuminate\\Routing\\Router->runRoute(Object(Illuminate\\Http\\Request), Object(Illuminate\\Routing\\Route))
#19 /Users/aminshojaei/AndroidStudioProjects/Calcuapp/backend/vendor/laravel/framework/src/Illuminate/Routing/Router.php(753): Illuminate\\Routing\\Router->dispatchToRoute(Object(Illuminate\\Http\\Request))
#20 /Users/aminshojaei/AndroidStudioProjects/Calcuapp/backend/vendor/laravel/framework/src/Illuminate/Foundation/Http/Kernel.php(200): Illuminate\\Routing\\Router->dispatch(Object(Illuminate\\Http\\Request))
#21 /Users/aminshojaei/AndroidStudioProjects/Calcuapp/backend/vendor/laravel/framework/src/Illuminate/Pipeline/Pipeline.php(180): Illuminate\\Foundation\\Http\\Kernel->{closure:Illuminate\\Foundation\\Http\\Kernel::dispatchToRouter():197}(Object(Illuminate\\Http\\Request))
#22 /Users/aminshojaei/AndroidStudioProjects/Calcuapp/backend/vendor/laravel/framework/src/Illuminate/Foundation/Http/Middleware/TransformsRequest.php(21): Illuminate\\Pipeline\\Pipeline->{closure:Illuminate\\Pipeline\\Pipeline::prepareDestination():178}(Object(Illuminate\\Http\\Request))
#23 /Users/aminshojaei/AndroidStudioProjects/Calcuapp/backend/vendor/laravel/framework/src/Illuminate/Foundation/Http/Middleware/ConvertEmptyStringsToNull.php(31): Illuminate\\Foundation\\Http\\Middleware\\TransformsRequest->handle(Object(Illuminate\\Http\\Request), Object(Closure))
#24 /Users/aminshojaei/AndroidStudioProjects/Calcuapp/backend/vendor/laravel/framework/src/Illuminate/Pipeline/Pipeline.php(219): Illuminate\\Foundation\\Http\\Middleware\\ConvertEmptyStringsToNull->handle(Object(Illuminate\\Http\\Request), Object(Closure))
#25 /Users/aminshojaei/AndroidStudioProjects/Calcuapp/backend/vendor/laravel/framework/src/Illuminate/Foundation/Http/Middleware/TransformsRequest.php(21): Illuminate\\Pipeline\\Pipeline->{closure:{closure:Illuminate\\Pipeline\\Pipeline::carry():194}:195}(Object(Illuminate\\Http\\Request))
#26 /Users/aminshojaei/AndroidStudioProjects/Calcuapp/backend/vendor/laravel/framework/src/Illuminate/Foundation/Http/Middleware/TrimStrings.php(51): Illuminate\\Foundation\\Http\\Middleware\\TransformsRequest->handle(Object(Illuminate\\Http\\Request), Object(Closure))
#27 /Users/aminshojaei/AndroidStudioProjects/Calcuapp/backend/vendor/laravel/framework/src/Illuminate/Pipeline/Pipeline.php(219): Illuminate\\Foundation\\Http\\Middleware\\TrimStrings->handle(Object(Illuminate\\Http\\Request), Object(Closure))
#28 /Users/aminshojaei/AndroidStudioProjects/Calcuapp/backend/vendor/laravel/framework/src/Illuminate/Http/Middleware/ValidatePostSize.php(27): Illuminate\\Pipeline\\Pipeline->{closure:{closure:Illuminate\\Pipeline\\Pipeline::carry():194}:195}(Object(Illuminate\\Http\\Request))
#29 /Users/aminshojaei/AndroidStudioProjects/Calcuapp/backend/vendor/laravel/framework/src/Illuminate/Pipeline/Pipeline.php(219): Illuminate\\Http\\Middleware\\ValidatePostSize->handle(Object(Illuminate\\Http\\Request), Object(Closure))
#30 /Users/aminshojaei/AndroidStudioProjects/Calcuapp/backend/vendor/laravel/framework/src/Illuminate/Foundation/Http/Middleware/PreventRequestsDuringMaintenance.php(109): Illuminate\\Pipeline\\Pipeline->{closure:{closure:Illuminate\\Pipeline\\Pipeline::carry():194}:195}(Object(Illuminate\\Http\\Request))
#31 /Users/aminshojaei/AndroidStudioProjects/Calcuapp/backend/vendor/laravel/framework/src/Illuminate/Pipeline/Pipeline.php(219): Illuminate\\Foundation\\Http\\Middleware\\PreventRequestsDuringMaintenance->handle(Object(Illuminate\\Http\\Request), Object(Closure))
#32 /Users/aminshojaei/AndroidStudioProjects/Calcuapp/backend/vendor/laravel/framework/src/Illuminate/Http/Middleware/HandleCors.php(74): Illuminate\\Pipeline\\Pipeline->{closure:{closure:Illuminate\\Pipeline\\Pipeline::carry():194}:195}(Object(Illuminate\\Http\\Request))
#33 /Users/aminshojaei/AndroidStudioProjects/Calcuapp/backend/vendor/laravel/framework/src/Illuminate/Pipeline/Pipeline.php(219): Illuminate\\Http\\Middleware\\HandleCors->handle(Object(Illuminate\\Http\\Request), Object(Closure))
#34 /Users/aminshojaei/AndroidStudioProjects/Calcuapp/backend/vendor/laravel/framework/src/Illuminate/Http/Middleware/TrustProxies.php(58): Illuminate\\Pipeline\\Pipeline->{closure:{closure:Illuminate\\Pipeline\\Pipeline::carry():194}:195}(Object(Illuminate\\Http\\Request))
#35 /Users/aminshojaei/AndroidStudioProjects/Calcuapp/backend/vendor/laravel/framework/src/Illuminate/Pipeline/Pipeline.php(219): Illuminate\\Http\\Middleware\\TrustProxies->handle(Object(Illuminate\\Http\\Request), Object(Closure))
#36 /Users/aminshojaei/AndroidStudioProjects/Calcuapp/backend/vendor/laravel/framework/src/Illuminate/Foundation/Http/Middleware/InvokeDeferredCallbacks.php(22): Illuminate\\Pipeline\\Pipeline->{closure:{closure:Illuminate\\Pipeline\\Pipeline::carry():194}:195}(Object(Illuminate\\Http\\Request))
#37 /Users/aminshojaei/AndroidStudioProjects/Calcuapp/backend/vendor/laravel/framework/src/Illuminate/Pipeline/Pipeline.php(219): Illuminate\\Foundation\\Http\\Middleware\\InvokeDeferredCallbacks->handle(Object(Illuminate\\Http\\Request), Object(Closure))
#38 /Users/aminshojaei/AndroidStudioProjects/Calcuapp/backend/vendor/laravel/framework/src/Illuminate/Http/Middleware/ValidatePathEncoding.php(26): Illuminate\\Pipeline\\Pipeline->{closure:{closure:Illuminate\\Pipeline\\Pipeline::carry():194}:195}(Object(Illuminate\\Http\\Request))
#39 /Users/aminshojaei/AndroidStudioProjects/Calcuapp/backend/vendor/laravel/framework/src/Illuminate/Pipeline/Pipeline.php(219): Illuminate\\Http\\Middleware\\ValidatePathEncoding->handle(Object(Illuminate\\Http\\Request), Object(Closure))
#40 /Users/aminshojaei/AndroidStudioProjects/Calcuapp/backend/vendor/laravel/framework/src/Illuminate/Pipeline/Pipeline.php(137): Illuminate\\Pipeline\\Pipeline->{closure:{closure:Illuminate\\Pipeline\\Pipeline::carry():194}:195}(Object(Illuminate\\Http\\Request))
#41 /Users/aminshojaei/AndroidStudioProjects/Calcuapp/backend/vendor/laravel/framework/src/Illuminate/Foundation/Http/Kernel.php(175): Illuminate\\Pipeline\\Pipeline->then(Object(Closure))
#42 /Users/aminshojaei/AndroidStudioProjects/Calcuapp/backend/vendor/laravel/framework/src/Illuminate/Foundation/Http/Kernel.php(144): Illuminate\\Foundation\\Http\\Kernel->sendRequestThroughRouter(Object(Illuminate\\Http\\Request))
#43 /Users/aminshojaei/AndroidStudioProjects/Calcuapp/backend/vendor/laravel/framework/src/Illuminate/Foundation/Testing/Concerns/MakesHttpRequests.php(607): Illuminate\\Foundation\\Http\\Kernel->handle(Object(Illuminate\\Http\\Request))
#44 /Users/aminshojaei/AndroidStudioProjects/Calcuapp/backend/vendor/laravel/framework/src/Illuminate/Foundation/Testing/Concerns/MakesHttpRequests.php(573): Illuminate\\Foundation\\Testing\\TestCase->call('POST', '/api/v1/auth/re...', Array, Array, Array, Array, '{\"email\":\"marya...')
#45 /Users/aminshojaei/AndroidStudioProjects/Calcuapp/backend/vendor/laravel/framework/src/Illuminate/Foundation/Testing/Concerns/MakesHttpRequests.php(411): Illuminate\\Foundation\\Testing\\TestCase->json('POST', '/api/v1/auth/re...', Array, Array, 0)
#46 /Users/aminshojaei/AndroidStudioProjects/Calcuapp/backend/tests/Feature/PasswordRecoveryTest.php(165): Illuminate\\Foundation\\Testing\\TestCase->postJson('/api/v1/auth/re...', Array)
#47 /Users/aminshojaei/AndroidStudioProjects/Calcuapp/backend/vendor/phpunit/phpunit/src/Framework/TestCase.php(1667): Tests\\Feature\\PasswordRecoveryTest->test_reset_revokes_existing_sessions()
#48 /Users/aminshojaei/AndroidStudioProjects/Calcuapp/backend/vendor/phpunit/phpunit/src/Framework/TestCase.php(519): PHPUnit\\Framework\\TestCase->runTest()
#49 /Users/aminshojaei/AndroidStudioProjects/Calcuapp/backend/vendor/phpunit/phpunit/src/Framework/TestRunner/TestRunner.php(87): PHPUnit\\Framework\\TestCase->runBare()
#50 /Users/aminshojaei/AndroidStudioProjects/Calcuapp/backend/vendor/phpunit/phpunit/src/Framework/TestCase.php(365): PHPUnit\\Framework\\TestRunner->run(Object(Tests\\Feature\\PasswordRecoveryTest))
#51 /Users/aminshojaei/AndroidStudioProjects/Calcuapp/backend/vendor/phpunit/phpunit/src/Framework/TestSuite.php(369): PHPUnit\\Framework\\TestCase->run()
#52 /Users/aminshojaei/AndroidStudioProjects/Calcuapp/backend/vendor/phpunit/phpunit/src/Framework/TestSuite.php(369): PHPUnit\\Framework\\TestSuite->run()
#53 /Users/aminshojaei/AndroidStudioProjects/Calcuapp/backend/vendor/phpunit/phpunit/src/Framework/TestSuite.php(369): PHPUnit\\Framework\\TestSuite->run()
#54 /Users/aminshojaei/AndroidStudioProjects/Calcuapp/backend/vendor/phpunit/phpunit/src/TextUI/TestRunner.php(64): PHPUnit\\Framework\\TestSuite->run()
#55 /Users/aminshojaei/AndroidStudioProjects/Calcuapp/backend/vendor/phpunit/phpunit/src/TextUI/Application.php(211): PHPUnit\\TextUI\\TestRunner->run(Object(PHPUnit\\TextUI\\Configuration\\Configuration), Object(PHPUnit\\Runner\\ResultCache\\DefaultResultCache), Object(PHPUnit\\Framework\\TestSuite))
#56 /Users/aminshojaei/AndroidStudioProjects/Calcuapp/backend/vendor/phpunit/phpunit/phpunit(104): PHPUnit\\TextUI\\Application->run(Array)
#57 /Users/aminshojaei/AndroidStudioProjects/Calcuapp/backend/vendor/bin/phpunit(122): include('/Users/aminshoj...')
#58 {main}
"} 
[2026-10-02 13:36:28] testing.ERROR: Using $this when not in object context {"exception":"[object] (Error(code: 0): Using $this when not in object context at /Users/aminshojaei/AndroidStudioProjects/Calcuapp/backend/app/Support/PasswordPolicy.php:84)
[stacktrace]
#0 /Users/aminshojaei/AndroidStudioProjects/Calcuapp/backend/app/Support/PasswordPolicy.php(55): App\\Support\\PasswordPolicy::isCommon('Brand-New-Pass-...')
#1 /Users/aminshojaei/AndroidStudioProjects/Calcuapp/backend/app/Http/Controllers/Api/AuthController.php(199): App\\Support\\PasswordPolicy::validate('Brand-New-Pass-...')
#2 /Users/aminshojaei/AndroidStudioProjects/Calcuapp/backend/vendor/laravel/framework/src/Illuminate/Routing/ControllerDispatcher.php(46): App\\Http\\Controllers\\Api\\AuthController->resetPassword(Object(Illuminate\\Http\\Request))
#3 /Users/aminshojaei/AndroidStudioProjects/Calcuapp/backend/vendor/laravel/framework/src/Illuminate/Routing/Route.php(265): Illuminate\\Routing\\ControllerDispatcher->dispatch(Object(Illuminate\\Routing\\Route), Object(App\\Http\\Controllers\\Api\\AuthController), 'resetPassword')
#4 /Users/aminshojaei/AndroidStudioProjects/Calcuapp/backend/vendor/laravel/framework/src/Illuminate/Routing/Route.php(211): Illuminate\\Routing\\Route->runController()
#5 /Users/aminshojaei/AndroidStudioProjects/Calcuapp/backend/vendor/laravel/framework/src/Illuminate/Routing/Router.php(822): Illuminate\\Routing\\Route->run()
#6 /Users/aminshojaei/AndroidStudioProjects/Calcuapp/backend/vendor/laravel/framework/src/Illuminate/Pipeline/Pipeline.php(180): Illuminate\\Routing\\Router->{closure:Illuminate\\Routing\\Router::runRouteWithinStack():821}(Object(Illuminate\\Http\\Request))
#7 /Users/aminshojaei/AndroidStudioProjects/Calcuapp/backend/app/Http/Middleware/IdempotencyMiddleware.php(18): Illuminate\\Pipeline\\Pipeline->{closure:Illuminate\\Pipeline\\Pipeline::prepareDestination():178}(Object(Illuminate\\Http\\Request))
#8 /Users/aminshojaei/AndroidStudioProjects/Calcuapp/backend/vendor/laravel/framework/src/Illuminate/Pipeline/Pipeline.php(219): App\\Http\\Middleware\\IdempotencyMiddleware->handle(Object(Illuminate\\Http\\Request), Object(Closure))
#9 /Users/aminshojaei/AndroidStudioProjects/Calcuapp/backend/vendor/laravel/framework/src/Illuminate/Routing/Middleware/SubstituteBindings.php(50): Illuminate\\Pipeline\\Pipeline->{closure:{closure:Illuminate\\Pipeline\\Pipeline::carry():194}:195}(Object(Illuminate\\Http\\Request))
#10 /Users/aminshojaei/AndroidStudioProjects/Calcuapp/backend/vendor/laravel/framework/src/Illuminate/Pipeline/Pipeline.php(219): Illuminate\\Routing\\Middleware\\SubstituteBindings->handle(Object(Illuminate\\Http\\Request), Object(Closure))
#11 /Users/aminshojaei/AndroidStudioProjects/Calcuapp/backend/vendor/laravel/framework/src/Illuminate/Routing/Middleware/ThrottleRequests.php(166): Illuminate\\Pipeline\\Pipeline->{closure:{closure:Illuminate\\Pipeline\\Pipeline::carry():194}:195}(Object(Illuminate\\Http\\Request))
#12 /Users/aminshojaei/AndroidStudioProjects/Calcuapp/backend/vendor/laravel/framework/src/Illuminate/Routing/Middleware/ThrottleRequests.php(129): Illuminate\\Routing\\Middleware\\ThrottleRequests->handleRequest(Object(Illuminate\\Http\\Request), Object(Closure), Array)
#13 /Users/aminshojaei/AndroidStudioProjects/Calcuapp/backend/vendor/laravel/framework/src/Illuminate/Routing/Middleware/ThrottleRequests.php(90): Illuminate\\Routing\\Middleware\\ThrottleRequests->handleRequestUsingNamedLimiter(Object(Illuminate\\Http\\Request), Object(Closure), 'password-reset', Object(Closure))
#14 /Users/aminshojaei/AndroidStudioProjects/Calcuapp/backend/vendor/laravel/framework/src/Illuminate/Pipeline/Pipeline.php(219): Illuminate\\Routing\\Middleware\\ThrottleRequests->handle(Object(Illuminate\\Http\\Request), Object(Closure), 'password-reset')
#15 /Users/aminshojaei/AndroidStudioProjects/Calcuapp/backend/vendor/laravel/framework/src/Illuminate/Pipeline/Pipeline.php(137): Illuminate\\Pipeline\\Pipeline->{closure:{closure:Illuminate\\Pipeline\\Pipeline::carry():194}:195}(Object(Illuminate\\Http\\Request))
#16 /Users/aminshojaei/AndroidStudioProjects/Calcuapp/backend/vendor/laravel/framework/src/Illuminate/Routing/Router.php(821): Illuminate\\Pipeline\\Pipeline->then(Object(Closure))
#17 /Users/aminshojaei/AndroidStudioProjects/Calcuapp/backend/vendor/laravel/framework/src/Illuminate/Routing/Router.php(800): Illuminate\\Routing\\Router->runRouteWithinStack(Object(Illuminate\\Routing\\Route), Object(Illuminate\\Http\\Request))
#18 /Users/aminshojaei/AndroidStudioProjects/Calcuapp/backend/vendor/laravel/framework/src/Illuminate/Routing/Router.php(764): Illuminate\\Routing\\Router->runRoute(Object(Illuminate\\Http\\Request), Object(Illuminate\\Routing\\Route))
#19 /Users/aminshojaei/AndroidStudioProjects/Calcuapp/backend/vendor/laravel/framework/src/Illuminate/Routing/Router.php(753): Illuminate\\Routing\\Router->dispatchToRoute(Object(Illuminate\\Http\\Request))
#20 /Users/aminshojaei/AndroidStudioProjects/Calcuapp/backend/vendor/laravel/framework/src/Illuminate/Foundation/Http/Kernel.php(200): Illuminate\\Routing\\Router->dispatch(Object(Illuminate\\Http\\Request))
#21 /Users/aminshojaei/AndroidStudioProjects/Calcuapp/backend/vendor/laravel/framework/src/Illuminate/Pipeline/Pipeline.php(180): Illuminate\\Foundation\\Http\\Kernel->{closure:Illuminate\\Foundation\\Http\\Kernel::dispatchToRouter():197}(Object(Illuminate\\Http\\Request))
#22 /Users/aminshojaei/AndroidStudioProjects/Calcuapp/backend/vendor/laravel/framework/src/Illuminate/Foundation/Http/Middleware/TransformsRequest.php(21): Illuminate\\Pipeline\\Pipeline->{closure:Illuminate\\Pipeline\\Pipeline::prepareDestination():178}(Object(Illuminate\\Http\\Request))
#23 /Users/aminshojaei/AndroidStudioProjects/Calcuapp/backend/vendor/laravel/framework/src/Illuminate/Foundation/Http/Middleware/ConvertEmptyStringsToNull.php(31): Illuminate\\Foundation\\Http\\Middleware\\TransformsRequest->handle(Object(Illuminate\\Http\\Request), Object(Closure))
#24 /Users/aminshojaei/AndroidStudioProjects/Calcuapp/backend/vendor/laravel/framework/src/Illuminate/Pipeline/Pipeline.php(219): Illuminate\\Foundation\\Http\\Middleware\\ConvertEmptyStringsToNull->handle(Object(Illuminate\\Http\\Request), Object(Closure))
#25 /Users/aminshojaei/AndroidStudioProjects/Calcuapp/backend/vendor/laravel/framework/src/Illuminate/Foundation/Http/Middleware/TransformsRequest.php(21): Illuminate\\Pipeline\\Pipeline->{closure:{closure:Illuminate\\Pipeline\\Pipeline::carry():194}:195}(Object(Illuminate\\Http\\Request))
#26 /Users/aminshojaei/AndroidStudioProjects/Calcuapp/backend/vendor/laravel/framework/src/Illuminate/Foundation/Http/Middleware/TrimStrings.php(51): Illuminate\\Foundation\\Http\\Middleware\\TransformsRequest->handle(Object(Illuminate\\Http\\Request), Object(Closure))
#27 /Users/aminshojaei/AndroidStudioProjects/Calcuapp/backend/vendor/laravel/framework/src/Illuminate/Pipeline/Pipeline.php(219): Illuminate\\Foundation\\Http\\Middleware\\TrimStrings->handle(Object(Illuminate\\Http\\Request), Object(Closure))
#28 /Users/aminshojaei/AndroidStudioProjects/Calcuapp/backend/vendor/laravel/framework/src/Illuminate/Http/Middleware/ValidatePostSize.php(27): Illuminate\\Pipeline\\Pipeline->{closure:{closure:Illuminate\\Pipeline\\Pipeline::carry():194}:195}(Object(Illuminate\\Http\\Request))
#29 /Users/aminshojaei/AndroidStudioProjects/Calcuapp/backend/vendor/laravel/framework/src/Illuminate/Pipeline/Pipeline.php(219): Illuminate\\Http\\Middleware\\ValidatePostSize->handle(Object(Illuminate\\Http\\Request), Object(Closure))
#30 /Users/aminshojaei/AndroidStudioProjects/Calcuapp/backend/vendor/laravel/framework/src/Illuminate/Foundation/Http/Middleware/PreventRequestsDuringMaintenance.php(109): Illuminate\\Pipeline\\Pipeline->{closure:{closure:Illuminate\\Pipeline\\Pipeline::carry():194}:195}(Object(Illuminate\\Http\\Request))
#31 /Users/aminshojaei/AndroidStudioProjects/Calcuapp/backend/vendor/laravel/framework/src/Illuminate/Pipeline/Pipeline.php(219): Illuminate\\Foundation\\Http\\Middleware\\PreventRequestsDuringMaintenance->handle(Object(Illuminate\\Http\\Request), Object(Closure))
#32 /Users/aminshojaei/AndroidStudioProjects/Calcuapp/backend/vendor/laravel/framework/src/Illuminate/Http/Middleware/HandleCors.php(74): Illuminate\\Pipeline\\Pipeline->{closure:{closure:Illuminate\\Pipeline\\Pipeline::carry():194}:195}(Object(Illuminate\\Http\\Request))
#33 /Users/aminshojaei/AndroidStudioProjects/Calcuapp/backend/vendor/laravel/framework/src/Illuminate/Pipeline/Pipeline.php(219): Illuminate\\Http\\Middleware\\HandleCors->handle(Object(Illuminate\\Http\\Request), Object(Closure))
#34 /Users/aminshojaei/AndroidStudioProjects/Calcuapp/backend/vendor/laravel/framework/src/Illuminate/Http/Middleware/TrustProxies.php(58): Illuminate\\Pipeline\\Pipeline->{closure:{closure:Illuminate\\Pipeline\\Pipeline::carry():194}:195}(Object(Illuminate\\Http\\Request))
#35 /Users/aminshojaei/AndroidStudioProjects/Calcuapp/backend/vendor/laravel/framework/src/Illuminate/Pipeline/Pipeline.php(219): Illuminate\\Http\\Middleware\\TrustProxies->handle(Object(Illuminate\\Http\\Request), Object(Closure))
#36 /Users/aminshojaei/AndroidStudioProjects/Calcuapp/backend/vendor/laravel/framework/src/Illuminate/Foundation/Http/Middleware/InvokeDeferredCallbacks.php(22): Illuminate\\Pipeline\\Pipeline->{closure:{closure:Illuminate\\Pipeline\\Pipeline::carry():194}:195}(Object(Illuminate\\Http\\Request))
#37 /Users/aminshojaei/AndroidStudioProjects/Calcuapp/backend/vendor/laravel/framework/src/Illuminate/Pipeline/Pipeline.php(219): Illuminate\\Foundation\\Http\\Middleware\\InvokeDeferredCallbacks->handle(Object(Illuminate\\Http\\Request), Object(Closure))
#38 /Users/aminshojaei/AndroidStudioProjects/Calcuapp/backend/vendor/laravel/framework/src/Illuminate/Http/Middleware/ValidatePathEncoding.php(26): Illuminate\\Pipeline\\Pipeline->{closure:{closure:Illuminate\\Pipeline\\Pipeline::carry():194}:195}(Object(Illuminate\\Http\\Request))
#39 /Users/aminshojaei/AndroidStudioProjects/Calcuapp/backend/vendor/laravel/framework/src/Illuminate/Pipeline/Pipeline.php(219): Illuminate\\Http\\Middleware\\ValidatePathEncoding->handle(Object(Illuminate\\Http\\Request), Object(Closure))
#40 /Users/aminshojaei/AndroidStudioProjects/Calcuapp/backend/vendor/laravel/framework/src/Illuminate/Pipeline/Pipeline.php(137): Illuminate\\Pipeline\\Pipeline->{closure:{closure:Illuminate\\Pipeline\\Pipeline::carry():194}:195}(Object(Illuminate\\Http\\Request))
#41 /Users/aminshojaei/AndroidStudioProjects/Calcuapp/backend/vendor/laravel/framework/src/Illuminate/Foundation/Http/Kernel.php(175): Illuminate\\Pipeline\\Pipeline->then(Object(Closure))
#42 /Users/aminshojaei/AndroidStudioProjects/Calcuapp/backend/vendor/laravel/framework/src/Illuminate/Foundation/Http/Kernel.php(144): Illuminate\\Foundation\\Http\\Kernel->sendRequestThroughRouter(Object(Illuminate\\Http\\Request))
#43 /Users/aminshojaei/AndroidStudioProjects/Calcuapp/backend/vendor/laravel/framework/src/Illuminate/Foundation/Testing/Concerns/MakesHttpRequests.php(607): Illuminate\\Foundation\\Http\\Kernel->handle(Object(Illuminate\\Http\\Request))
#44 /Users/aminshojaei/AndroidStudioProjects/Calcuapp/backend/vendor/laravel/framework/src/Illuminate/Foundation/Testing/Concerns/MakesHttpRequests.php(573): Illuminate\\Foundation\\Testing\\TestCase->call('POST', '/api/v1/auth/re...', Array, Array, Array, Array, '{\"email\":\"marya...')
#45 /Users/aminshojaei/AndroidStudioProjects/Calcuapp/backend/vendor/laravel/framework/src/Illuminate/Foundation/Testing/Concerns/MakesHttpRequests.php(411): Illuminate\\Foundation\\Testing\\TestCase->json('POST', '/api/v1/auth/re...', Array, Array, 0)
#46 /Users/aminshojaei/AndroidStudioProjects/Calcuapp/backend/tests/Feature/PasswordRecoveryTest.php(193): Illuminate\\Foundation\\Testing\\TestCase->postJson('/api/v1/auth/re...', Array)
#47 /Users/aminshojaei/AndroidStudioProjects/Calcuapp/backend/vendor/phpunit/phpunit/src/Framework/TestCase.php(1667): Tests\\Feature\\PasswordRecoveryTest->test_the_old_demo_reset_code_no_longer_works()
#48 /Users/aminshojaei/AndroidStudioProjects/Calcuapp/backend/vendor/phpunit/phpunit/src/Framework/TestCase.php(519): PHPUnit\\Framework\\TestCase->runTest()
#49 /Users/aminshojaei/AndroidStudioProjects/Calcuapp/backend/vendor/phpunit/phpunit/src/Framework/TestRunner/TestRunner.php(87): PHPUnit\\Framework\\TestCase->runBare()
#50 /Users/aminshojaei/AndroidStudioProjects/Calcuapp/backend/vendor/phpunit/phpunit/src/Framework/TestCase.php(365): PHPUnit\\Framework\\TestRunner->run(Object(Tests\\Feature\\PasswordRecoveryTest))
#51 /Users/aminshojaei/AndroidStudioProjects/Calcuapp/backend/vendor/phpunit/phpunit/src/Framework/TestSuite.php(369): PHPUnit\\Framework\\TestCase->run()
#52 /Users/aminshojaei/AndroidStudioProjects/Calcuapp/backend/vendor/phpunit/phpunit/src/Framework/TestSuite.php(369): PHPUnit\\Framework\\TestSuite->run()
#53 /Users/aminshojaei/AndroidStudioProjects/Calcuapp/backend/vendor/phpunit/phpunit/src/Framework/TestSuite.php(369): PHPUnit\\Framework\\TestSuite->run()
#54 /Users/aminshojaei/AndroidStudioProjects/Calcuapp/backend/vendor/phpunit/phpunit/src/TextUI/TestRunner.php(64): PHPUnit\\Framework\\TestSuite->run()
#55 /Users/aminshojaei/AndroidStudioProjects/Calcuapp/backend/vendor/phpunit/phpunit/src/TextUI/Application.php(211): PHPUnit\\TextUI\\TestRunner->run(Object(PHPUnit\\TextUI\\Configuration\\Configuration), Object(PHPUnit\\Runner\\ResultCache\\DefaultResultCache), Object(PHPUnit\\Framework\\TestSuite))
#56 /Users/aminshojaei/AndroidStudioProjects/Calcuapp/backend/vendor/phpunit/phpunit/phpunit(104): PHPUnit\\TextUI\\Application->run(Array)
#57 /Users/aminshojaei/AndroidStudioProjects/Calcuapp/backend/vendor/bin/phpunit(122): include('/Users/aminshoj...')
#58 {main}
"} 
[2026-10-02 13:36:29] testing.ERROR: Using $this when not in object context {"userId":"usr_p9_rec","exception":"[object] (Error(code: 0): Using $this when not in object context at /Users/aminshojaei/AndroidStudioProjects/Calcuapp/backend/app/Support/PasswordPolicy.php:84)
[stacktrace]
#0 /Users/aminshojaei/AndroidStudioProjects/Calcuapp/backend/app/Support/PasswordPolicy.php(55): App\\Support\\PasswordPolicy::isCommon('Rotated-Pass-22')
#1 /Users/aminshojaei/AndroidStudioProjects/Calcuapp/backend/app/Http/Controllers/Api/AuthController.php(265): App\\Support\\PasswordPolicy::validate('Rotated-Pass-22')
#2 /Users/aminshojaei/AndroidStudioProjects/Calcuapp/backend/vendor/laravel/framework/src/Illuminate/Routing/ControllerDispatcher.php(46): App\\Http\\Controllers\\Api\\AuthController->changePassword(Object(Illuminate\\Http\\Request))
#3 /Users/aminshojaei/AndroidStudioProjects/Calcuapp/backend/vendor/laravel/framework/src/Illuminate/Routing/Route.php(265): Illuminate\\Routing\\ControllerDispatcher->dispatch(Object(Illuminate\\Routing\\Route), Object(App\\Http\\Controllers\\Api\\AuthController), 'changePassword')
#4 /Users/aminshojaei/AndroidStudioProjects/Calcuapp/backend/vendor/laravel/framework/src/Illuminate/Routing/Route.php(211): Illuminate\\Routing\\Route->runController()
#5 /Users/aminshojaei/AndroidStudioProjects/Calcuapp/backend/vendor/laravel/framework/src/Illuminate/Routing/Router.php(822): Illuminate\\Routing\\Route->run()
#6 /Users/aminshojaei/AndroidStudioProjects/Calcuapp/backend/vendor/laravel/framework/src/Illuminate/Pipeline/Pipeline.php(180): Illuminate\\Routing\\Router->{closure:Illuminate\\Routing\\Router::runRouteWithinStack():821}(Object(Illuminate\\Http\\Request))
#7 /Users/aminshojaei/AndroidStudioProjects/Calcuapp/backend/app/Http/Middleware/TenantMiddleware.php(73): Illuminate\\Pipeline\\Pipeline->{closure:Illuminate\\Pipeline\\Pipeline::prepareDestination():178}(Object(Illuminate\\Http\\Request))
#8 /Users/aminshojaei/AndroidStudioProjects/Calcuapp/backend/vendor/laravel/framework/src/Illuminate/Pipeline/Pipeline.php(219): App\\Http\\Middleware\\TenantMiddleware->handle(Object(Illuminate\\Http\\Request), Object(Closure))
#9 /Users/aminshojaei/AndroidStudioProjects/Calcuapp/backend/app/Http/Middleware/EnsureUserIsActive.php(33): Illuminate\\Pipeline\\Pipeline->{closure:{closure:Illuminate\\Pipeline\\Pipeline::carry():194}:195}(Object(Illuminate\\Http\\Request))
#10 /Users/aminshojaei/AndroidStudioProjects/Calcuapp/backend/vendor/laravel/framework/src/Illuminate/Pipeline/Pipeline.php(219): App\\Http\\Middleware\\EnsureUserIsActive->handle(Object(Illuminate\\Http\\Request), Object(Closure))
#11 /Users/aminshojaei/AndroidStudioProjects/Calcuapp/backend/app/Http/Middleware/IdempotencyMiddleware.php(18): Illuminate\\Pipeline\\Pipeline->{closure:{closure:Illuminate\\Pipeline\\Pipeline::carry():194}:195}(Object(Illuminate\\Http\\Request))
#12 /Users/aminshojaei/AndroidStudioProjects/Calcuapp/backend/vendor/laravel/framework/src/Illuminate/Pipeline/Pipeline.php(219): App\\Http\\Middleware\\IdempotencyMiddleware->handle(Object(Illuminate\\Http\\Request), Object(Closure))
#13 /Users/aminshojaei/AndroidStudioProjects/Calcuapp/backend/vendor/laravel/framework/src/Illuminate/Routing/Middleware/SubstituteBindings.php(50): Illuminate\\Pipeline\\Pipeline->{closure:{closure:Illuminate\\Pipeline\\Pipeline::carry():194}:195}(Object(Illuminate\\Http\\Request))
#14 /Users/aminshojaei/AndroidStudioProjects/Calcuapp/backend/vendor/laravel/framework/src/Illuminate/Pipeline/Pipeline.php(219): Illuminate\\Routing\\Middleware\\SubstituteBindings->handle(Object(Illuminate\\Http\\Request), Object(Closure))
#15 /Users/aminshojaei/AndroidStudioProjects/Calcuapp/backend/vendor/laravel/framework/src/Illuminate/Routing/Middleware/ThrottleRequests.php(166): Illuminate\\Pipeline\\Pipeline->{closure:{closure:Illuminate\\Pipeline\\Pipeline::carry():194}:195}(Object(Illuminate\\Http\\Request))
#16 /Users/aminshojaei/AndroidStudioProjects/Calcuapp/backend/vendor/laravel/framework/src/Illuminate/Routing/Middleware/ThrottleRequests.php(129): Illuminate\\Routing\\Middleware\\ThrottleRequests->handleRequest(Object(Illuminate\\Http\\Request), Object(Closure), Array)
#17 /Users/aminshojaei/AndroidStudioProjects/Calcuapp/backend/vendor/laravel/framework/src/Illuminate/Routing/Middleware/ThrottleRequests.php(90): Illuminate\\Routing\\Middleware\\ThrottleRequests->handleRequestUsingNamedLimiter(Object(Illuminate\\Http\\Request), Object(Closure), 'password-change', Object(Closure))
#18 /Users/aminshojaei/AndroidStudioProjects/Calcuapp/backend/vendor/laravel/framework/src/Illuminate/Pipeline/Pipeline.php(219): Illuminate\\Routing\\Middleware\\ThrottleRequests->handle(Object(Illuminate\\Http\\Request), Object(Closure), 'password-change')
#19 /Users/aminshojaei/AndroidStudioProjects/Calcuapp/backend/vendor/laravel/framework/src/Illuminate/Auth/Middleware/Authenticate.php(63): Illuminate\\Pipeline\\Pipeline->{closure:{closure:Illuminate\\Pipeline\\Pipeline::carry():194}:195}(Object(Illuminate\\Http\\Request))
#20 /Users/aminshojaei/AndroidStudioProjects/Calcuapp/backend/vendor/laravel/framework/src/Illuminate/Pipeline/Pipeline.php(219): Illuminate\\Auth\\Middleware\\Authenticate->handle(Object(Illuminate\\Http\\Request), Object(Closure), 'sanctum')
#21 /Users/aminshojaei/AndroidStudioProjects/Calcuapp/backend/vendor/laravel/framework/src/Illuminate/Pipeline/Pipeline.php(137): Illuminate\\Pipeline\\Pipeline->{closure:{closure:Illuminate\\Pipeline\\Pipeline::carry():194}:195}(Object(Illuminate\\Http\\Request))
#22 /Users/aminshojaei/AndroidStudioProjects/Calcuapp/backend/vendor/laravel/framework/src/Illuminate/Routing/Router.php(821): Illuminate\\Pipeline\\Pipeline->then(Object(Closure))
#23 /Users/aminshojaei/AndroidStudioProjects/Calcuapp/backend/vendor/laravel/framework/src/Illuminate/Routing/Router.php(800): Illuminate\\Routing\\Router->runRouteWithinStack(Object(Illuminate\\Routing\\Route), Object(Illuminate\\Http\\Request))
#24 /Users/aminshojaei/AndroidStudioProjects/Calcuapp/backend/vendor/laravel/framework/src/Illuminate/Routing/Router.php(764): Illuminate\\Routing\\Router->runRoute(Object(Illuminate\\Http\\Request), Object(Illuminate\\Routing\\Route))
#25 /Users/aminshojaei/AndroidStudioProjects/Calcuapp/backend/vendor/laravel/framework/src/Illuminate/Routing/Router.php(753): Illuminate\\Routing\\Router->dispatchToRoute(Object(Illuminate\\Http\\Request))
#26 /Users/aminshojaei/AndroidStudioProjects/Calcuapp/backend/vendor/laravel/framework/src/Illuminate/Foundation/Http/Kernel.php(200): Illuminate\\Routing\\Router->dispatch(Object(Illuminate\\Http\\Request))
#27 /Users/aminshojaei/AndroidStudioProjects/Calcuapp/backend/vendor/laravel/framework/src/Illuminate/Pipeline/Pipeline.php(180): Illuminate\\Foundation\\Http\\Kernel->{closure:Illuminate\\Foundation\\Http\\Kernel::dispatchToRouter():197}(Object(Illuminate\\Http\\Request))
#28 /Users/aminshojaei/AndroidStudioProjects/Calcuapp/backend/vendor/laravel/framework/src/Illuminate/Foundation/Http/Middleware/TransformsRequest.php(21): Illuminate\\Pipeline\\Pipeline->{closure:Illuminate\\Pipeline\\Pipeline::prepareDestination():178}(Object(Illuminate\\Http\\Request))
#29 /Users/aminshojaei/AndroidStudioProjects/Calcuapp/backend/vendor/laravel/framework/src/Illuminate/Foundation/Http/Middleware/ConvertEmptyStringsToNull.php(31): Illuminate\\Foundation\\Http\\Middleware\\TransformsRequest->handle(Object(Illuminate\\Http\\Request), Object(Closure))
#30 /Users/aminshojaei/AndroidStudioProjects/Calcuapp/backend/vendor/laravel/framework/src/Illuminate/Pipeline/Pipeline.php(219): Illuminate\\Foundation\\Http\\Middleware\\ConvertEmptyStringsToNull->handle(Object(Illuminate\\Http\\Request), Object(Closure))
#31 /Users/aminshojaei/AndroidStudioProjects/Calcuapp/backend/vendor/laravel/framework/src/Illuminate/Foundation/Http/Middleware/TransformsRequest.php(21): Illuminate\\Pipeline\\Pipeline->{closure:{closure:Illuminate\\Pipeline\\Pipeline::carry():194}:195}(Object(Illuminate\\Http\\Request))
#32 /Users/aminshojaei/AndroidStudioProjects/Calcuapp/backend/vendor/laravel/framework/src/Illuminate/Foundation/Http/Middleware/TrimStrings.php(51): Illuminate\\Foundation\\Http\\Middleware\\TransformsRequest->handle(Object(Illuminate\\Http\\Request), Object(Closure))
#33 /Users/aminshojaei/AndroidStudioProjects/Calcuapp/backend/vendor/laravel/framework/src/Illuminate/Pipeline/Pipeline.php(219): Illuminate\\Foundation\\Http\\Middleware\\TrimStrings->handle(Object(Illuminate\\Http\\Request), Object(Closure))
#34 /Users/aminshojaei/AndroidStudioProjects/Calcuapp/backend/vendor/laravel/framework/src/Illuminate/Http/Middleware/ValidatePostSize.php(27): Illuminate\\Pipeline\\Pipeline->{closure:{closure:Illuminate\\Pipeline\\Pipeline::carry():194}:195}(Object(Illuminate\\Http\\Request))
#35 /Users/aminshojaei/AndroidStudioProjects/Calcuapp/backend/vendor/laravel/framework/src/Illuminate/Pipeline/Pipeline.php(219): Illuminate\\Http\\Middleware\\ValidatePostSize->handle(Object(Illuminate\\Http\\Request), Object(Closure))
#36 /Users/aminshojaei/AndroidStudioProjects/Calcuapp/backend/vendor/laravel/framework/src/Illuminate/Foundation/Http/Middleware/PreventRequestsDuringMaintenance.php(109): Illuminate\\Pipeline\\Pipeline->{closure:{closure:Illuminate\\Pipeline\\Pipeline::carry():194}:195}(Object(Illuminate\\Http\\Request))
#37 /Users/aminshojaei/AndroidStudioProjects/Calcuapp/backend/vendor/laravel/framework/src/Illuminate/Pipeline/Pipeline.php(219): Illuminate\\Foundation\\Http\\Middleware\\PreventRequestsDuringMaintenance->handle(Object(Illuminate\\Http\\Request), Object(Closure))
#38 /Users/aminshojaei/AndroidStudioProjects/Calcuapp/backend/vendor/laravel/framework/src/Illuminate/Http/Middleware/HandleCors.php(74): Illuminate\\Pipeline\\Pipeline->{closure:{closure:Illuminate\\Pipeline\\Pipeline::carry():194}:195}(Object(Illuminate\\Http\\Request))
#39 /Users/aminshojaei/AndroidStudioProjects/Calcuapp/backend/vendor/laravel/framework/src/Illuminate/Pipeline/Pipeline.php(219): Illuminate\\Http\\Middleware\\HandleCors->handle(Object(Illuminate\\Http\\Request), Object(Closure))
#40 /Users/aminshojaei/AndroidStudioProjects/Calcuapp/backend/vendor/laravel/framework/src/Illuminate/Http/Middleware/TrustProxies.php(58): Illuminate\\Pipeline\\Pipeline->{closure:{closure:Illuminate\\Pipeline\\Pipeline::carry():194}:195}(Object(Illuminate\\Http\\Request))
#41 /Users/aminshojaei/AndroidStudioProjects/Calcuapp/backend/vendor/laravel/framework/src/Illuminate/Pipeline/Pipeline.php(219): Illuminate\\Http\\Middleware\\TrustProxies->handle(Object(Illuminate\\Http\\Request), Object(Closure))
#42 /Users/aminshojaei/AndroidStudioProjects/Calcuapp/backend/vendor/laravel/framework/src/Illuminate/Foundation/Http/Middleware/InvokeDeferredCallbacks.php(22): Illuminate\\Pipeline\\Pipeline->{closure:{closure:Illuminate\\Pipeline\\Pipeline::carry():194}:195}(Object(Illuminate\\Http\\Request))
#43 /Users/aminshojaei/AndroidStudioProjects/Calcuapp/backend/vendor/laravel/framework/src/Illuminate/Pipeline/Pipeline.php(219): Illuminate\\Foundation\\Http\\Middleware\\InvokeDeferredCallbacks->handle(Object(Illuminate\\Http\\Request), Object(Closure))
#44 /Users/aminshojaei/AndroidStudioProjects/Calcuapp/backend/vendor/laravel/framework/src/Illuminate/Http/Middleware/ValidatePathEncoding.php(26): Illuminate\\Pipeline\\Pipeline->{closure:{closure:Illuminate\\Pipeline\\Pipeline::carry():194}:195}(Object(Illuminate\\Http\\Request))
#45 /Users/aminshojaei/AndroidStudioProjects/Calcuapp/backend/vendor/laravel/framework/src/Illuminate/Pipeline/Pipeline.php(219): Illuminate\\Http\\Middleware\\ValidatePathEncoding->handle(Object(Illuminate\\Http\\Request), Object(Closure))
#46 /Users/aminshojaei/AndroidStudioProjects/Calcuapp/backend/vendor/laravel/framework/src/Illuminate/Pipeline/Pipeline.php(137): Illuminate\\Pipeline\\Pipeline->{closure:{closure:Illuminate\\Pipeline\\Pipeline::carry():194}:195}(Object(Illuminate\\Http\\Request))
#47 /Users/aminshojaei/AndroidStudioProjects/Calcuapp/backend/vendor/laravel/framework/src/Illuminate/Foundation/Http/Kernel.php(175): Illuminate\\Pipeline\\Pipeline->then(Object(Closure))
#48 /Users/aminshojaei/AndroidStudioProjects/Calcuapp/backend/vendor/laravel/framework/src/Illuminate/Foundation/Http/Kernel.php(144): Illuminate\\Foundation\\Http\\Kernel->sendRequestThroughRouter(Object(Illuminate\\Http\\Request))
#49 /Users/aminshojaei/AndroidStudioProjects/Calcuapp/backend/vendor/laravel/framework/src/Illuminate/Foundation/Testing/Concerns/MakesHttpRequests.php(607): Illuminate\\Foundation\\Http\\Kernel->handle(Object(Illuminate\\Http\\Request))
#50 /Users/aminshojaei/AndroidStudioProjects/Calcuapp/backend/vendor/laravel/framework/src/Illuminate/Foundation/Testing/Concerns/MakesHttpRequests.php(573): Illuminate\\Foundation\\Testing\\TestCase->call('POST', '/api/v1/auth/ch...', Array, Array, Array, Array, '{\"current_passw...')
#51 /Users/aminshojaei/AndroidStudioProjects/Calcuapp/backend/vendor/laravel/framework/src/Illuminate/Foundation/Testing/Concerns/MakesHttpRequests.php(411): Illuminate\\Foundation\\Testing\\TestCase->json('POST', '/api/v1/auth/ch...', Array, Array, 0)
#52 /Users/aminshojaei/AndroidStudioProjects/Calcuapp/backend/tests/Feature/PasswordRecoveryTest.php(242): Illuminate\\Foundation\\Testing\\TestCase->postJson('/api/v1/auth/ch...', Array)
#53 /Users/aminshojaei/AndroidStudioProjects/Calcuapp/backend/vendor/phpunit/phpunit/src/Framework/TestCase.php(1667): Tests\\Feature\\PasswordRecoveryTest->test_change_password_identifies_the_caller_from_the_token_only()
#54 /Users/aminshojaei/AndroidStudioProjects/Calcuapp/backend/vendor/phpunit/phpunit/src/Framework/TestCase.php(519): PHPUnit\\Framework\\TestCase->runTest()
#55 /Users/aminshojaei/AndroidStudioProjects/Calcuapp/backend/vendor/phpunit/phpunit/src/Framework/TestRunner/TestRunner.php(87): PHPUnit\\Framework\\TestCase->runBare()
#56 /Users/aminshojaei/AndroidStudioProjects/Calcuapp/backend/vendor/phpunit/phpunit/src/Framework/TestCase.php(365): PHPUnit\\Framework\\TestRunner->run(Object(Tests\\Feature\\PasswordRecoveryTest))
#57 /Users/aminshojaei/AndroidStudioProjects/Calcuapp/backend/vendor/phpunit/phpunit/src/Framework/TestSuite.php(369): PHPUnit\\Framework\\TestCase->run()
#58 /Users/aminshojaei/AndroidStudioProjects/Calcuapp/backend/vendor/phpunit/phpunit/src/Framework/TestSuite.php(369): PHPUnit\\Framework\\TestSuite->run()
#59 /Users/aminshojaei/AndroidStudioProjects/Calcuapp/backend/vendor/phpunit/phpunit/src/Framework/TestSuite.php(369): PHPUnit\\Framework\\TestSuite->run()
#60 /Users/aminshojaei/AndroidStudioProjects/Calcuapp/backend/vendor/phpunit/phpunit/src/TextUI/TestRunner.php(64): PHPUnit\\Framework\\TestSuite->run()
#61 /Users/aminshojaei/AndroidStudioProjects/Calcuapp/backend/vendor/phpunit/phpunit/src/TextUI/Application.php(211): PHPUnit\\TextUI\\TestRunner->run(Object(PHPUnit\\TextUI\\Configuration\\Configuration), Object(PHPUnit\\Runner\\ResultCache\\DefaultResultCache), Object(PHPUnit\\Framework\\TestSuite))
#62 /Users/aminshojaei/AndroidStudioProjects/Calcuapp/backend/vendor/phpunit/phpunit/phpunit(104): PHPUnit\\TextUI\\Application->run(Array)
#63 /Users/aminshojaei/AndroidStudioProjects/Calcuapp/backend/vendor/bin/phpunit(122): include('/Users/aminshoj...')
#64 {main}
"} 
[2026-10-02 13:36:29] testing.ERROR: Using $this when not in object context {"userId":"usr_p9_rec","exception":"[object] (Error(code: 0): Using $this when not in object context at /Users/aminshojaei/AndroidStudioProjects/Calcuapp/backend/app/Support/PasswordPolicy.php:84)
[stacktrace]
#0 /Users/aminshojaei/AndroidStudioProjects/Calcuapp/backend/app/Support/PasswordPolicy.php(55): App\\Support\\PasswordPolicy::isCommon('Rotated-Pass-22')
#1 /Users/aminshojaei/AndroidStudioProjects/Calcuapp/backend/app/Http/Controllers/Api/AuthController.php(265): App\\Support\\PasswordPolicy::validate('Rotated-Pass-22')
#2 /Users/aminshojaei/AndroidStudioProjects/Calcuapp/backend/vendor/laravel/framework/src/Illuminate/Routing/ControllerDispatcher.php(46): App\\Http\\Controllers\\Api\\AuthController->changePassword(Object(Illuminate\\Http\\Request))
#3 /Users/aminshojaei/AndroidStudioProjects/Calcuapp/backend/vendor/laravel/framework/src/Illuminate/Routing/Route.php(265): Illuminate\\Routing\\ControllerDispatcher->dispatch(Object(Illuminate\\Routing\\Route), Object(App\\Http\\Controllers\\Api\\AuthController), 'changePassword')
#4 /Users/aminshojaei/AndroidStudioProjects/Calcuapp/backend/vendor/laravel/framework/src/Illuminate/Routing/Route.php(211): Illuminate\\Routing\\Route->runController()
#5 /Users/aminshojaei/AndroidStudioProjects/Calcuapp/backend/vendor/laravel/framework/src/Illuminate/Routing/Router.php(822): Illuminate\\Routing\\Route->run()
#6 /Users/aminshojaei/AndroidStudioProjects/Calcuapp/backend/vendor/laravel/framework/src/Illuminate/Pipeline/Pipeline.php(180): Illuminate\\Routing\\Router->{closure:Illuminate\\Routing\\Router::runRouteWithinStack():821}(Object(Illuminate\\Http\\Request))
#7 /Users/aminshojaei/AndroidStudioProjects/Calcuapp/backend/app/Http/Middleware/TenantMiddleware.php(73): Illuminate\\Pipeline\\Pipeline->{closure:Illuminate\\Pipeline\\Pipeline::prepareDestination():178}(Object(Illuminate\\Http\\Request))
#8 /Users/aminshojaei/AndroidStudioProjects/Calcuapp/backend/vendor/laravel/framework/src/Illuminate/Pipeline/Pipeline.php(219): App\\Http\\Middleware\\TenantMiddleware->handle(Object(Illuminate\\Http\\Request), Object(Closure))
#9 /Users/aminshojaei/AndroidStudioProjects/Calcuapp/backend/app/Http/Middleware/EnsureUserIsActive.php(33): Illuminate\\Pipeline\\Pipeline->{closure:{closure:Illuminate\\Pipeline\\Pipeline::carry():194}:195}(Object(Illuminate\\Http\\Request))
#10 /Users/aminshojaei/AndroidStudioProjects/Calcuapp/backend/vendor/laravel/framework/src/Illuminate/Pipeline/Pipeline.php(219): App\\Http\\Middleware\\EnsureUserIsActive->handle(Object(Illuminate\\Http\\Request), Object(Closure))
#11 /Users/aminshojaei/AndroidStudioProjects/Calcuapp/backend/app/Http/Middleware/IdempotencyMiddleware.php(18): Illuminate\\Pipeline\\Pipeline->{closure:{closure:Illuminate\\Pipeline\\Pipeline::carry():194}:195}(Object(Illuminate\\Http\\Request))
#12 /Users/aminshojaei/AndroidStudioProjects/Calcuapp/backend/vendor/laravel/framework/src/Illuminate/Pipeline/Pipeline.php(219): App\\Http\\Middleware\\IdempotencyMiddleware->handle(Object(Illuminate\\Http\\Request), Object(Closure))
#13 /Users/aminshojaei/AndroidStudioProjects/Calcuapp/backend/vendor/laravel/framework/src/Illuminate/Routing/Middleware/SubstituteBindings.php(50): Illuminate\\Pipeline\\Pipeline->{closure:{closure:Illuminate\\Pipeline\\Pipeline::carry():194}:195}(Object(Illuminate\\Http\\Request))
#14 /Users/aminshojaei/AndroidStudioProjects/Calcuapp/backend/vendor/laravel/framework/src/Illuminate/Pipeline/Pipeline.php(219): Illuminate\\Routing\\Middleware\\SubstituteBindings->handle(Object(Illuminate\\Http\\Request), Object(Closure))
#15 /Users/aminshojaei/AndroidStudioProjects/Calcuapp/backend/vendor/laravel/framework/src/Illuminate/Routing/Middleware/ThrottleRequests.php(166): Illuminate\\Pipeline\\Pipeline->{closure:{closure:Illuminate\\Pipeline\\Pipeline::carry():194}:195}(Object(Illuminate\\Http\\Request))
#16 /Users/aminshojaei/AndroidStudioProjects/Calcuapp/backend/vendor/laravel/framework/src/Illuminate/Routing/Middleware/ThrottleRequests.php(129): Illuminate\\Routing\\Middleware\\ThrottleRequests->handleRequest(Object(Illuminate\\Http\\Request), Object(Closure), Array)
#17 /Users/aminshojaei/AndroidStudioProjects/Calcuapp/backend/vendor/laravel/framework/src/Illuminate/Routing/Middleware/ThrottleRequests.php(90): Illuminate\\Routing\\Middleware\\ThrottleRequests->handleRequestUsingNamedLimiter(Object(Illuminate\\Http\\Request), Object(Closure), 'password-change', Object(Closure))
#18 /Users/aminshojaei/AndroidStudioProjects/Calcuapp/backend/vendor/laravel/framework/src/Illuminate/Pipeline/Pipeline.php(219): Illuminate\\Routing\\Middleware\\ThrottleRequests->handle(Object(Illuminate\\Http\\Request), Object(Closure), 'password-change')
#19 /Users/aminshojaei/AndroidStudioProjects/Calcuapp/backend/vendor/laravel/framework/src/Illuminate/Auth/Middleware/Authenticate.php(63): Illuminate\\Pipeline\\Pipeline->{closure:{closure:Illuminate\\Pipeline\\Pipeline::carry():194}:195}(Object(Illuminate\\Http\\Request))
#20 /Users/aminshojaei/AndroidStudioProjects/Calcuapp/backend/vendor/laravel/framework/src/Illuminate/Pipeline/Pipeline.php(219): Illuminate\\Auth\\Middleware\\Authenticate->handle(Object(Illuminate\\Http\\Request), Object(Closure), 'sanctum')
#21 /Users/aminshojaei/AndroidStudioProjects/Calcuapp/backend/vendor/laravel/framework/src/Illuminate/Pipeline/Pipeline.php(137): Illuminate\\Pipeline\\Pipeline->{closure:{closure:Illuminate\\Pipeline\\Pipeline::carry():194}:195}(Object(Illuminate\\Http\\Request))
#22 /Users/aminshojaei/AndroidStudioProjects/Calcuapp/backend/vendor/laravel/framework/src/Illuminate/Routing/Router.php(821): Illuminate\\Pipeline\\Pipeline->then(Object(Closure))
#23 /Users/aminshojaei/AndroidStudioProjects/Calcuapp/backend/vendor/laravel/framework/src/Illuminate/Routing/Router.php(800): Illuminate\\Routing\\Router->runRouteWithinStack(Object(Illuminate\\Routing\\Route), Object(Illuminate\\Http\\Request))
#24 /Users/aminshojaei/AndroidStudioProjects/Calcuapp/backend/vendor/laravel/framework/src/Illuminate/Routing/Router.php(764): Illuminate\\Routing\\Router->runRoute(Object(Illuminate\\Http\\Request), Object(Illuminate\\Routing\\Route))
#25 /Users/aminshojaei/AndroidStudioProjects/Calcuapp/backend/vendor/laravel/framework/src/Illuminate/Routing/Router.php(753): Illuminate\\Routing\\Router->dispatchToRoute(Object(Illuminate\\Http\\Request))
#26 /Users/aminshojaei/AndroidStudioProjects/Calcuapp/backend/vendor/laravel/framework/src/Illuminate/Foundation/Http/Kernel.php(200): Illuminate\\Routing\\Router->dispatch(Object(Illuminate\\Http\\Request))
#27 /Users/aminshojaei/AndroidStudioProjects/Calcuapp/backend/vendor/laravel/framework/src/Illuminate/Pipeline/Pipeline.php(180): Illuminate\\Foundation\\Http\\Kernel->{closure:Illuminate\\Foundation\\Http\\Kernel::dispatchToRouter():197}(Object(Illuminate\\Http\\Request))
#28 /Users/aminshojaei/AndroidStudioProjects/Calcuapp/backend/vendor/laravel/framework/src/Illuminate/Foundation/Http/Middleware/TransformsRequest.php(21): Illuminate\\Pipeline\\Pipeline->{closure:Illuminate\\Pipeline\\Pipeline::prepareDestination():178}(Object(Illuminate\\Http\\Request))
#29 /Users/aminshojaei/AndroidStudioProjects/Calcuapp/backend/vendor/laravel/framework/src/Illuminate/Foundation/Http/Middleware/ConvertEmptyStringsToNull.php(31): Illuminate\\Foundation\\Http\\Middleware\\TransformsRequest->handle(Object(Illuminate\\Http\\Request), Object(Closure))
#30 /Users/aminshojaei/AndroidStudioProjects/Calcuapp/backend/vendor/laravel/framework/src/Illuminate/Pipeline/Pipeline.php(219): Illuminate\\Foundation\\Http\\Middleware\\ConvertEmptyStringsToNull->handle(Object(Illuminate\\Http\\Request), Object(Closure))
#31 /Users/aminshojaei/AndroidStudioProjects/Calcuapp/backend/vendor/laravel/framework/src/Illuminate/Foundation/Http/Middleware/TransformsRequest.php(21): Illuminate\\Pipeline\\Pipeline->{closure:{closure:Illuminate\\Pipeline\\Pipeline::carry():194}:195}(Object(Illuminate\\Http\\Request))
#32 /Users/aminshojaei/AndroidStudioProjects/Calcuapp/backend/vendor/laravel/framework/src/Illuminate/Foundation/Http/Middleware/TrimStrings.php(51): Illuminate\\Foundation\\Http\\Middleware\\TransformsRequest->handle(Object(Illuminate\\Http\\Request), Object(Closure))
#33 /Users/aminshojaei/AndroidStudioProjects/Calcuapp/backend/vendor/laravel/framework/src/Illuminate/Pipeline/Pipeline.php(219): Illuminate\\Foundation\\Http\\Middleware\\TrimStrings->handle(Object(Illuminate\\Http\\Request), Object(Closure))
#34 /Users/aminshojaei/AndroidStudioProjects/Calcuapp/backend/vendor/laravel/framework/src/Illuminate/Http/Middleware/ValidatePostSize.php(27): Illuminate\\Pipeline\\Pipeline->{closure:{closure:Illuminate\\Pipeline\\Pipeline::carry():194}:195}(Object(Illuminate\\Http\\Request))
#35 /Users/aminshojaei/AndroidStudioProjects/Calcuapp/backend/vendor/laravel/framework/src/Illuminate/Pipeline/Pipeline.php(219): Illuminate\\Http\\Middleware\\ValidatePostSize->handle(Object(Illuminate\\Http\\Request), Object(Closure))
#36 /Users/aminshojaei/AndroidStudioProjects/Calcuapp/backend/vendor/laravel/framework/src/Illuminate/Foundation/Http/Middleware/PreventRequestsDuringMaintenance.php(109): Illuminate\\Pipeline\\Pipeline->{closure:{closure:Illuminate\\Pipeline\\Pipeline::carry():194}:195}(Object(Illuminate\\Http\\Request))
#37 /Users/aminshojaei/AndroidStudioProjects/Calcuapp/backend/vendor/laravel/framework/src/Illuminate/Pipeline/Pipeline.php(219): Illuminate\\Foundation\\Http\\Middleware\\PreventRequestsDuringMaintenance->handle(Object(Illuminate\\Http\\Request), Object(Closure))
#38 /Users/aminshojaei/AndroidStudioProjects/Calcuapp/backend/vendor/laravel/framework/src/Illuminate/Http/Middleware/HandleCors.php(74): Illuminate\\Pipeline\\Pipeline->{closure:{closure:Illuminate\\Pipeline\\Pipeline::carry():194}:195}(Object(Illuminate\\Http\\Request))
#39 /Users/aminshojaei/AndroidStudioProjects/Calcuapp/backend/vendor/laravel/framework/src/Illuminate/Pipeline/Pipeline.php(219): Illuminate\\Http\\Middleware\\HandleCors->handle(Object(Illuminate\\Http\\Request), Object(Closure))
#40 /Users/aminshojaei/AndroidStudioProjects/Calcuapp/backend/vendor/laravel/framework/src/Illuminate/Http/Middleware/TrustProxies.php(58): Illuminate\\Pipeline\\Pipeline->{closure:{closure:Illuminate\\Pipeline\\Pipeline::carry():194}:195}(Object(Illuminate\\Http\\Request))
#41 /Users/aminshojaei/AndroidStudioProjects/Calcuapp/backend/vendor/laravel/framework/src/Illuminate/Pipeline/Pipeline.php(219): Illuminate\\Http\\Middleware\\TrustProxies->handle(Object(Illuminate\\Http\\Request), Object(Closure))
#42 /Users/aminshojaei/AndroidStudioProjects/Calcuapp/backend/vendor/laravel/framework/src/Illuminate/Foundation/Http/Middleware/InvokeDeferredCallbacks.php(22): Illuminate\\Pipeline\\Pipeline->{closure:{closure:Illuminate\\Pipeline\\Pipeline::carry():194}:195}(Object(Illuminate\\Http\\Request))
#43 /Users/aminshojaei/AndroidStudioProjects/Calcuapp/backend/vendor/laravel/framework/src/Illuminate/Pipeline/Pipeline.php(219): Illuminate\\Foundation\\Http\\Middleware\\InvokeDeferredCallbacks->handle(Object(Illuminate\\Http\\Request), Object(Closure))
#44 /Users/aminshojaei/AndroidStudioProjects/Calcuapp/backend/vendor/laravel/framework/src/Illuminate/Http/Middleware/ValidatePathEncoding.php(26): Illuminate\\Pipeline\\Pipeline->{closure:{closure:Illuminate\\Pipeline\\Pipeline::carry():194}:195}(Object(Illuminate\\Http\\Request))
#45 /Users/aminshojaei/AndroidStudioProjects/Calcuapp/backend/vendor/laravel/framework/src/Illuminate/Pipeline/Pipeline.php(219): Illuminate\\Http\\Middleware\\ValidatePathEncoding->handle(Object(Illuminate\\Http\\Request), Object(Closure))
#46 /Users/aminshojaei/AndroidStudioProjects/Calcuapp/backend/vendor/laravel/framework/src/Illuminate/Pipeline/Pipeline.php(137): Illuminate\\Pipeline\\Pipeline->{closure:{closure:Illuminate\\Pipeline\\Pipeline::carry():194}:195}(Object(Illuminate\\Http\\Request))
#47 /Users/aminshojaei/AndroidStudioProjects/Calcuapp/backend/vendor/laravel/framework/src/Illuminate/Foundation/Http/Kernel.php(175): Illuminate\\Pipeline\\Pipeline->then(Object(Closure))
#48 /Users/aminshojaei/AndroidStudioProjects/Calcuapp/backend/vendor/laravel/framework/src/Illuminate/Foundation/Http/Kernel.php(144): Illuminate\\Foundation\\Http\\Kernel->sendRequestThroughRouter(Object(Illuminate\\Http\\Request))
#49 /Users/aminshojaei/AndroidStudioProjects/Calcuapp/backend/vendor/laravel/framework/src/Illuminate/Foundation/Testing/Concerns/MakesHttpRequests.php(607): Illuminate\\Foundation\\Http\\Kernel->handle(Object(Illuminate\\Http\\Request))
#50 /Users/aminshojaei/AndroidStudioProjects/Calcuapp/backend/vendor/laravel/framework/src/Illuminate/Foundation/Testing/Concerns/MakesHttpRequests.php(573): Illuminate\\Foundation\\Testing\\TestCase->call('POST', '/api/v1/auth/ch...', Array, Array, Array, Array, '{\"current_passw...')
#51 /Users/aminshojaei/AndroidStudioProjects/Calcuapp/backend/vendor/laravel/framework/src/Illuminate/Foundation/Testing/Concerns/MakesHttpRequests.php(411): Illuminate\\Foundation\\Testing\\TestCase->json('POST', '/api/v1/auth/ch...', Array, Array, 0)
#52 /Users/aminshojaei/AndroidStudioProjects/Calcuapp/backend/tests/Feature/PasswordRecoveryTest.php(266): Illuminate\\Foundation\\Testing\\TestCase->postJson('/api/v1/auth/ch...', Array)
#53 /Users/aminshojaei/AndroidStudioProjects/Calcuapp/backend/vendor/phpunit/phpunit/src/Framework/TestCase.php(1667): Tests\\Feature\\PasswordRecoveryTest->test_change_password_enforces_the_policy_and_keeps_this_session()
#54 /Users/aminshojaei/AndroidStudioProjects/Calcuapp/backend/vendor/phpunit/phpunit/src/Framework/TestCase.php(519): PHPUnit\\Framework\\TestCase->runTest()
#55 /Users/aminshojaei/AndroidStudioProjects/Calcuapp/backend/vendor/phpunit/phpunit/src/Framework/TestRunner/TestRunner.php(87): PHPUnit\\Framework\\TestCase->runBare()
#56 /Users/aminshojaei/AndroidStudioProjects/Calcuapp/backend/vendor/phpunit/phpunit/src/Framework/TestCase.php(365): PHPUnit\\Framework\\TestRunner->run(Object(Tests\\Feature\\PasswordRecoveryTest))
#57 /Users/aminshojaei/AndroidStudioProjects/Calcuapp/backend/vendor/phpunit/phpunit/src/Framework/TestSuite.php(369): PHPUnit\\Framework\\TestCase->run()
#58 /Users/aminshojaei/AndroidStudioProjects/Calcuapp/backend/vendor/phpunit/phpunit/src/Framework/TestSuite.php(369): PHPUnit\\Framework\\TestSuite->run()
#59 /Users/aminshojaei/AndroidStudioProjects/Calcuapp/backend/vendor/phpunit/phpunit/src/Framework/TestSuite.php(369): PHPUnit\\Framework\\TestSuite->run()
#60 /Users/aminshojaei/AndroidStudioProjects/Calcuapp/backend/vendor/phpunit/phpunit/src/TextUI/TestRunner.php(64): PHPUnit\\Framework\\TestSuite->run()
#61 /Users/aminshojaei/AndroidStudioProjects/Calcuapp/backend/vendor/phpunit/phpunit/src/TextUI/Application.php(211): PHPUnit\\TextUI\\TestRunner->run(Object(PHPUnit\\TextUI\\Configuration\\Configuration), Object(PHPUnit\\Runner\\ResultCache\\DefaultResultCache), Object(PHPUnit\\Framework\\TestSuite))
#62 /Users/aminshojaei/AndroidStudioProjects/Calcuapp/backend/vendor/phpunit/phpunit/phpunit(104): PHPUnit\\TextUI\\Application->run(Array)
#63 /Users/aminshojaei/AndroidStudioProjects/Calcuapp/backend/vendor/bin/phpunit(122): include('/Users/aminshoj...')
#64 {main}
"} 
[2026-10-02 13:36:29] testing.ERROR: Using $this when not in object context {"exception":"[object] (Error(code: 0): Using $this when not in object context at /Users/aminshojaei/AndroidStudioProjects/Calcuapp/backend/app/Support/PasswordPolicy.php:84)
[stacktrace]
#0 /Users/aminshojaei/AndroidStudioProjects/Calcuapp/backend/app/Support/PasswordPolicy.php(55): App\\Support\\PasswordPolicy::isCommon('Resto1234')
#1 /Users/aminshojaei/AndroidStudioProjects/Calcuapp/backend/app/Http/Controllers/Api/AuthController.php(199): App\\Support\\PasswordPolicy::validate('Resto1234')
#2 /Users/aminshojaei/AndroidStudioProjects/Calcuapp/backend/vendor/laravel/framework/src/Illuminate/Routing/ControllerDispatcher.php(46): App\\Http\\Controllers\\Api\\AuthController->resetPassword(Object(Illuminate\\Http\\Request))
#3 /Users/aminshojaei/AndroidStudioProjects/Calcuapp/backend/vendor/laravel/framework/src/Illuminate/Routing/Route.php(265): Illuminate\\Routing\\ControllerDispatcher->dispatch(Object(Illuminate\\Routing\\Route), Object(App\\Http\\Controllers\\Api\\AuthController), 'resetPassword')
#4 /Users/aminshojaei/AndroidStudioProjects/Calcuapp/backend/vendor/laravel/framework/src/Illuminate/Routing/Route.php(211): Illuminate\\Routing\\Route->runController()
#5 /Users/aminshojaei/AndroidStudioProjects/Calcuapp/backend/vendor/laravel/framework/src/Illuminate/Routing/Router.php(822): Illuminate\\Routing\\Route->run()
#6 /Users/aminshojaei/AndroidStudioProjects/Calcuapp/backend/vendor/laravel/framework/src/Illuminate/Pipeline/Pipeline.php(180): Illuminate\\Routing\\Router->{closure:Illuminate\\Routing\\Router::runRouteWithinStack():821}(Object(Illuminate\\Http\\Request))
#7 /Users/aminshojaei/AndroidStudioProjects/Calcuapp/backend/app/Http/Middleware/IdempotencyMiddleware.php(18): Illuminate\\Pipeline\\Pipeline->{closure:Illuminate\\Pipeline\\Pipeline::prepareDestination():178}(Object(Illuminate\\Http\\Request))
#8 /Users/aminshojaei/AndroidStudioProjects/Calcuapp/backend/vendor/laravel/framework/src/Illuminate/Pipeline/Pipeline.php(219): App\\Http\\Middleware\\IdempotencyMiddleware->handle(Object(Illuminate\\Http\\Request), Object(Closure))
#9 /Users/aminshojaei/AndroidStudioProjects/Calcuapp/backend/vendor/laravel/framework/src/Illuminate/Routing/Middleware/SubstituteBindings.php(50): Illuminate\\Pipeline\\Pipeline->{closure:{closure:Illuminate\\Pipeline\\Pipeline::carry():194}:195}(Object(Illuminate\\Http\\Request))
#10 /Users/aminshojaei/AndroidStudioProjects/Calcuapp/backend/vendor/laravel/framework/src/Illuminate/Pipeline/Pipeline.php(219): Illuminate\\Routing\\Middleware\\SubstituteBindings->handle(Object(Illuminate\\Http\\Request), Object(Closure))
#11 /Users/aminshojaei/AndroidStudioProjects/Calcuapp/backend/vendor/laravel/framework/src/Illuminate/Routing/Middleware/ThrottleRequests.php(166): Illuminate\\Pipeline\\Pipeline->{closure:{closure:Illuminate\\Pipeline\\Pipeline::carry():194}:195}(Object(Illuminate\\Http\\Request))
#12 /Users/aminshojaei/AndroidStudioProjects/Calcuapp/backend/vendor/laravel/framework/src/Illuminate/Routing/Middleware/ThrottleRequests.php(129): Illuminate\\Routing\\Middleware\\ThrottleRequests->handleRequest(Object(Illuminate\\Http\\Request), Object(Closure), Array)
#13 /Users/aminshojaei/AndroidStudioProjects/Calcuapp/backend/vendor/laravel/framework/src/Illuminate/Routing/Middleware/ThrottleRequests.php(90): Illuminate\\Routing\\Middleware\\ThrottleRequests->handleRequestUsingNamedLimiter(Object(Illuminate\\Http\\Request), Object(Closure), 'password-reset', Object(Closure))
#14 /Users/aminshojaei/AndroidStudioProjects/Calcuapp/backend/vendor/laravel/framework/src/Illuminate/Pipeline/Pipeline.php(219): Illuminate\\Routing\\Middleware\\ThrottleRequests->handle(Object(Illuminate\\Http\\Request), Object(Closure), 'password-reset')
#15 /Users/aminshojaei/AndroidStudioProjects/Calcuapp/backend/vendor/laravel/framework/src/Illuminate/Pipeline/Pipeline.php(137): Illuminate\\Pipeline\\Pipeline->{closure:{closure:Illuminate\\Pipeline\\Pipeline::carry():194}:195}(Object(Illuminate\\Http\\Request))
#16 /Users/aminshojaei/AndroidStudioProjects/Calcuapp/backend/vendor/laravel/framework/src/Illuminate/Routing/Router.php(821): Illuminate\\Pipeline\\Pipeline->then(Object(Closure))
#17 /Users/aminshojaei/AndroidStudioProjects/Calcuapp/backend/vendor/laravel/framework/src/Illuminate/Routing/Router.php(800): Illuminate\\Routing\\Router->runRouteWithinStack(Object(Illuminate\\Routing\\Route), Object(Illuminate\\Http\\Request))
#18 /Users/aminshojaei/AndroidStudioProjects/Calcuapp/backend/vendor/laravel/framework/src/Illuminate/Routing/Router.php(764): Illuminate\\Routing\\Router->runRoute(Object(Illuminate\\Http\\Request), Object(Illuminate\\Routing\\Route))
#19 /Users/aminshojaei/AndroidStudioProjects/Calcuapp/backend/vendor/laravel/framework/src/Illuminate/Routing/Router.php(753): Illuminate\\Routing\\Router->dispatchToRoute(Object(Illuminate\\Http\\Request))
#20 /Users/aminshojaei/AndroidStudioProjects/Calcuapp/backend/vendor/laravel/framework/src/Illuminate/Foundation/Http/Kernel.php(200): Illuminate\\Routing\\Router->dispatch(Object(Illuminate\\Http\\Request))
#21 /Users/aminshojaei/AndroidStudioProjects/Calcuapp/backend/vendor/laravel/framework/src/Illuminate/Pipeline/Pipeline.php(180): Illuminate\\Foundation\\Http\\Kernel->{closure:Illuminate\\Foundation\\Http\\Kernel::dispatchToRouter():197}(Object(Illuminate\\Http\\Request))
#22 /Users/aminshojaei/AndroidStudioProjects/Calcuapp/backend/vendor/laravel/framework/src/Illuminate/Foundation/Http/Middleware/TransformsRequest.php(21): Illuminate\\Pipeline\\Pipeline->{closure:Illuminate\\Pipeline\\Pipeline::prepareDestination():178}(Object(Illuminate\\Http\\Request))
#23 /Users/aminshojaei/AndroidStudioProjects/Calcuapp/backend/vendor/laravel/framework/src/Illuminate/Foundation/Http/Middleware/ConvertEmptyStringsToNull.php(31): Illuminate\\Foundation\\Http\\Middleware\\TransformsRequest->handle(Object(Illuminate\\Http\\Request), Object(Closure))
#24 /Users/aminshojaei/AndroidStudioProjects/Calcuapp/backend/vendor/laravel/framework/src/Illuminate/Pipeline/Pipeline.php(219): Illuminate\\Foundation\\Http\\Middleware\\ConvertEmptyStringsToNull->handle(Object(Illuminate\\Http\\Request), Object(Closure))
#25 /Users/aminshojaei/AndroidStudioProjects/Calcuapp/backend/vendor/laravel/framework/src/Illuminate/Foundation/Http/Middleware/TransformsRequest.php(21): Illuminate\\Pipeline\\Pipeline->{closure:{closure:Illuminate\\Pipeline\\Pipeline::carry():194}:195}(Object(Illuminate\\Http\\Request))
#26 /Users/aminshojaei/AndroidStudioProjects/Calcuapp/backend/vendor/laravel/framework/src/Illuminate/Foundation/Http/Middleware/TrimStrings.php(51): Illuminate\\Foundation\\Http\\Middleware\\TransformsRequest->handle(Object(Illuminate\\Http\\Request), Object(Closure))
#27 /Users/aminshojaei/AndroidStudioProjects/Calcuapp/backend/vendor/laravel/framework/src/Illuminate/Pipeline/Pipeline.php(219): Illuminate\\Foundation\\Http\\Middleware\\TrimStrings->handle(Object(Illuminate\\Http\\Request), Object(Closure))
#28 /Users/aminshojaei/AndroidStudioProjects/Calcuapp/backend/vendor/laravel/framework/src/Illuminate/Http/Middleware/ValidatePostSize.php(27): Illuminate\\Pipeline\\Pipeline->{closure:{closure:Illuminate\\Pipeline\\Pipeline::carry():194}:195}(Object(Illuminate\\Http\\Request))
#29 /Users/aminshojaei/AndroidStudioProjects/Calcuapp/backend/vendor/laravel/framework/src/Illuminate/Pipeline/Pipeline.php(219): Illuminate\\Http\\Middleware\\ValidatePostSize->handle(Object(Illuminate\\Http\\Request), Object(Closure))
#30 /Users/aminshojaei/AndroidStudioProjects/Calcuapp/backend/vendor/laravel/framework/src/Illuminate/Foundation/Http/Middleware/PreventRequestsDuringMaintenance.php(109): Illuminate\\Pipeline\\Pipeline->{closure:{closure:Illuminate\\Pipeline\\Pipeline::carry():194}:195}(Object(Illuminate\\Http\\Request))
#31 /Users/aminshojaei/AndroidStudioProjects/Calcuapp/backend/vendor/laravel/framework/src/Illuminate/Pipeline/Pipeline.php(219): Illuminate\\Foundation\\Http\\Middleware\\PreventRequestsDuringMaintenance->handle(Object(Illuminate\\Http\\Request), Object(Closure))
#32 /Users/aminshojaei/AndroidStudioProjects/Calcuapp/backend/vendor/laravel/framework/src/Illuminate/Http/Middleware/HandleCors.php(74): Illuminate\\Pipeline\\Pipeline->{closure:{closure:Illuminate\\Pipeline\\Pipeline::carry():194}:195}(Object(Illuminate\\Http\\Request))
#33 /Users/aminshojaei/AndroidStudioProjects/Calcuapp/backend/vendor/laravel/framework/src/Illuminate/Pipeline/Pipeline.php(219): Illuminate\\Http\\Middleware\\HandleCors->handle(Object(Illuminate\\Http\\Request), Object(Closure))
#34 /Users/aminshojaei/AndroidStudioProjects/Calcuapp/backend/vendor/laravel/framework/src/Illuminate/Http/Middleware/TrustProxies.php(58): Illuminate\\Pipeline\\Pipeline->{closure:{closure:Illuminate\\Pipeline\\Pipeline::carry():194}:195}(Object(Illuminate\\Http\\Request))
#35 /Users/aminshojaei/AndroidStudioProjects/Calcuapp/backend/vendor/laravel/framework/src/Illuminate/Pipeline/Pipeline.php(219): Illuminate\\Http\\Middleware\\TrustProxies->handle(Object(Illuminate\\Http\\Request), Object(Closure))
#36 /Users/aminshojaei/AndroidStudioProjects/Calcuapp/backend/vendor/laravel/framework/src/Illuminate/Foundation/Http/Middleware/InvokeDeferredCallbacks.php(22): Illuminate\\Pipeline\\Pipeline->{closure:{closure:Illuminate\\Pipeline\\Pipeline::carry():194}:195}(Object(Illuminate\\Http\\Request))
#37 /Users/aminshojaei/AndroidStudioProjects/Calcuapp/backend/vendor/laravel/framework/src/Illuminate/Pipeline/Pipeline.php(219): Illuminate\\Foundation\\Http\\Middleware\\InvokeDeferredCallbacks->handle(Object(Illuminate\\Http\\Request), Object(Closure))
#38 /Users/aminshojaei/AndroidStudioProjects/Calcuapp/backend/vendor/laravel/framework/src/Illuminate/Http/Middleware/ValidatePathEncoding.php(26): Illuminate\\Pipeline\\Pipeline->{closure:{closure:Illuminate\\Pipeline\\Pipeline::carry():194}:195}(Object(Illuminate\\Http\\Request))
#39 /Users/aminshojaei/AndroidStudioProjects/Calcuapp/backend/vendor/laravel/framework/src/Illuminate/Pipeline/Pipeline.php(219): Illuminate\\Http\\Middleware\\ValidatePathEncoding->handle(Object(Illuminate\\Http\\Request), Object(Closure))
#40 /Users/aminshojaei/AndroidStudioProjects/Calcuapp/backend/vendor/laravel/framework/src/Illuminate/Pipeline/Pipeline.php(137): Illuminate\\Pipeline\\Pipeline->{closure:{closure:Illuminate\\Pipeline\\Pipeline::carry():194}:195}(Object(Illuminate\\Http\\Request))
#41 /Users/aminshojaei/AndroidStudioProjects/Calcuapp/backend/vendor/laravel/framework/src/Illuminate/Foundation/Http/Kernel.php(175): Illuminate\\Pipeline\\Pipeline->then(Object(Closure))
#42 /Users/aminshojaei/AndroidStudioProjects/Calcuapp/backend/vendor/laravel/framework/src/Illuminate/Foundation/Http/Kernel.php(144): Illuminate\\Foundation\\Http\\Kernel->sendRequestThroughRouter(Object(Illuminate\\Http\\Request))
#43 /Users/aminshojaei/AndroidStudioProjects/Calcuapp/backend/vendor/laravel/framework/src/Illuminate/Foundation/Testing/Concerns/MakesHttpRequests.php(607): Illuminate\\Foundation\\Http\\Kernel->handle(Object(Illuminate\\Http\\Request))
#44 /Users/aminshojaei/AndroidStudioProjects/Calcuapp/backend/vendor/laravel/framework/src/Illuminate/Foundation/Testing/Concerns/MakesHttpRequests.php(573): Illuminate\\Foundation\\Testing\\TestCase->call('POST', '/api/v1/auth/re...', Array, Array, Array, Array, '{\"email\":\"marya...')
#45 /Users/aminshojaei/AndroidStudioProjects/Calcuapp/backend/vendor/laravel/framework/src/Illuminate/Foundation/Testing/Concerns/MakesHttpRequests.php(411): Illuminate\\Foundation\\Testing\\TestCase->json('POST', '/api/v1/auth/re...', Array, Array, 0)
#46 /Users/aminshojaei/AndroidStudioProjects/Calcuapp/backend/tests/Feature/PasswordRecoveryTest.php(298): Illuminate\\Foundation\\Testing\\TestCase->postJson('/api/v1/auth/re...', Array)
#47 /Users/aminshojaei/AndroidStudioProjects/Calcuapp/backend/vendor/phpunit/phpunit/src/Framework/TestCase.php(1667): Tests\\Feature\\PasswordRecoveryTest->test_password_policy_rejects_common_and_short_passwords()
#48 /Users/aminshojaei/AndroidStudioProjects/Calcuapp/backend/vendor/phpunit/phpunit/src/Framework/TestCase.php(519): PHPUnit\\Framework\\TestCase->runTest()
#49 /Users/aminshojaei/AndroidStudioProjects/Calcuapp/backend/vendor/phpunit/phpunit/src/Framework/TestRunner/TestRunner.php(87): PHPUnit\\Framework\\TestCase->runBare()
#50 /Users/aminshojaei/AndroidStudioProjects/Calcuapp/backend/vendor/phpunit/phpunit/src/Framework/TestCase.php(365): PHPUnit\\Framework\\TestRunner->run(Object(Tests\\Feature\\PasswordRecoveryTest))
#51 /Users/aminshojaei/AndroidStudioProjects/Calcuapp/backend/vendor/phpunit/phpunit/src/Framework/TestSuite.php(369): PHPUnit\\Framework\\TestCase->run()
#52 /Users/aminshojaei/AndroidStudioProjects/Calcuapp/backend/vendor/phpunit/phpunit/src/Framework/TestSuite.php(369): PHPUnit\\Framework\\TestSuite->run()
#53 /Users/aminshojaei/AndroidStudioProjects/Calcuapp/backend/vendor/phpunit/phpunit/src/Framework/TestSuite.php(369): PHPUnit\\Framework\\TestSuite->run()
#54 /Users/aminshojaei/AndroidStudioProjects/Calcuapp/backend/vendor/phpunit/phpunit/src/TextUI/TestRunner.php(64): PHPUnit\\Framework\\TestSuite->run()
#55 /Users/aminshojaei/AndroidStudioProjects/Calcuapp/backend/vendor/phpunit/phpunit/src/TextUI/Application.php(211): PHPUnit\\TextUI\\TestRunner->run(Object(PHPUnit\\TextUI\\Configuration\\Configuration), Object(PHPUnit\\Runner\\ResultCache\\DefaultResultCache), Object(PHPUnit\\Framework\\TestSuite))
#56 /Users/aminshojaei/AndroidStudioProjects/Calcuapp/backend/vendor/phpunit/phpunit/phpunit(104): PHPUnit\\TextUI\\Application->run(Array)
#57 /Users/aminshojaei/AndroidStudioProjects/Calcuapp/backend/vendor/bin/phpunit(122): include('/Users/aminshoj...')
#58 {main}
"} 
[2026-10-02 13:36:29] testing.ERROR: Using $this when not in object context {"exception":"[object] (Error(code: 0): Using $this when not in object context at /Users/aminshojaei/AndroidStudioProjects/Calcuapp/backend/app/Support/PasswordPolicy.php:84)
[stacktrace]
#0 /Users/aminshojaei/AndroidStudioProjects/Calcuapp/backend/app/Support/PasswordPolicy.php(55): App\\Support\\PasswordPolicy::isCommon('Brand-New-Pass-...')
#1 /Users/aminshojaei/AndroidStudioProjects/Calcuapp/backend/app/Http/Controllers/Api/AuthController.php(199): App\\Support\\PasswordPolicy::validate('Brand-New-Pass-...')
#2 /Users/aminshojaei/AndroidStudioProjects/Calcuapp/backend/vendor/laravel/framework/src/Illuminate/Routing/ControllerDispatcher.php(46): App\\Http\\Controllers\\Api\\AuthController->resetPassword(Object(Illuminate\\Http\\Request))
#3 /Users/aminshojaei/AndroidStudioProjects/Calcuapp/backend/vendor/laravel/framework/src/Illuminate/Routing/Route.php(265): Illuminate\\Routing\\ControllerDispatcher->dispatch(Object(Illuminate\\Routing\\Route), Object(App\\Http\\Controllers\\Api\\AuthController), 'resetPassword')
#4 /Users/aminshojaei/AndroidStudioProjects/Calcuapp/backend/vendor/laravel/framework/src/Illuminate/Routing/Route.php(211): Illuminate\\Routing\\Route->runController()
#5 /Users/aminshojaei/AndroidStudioProjects/Calcuapp/backend/vendor/laravel/framework/src/Illuminate/Routing/Router.php(822): Illuminate\\Routing\\Route->run()
#6 /Users/aminshojaei/AndroidStudioProjects/Calcuapp/backend/vendor/laravel/framework/src/Illuminate/Pipeline/Pipeline.php(180): Illuminate\\Routing\\Router->{closure:Illuminate\\Routing\\Router::runRouteWithinStack():821}(Object(Illuminate\\Http\\Request))
#7 /Users/aminshojaei/AndroidStudioProjects/Calcuapp/backend/app/Http/Middleware/IdempotencyMiddleware.php(18): Illuminate\\Pipeline\\Pipeline->{closure:Illuminate\\Pipeline\\Pipeline::prepareDestination():178}(Object(Illuminate\\Http\\Request))
#8 /Users/aminshojaei/AndroidStudioProjects/Calcuapp/backend/vendor/laravel/framework/src/Illuminate/Pipeline/Pipeline.php(219): App\\Http\\Middleware\\IdempotencyMiddleware->handle(Object(Illuminate\\Http\\Request), Object(Closure))
#9 /Users/aminshojaei/AndroidStudioProjects/Calcuapp/backend/vendor/laravel/framework/src/Illuminate/Routing/Middleware/SubstituteBindings.php(50): Illuminate\\Pipeline\\Pipeline->{closure:{closure:Illuminate\\Pipeline\\Pipeline::carry():194}:195}(Object(Illuminate\\Http\\Request))
#10 /Users/aminshojaei/AndroidStudioProjects/Calcuapp/backend/vendor/laravel/framework/src/Illuminate/Pipeline/Pipeline.php(219): Illuminate\\Routing\\Middleware\\SubstituteBindings->handle(Object(Illuminate\\Http\\Request), Object(Closure))
#11 /Users/aminshojaei/AndroidStudioProjects/Calcuapp/backend/vendor/laravel/framework/src/Illuminate/Routing/Middleware/ThrottleRequests.php(166): Illuminate\\Pipeline\\Pipeline->{closure:{closure:Illuminate\\Pipeline\\Pipeline::carry():194}:195}(Object(Illuminate\\Http\\Request))
#12 /Users/aminshojaei/AndroidStudioProjects/Calcuapp/backend/vendor/laravel/framework/src/Illuminate/Routing/Middleware/ThrottleRequests.php(129): Illuminate\\Routing\\Middleware\\ThrottleRequests->handleRequest(Object(Illuminate\\Http\\Request), Object(Closure), Array)
#13 /Users/aminshojaei/AndroidStudioProjects/Calcuapp/backend/vendor/laravel/framework/src/Illuminate/Routing/Middleware/ThrottleRequests.php(90): Illuminate\\Routing\\Middleware\\ThrottleRequests->handleRequestUsingNamedLimiter(Object(Illuminate\\Http\\Request), Object(Closure), 'password-reset', Object(Closure))
#14 /Users/aminshojaei/AndroidStudioProjects/Calcuapp/backend/vendor/laravel/framework/src/Illuminate/Pipeline/Pipeline.php(219): Illuminate\\Routing\\Middleware\\ThrottleRequests->handle(Object(Illuminate\\Http\\Request), Object(Closure), 'password-reset')
#15 /Users/aminshojaei/AndroidStudioProjects/Calcuapp/backend/vendor/laravel/framework/src/Illuminate/Pipeline/Pipeline.php(137): Illuminate\\Pipeline\\Pipeline->{closure:{closure:Illuminate\\Pipeline\\Pipeline::carry():194}:195}(Object(Illuminate\\Http\\Request))
#16 /Users/aminshojaei/AndroidStudioProjects/Calcuapp/backend/vendor/laravel/framework/src/Illuminate/Routing/Router.php(821): Illuminate\\Pipeline\\Pipeline->then(Object(Closure))
#17 /Users/aminshojaei/AndroidStudioProjects/Calcuapp/backend/vendor/laravel/framework/src/Illuminate/Routing/Router.php(800): Illuminate\\Routing\\Router->runRouteWithinStack(Object(Illuminate\\Routing\\Route), Object(Illuminate\\Http\\Request))
#18 /Users/aminshojaei/AndroidStudioProjects/Calcuapp/backend/vendor/laravel/framework/src/Illuminate/Routing/Router.php(764): Illuminate\\Routing\\Router->runRoute(Object(Illuminate\\Http\\Request), Object(Illuminate\\Routing\\Route))
#19 /Users/aminshojaei/AndroidStudioProjects/Calcuapp/backend/vendor/laravel/framework/src/Illuminate/Routing/Router.php(753): Illuminate\\Routing\\Router->dispatchToRoute(Object(Illuminate\\Http\\Request))
#20 /Users/aminshojaei/AndroidStudioProjects/Calcuapp/backend/vendor/laravel/framework/src/Illuminate/Foundation/Http/Kernel.php(200): Illuminate\\Routing\\Router->dispatch(Object(Illuminate\\Http\\Request))
#21 /Users/aminshojaei/AndroidStudioProjects/Calcuapp/backend/vendor/laravel/framework/src/Illuminate/Pipeline/Pipeline.php(180): Illuminate\\Foundation\\Http\\Kernel->{closure:Illuminate\\Foundation\\Http\\Kernel::dispatchToRouter():197}(Object(Illuminate\\Http\\Request))
#22 /Users/aminshojaei/AndroidStudioProjects/Calcuapp/backend/vendor/laravel/framework/src/Illuminate/Foundation/Http/Middleware/TransformsRequest.php(21): Illuminate\\Pipeline\\Pipeline->{closure:Illuminate\\Pipeline\\Pipeline::prepareDestination():178}(Object(Illuminate\\Http\\Request))
#23 /Users/aminshojaei/AndroidStudioProjects/Calcuapp/backend/vendor/laravel/framework/src/Illuminate/Foundation/Http/Middleware/ConvertEmptyStringsToNull.php(31): Illuminate\\Foundation\\Http\\Middleware\\TransformsRequest->handle(Object(Illuminate\\Http\\Request), Object(Closure))
#24 /Users/aminshojaei/AndroidStudioProjects/Calcuapp/backend/vendor/laravel/framework/src/Illuminate/Pipeline/Pipeline.php(219): Illuminate\\Foundation\\Http\\Middleware\\ConvertEmptyStringsToNull->handle(Object(Illuminate\\Http\\Request), Object(Closure))
#25 /Users/aminshojaei/AndroidStudioProjects/Calcuapp/backend/vendor/laravel/framework/src/Illuminate/Foundation/Http/Middleware/TransformsRequest.php(21): Illuminate\\Pipeline\\Pipeline->{closure:{closure:Illuminate\\Pipeline\\Pipeline::carry():194}:195}(Object(Illuminate\\Http\\Request))
#26 /Users/aminshojaei/AndroidStudioProjects/Calcuapp/backend/vendor/laravel/framework/src/Illuminate/Foundation/Http/Middleware/TrimStrings.php(51): Illuminate\\Foundation\\Http\\Middleware\\TransformsRequest->handle(Object(Illuminate\\Http\\Request), Object(Closure))
#27 /Users/aminshojaei/AndroidStudioProjects/Calcuapp/backend/vendor/laravel/framework/src/Illuminate/Pipeline/Pipeline.php(219): Illuminate\\Foundation\\Http\\Middleware\\TrimStrings->handle(Object(Illuminate\\Http\\Request), Object(Closure))
#28 /Users/aminshojaei/AndroidStudioProjects/Calcuapp/backend/vendor/laravel/framework/src/Illuminate/Http/Middleware/ValidatePostSize.php(27): Illuminate\\Pipeline\\Pipeline->{closure:{closure:Illuminate\\Pipeline\\Pipeline::carry():194}:195}(Object(Illuminate\\Http\\Request))
#29 /Users/aminshojaei/AndroidStudioProjects/Calcuapp/backend/vendor/laravel/framework/src/Illuminate/Pipeline/Pipeline.php(219): Illuminate\\Http\\Middleware\\ValidatePostSize->handle(Object(Illuminate\\Http\\Request), Object(Closure))
#30 /Users/aminshojaei/AndroidStudioProjects/Calcuapp/backend/vendor/laravel/framework/src/Illuminate/Foundation/Http/Middleware/PreventRequestsDuringMaintenance.php(109): Illuminate\\Pipeline\\Pipeline->{closure:{closure:Illuminate\\Pipeline\\Pipeline::carry():194}:195}(Object(Illuminate\\Http\\Request))
#31 /Users/aminshojaei/AndroidStudioProjects/Calcuapp/backend/vendor/laravel/framework/src/Illuminate/Pipeline/Pipeline.php(219): Illuminate\\Foundation\\Http\\Middleware\\PreventRequestsDuringMaintenance->handle(Object(Illuminate\\Http\\Request), Object(Closure))
#32 /Users/aminshojaei/AndroidStudioProjects/Calcuapp/backend/vendor/laravel/framework/src/Illuminate/Http/Middleware/HandleCors.php(74): Illuminate\\Pipeline\\Pipeline->{closure:{closure:Illuminate\\Pipeline\\Pipeline::carry():194}:195}(Object(Illuminate\\Http\\Request))
#33 /Users/aminshojaei/AndroidStudioProjects/Calcuapp/backend/vendor/laravel/framework/src/Illuminate/Pipeline/Pipeline.php(219): Illuminate\\Http\\Middleware\\HandleCors->handle(Object(Illuminate\\Http\\Request), Object(Closure))
#34 /Users/aminshojaei/AndroidStudioProjects/Calcuapp/backend/vendor/laravel/framework/src/Illuminate/Http/Middleware/TrustProxies.php(58): Illuminate\\Pipeline\\Pipeline->{closure:{closure:Illuminate\\Pipeline\\Pipeline::carry():194}:195}(Object(Illuminate\\Http\\Request))
#35 /Users/aminshojaei/AndroidStudioProjects/Calcuapp/backend/vendor/laravel/framework/src/Illuminate/Pipeline/Pipeline.php(219): Illuminate\\Http\\Middleware\\TrustProxies->handle(Object(Illuminate\\Http\\Request), Object(Closure))
#36 /Users/aminshojaei/AndroidStudioProjects/Calcuapp/backend/vendor/laravel/framework/src/Illuminate/Foundation/Http/Middleware/InvokeDeferredCallbacks.php(22): Illuminate\\Pipeline\\Pipeline->{closure:{closure:Illuminate\\Pipeline\\Pipeline::carry():194}:195}(Object(Illuminate\\Http\\Request))
#37 /Users/aminshojaei/AndroidStudioProjects/Calcuapp/backend/vendor/laravel/framework/src/Illuminate/Pipeline/Pipeline.php(219): Illuminate\\Foundation\\Http\\Middleware\\InvokeDeferredCallbacks->handle(Object(Illuminate\\Http\\Request), Object(Closure))
#38 /Users/aminshojaei/AndroidStudioProjects/Calcuapp/backend/vendor/laravel/framework/src/Illuminate/Http/Middleware/ValidatePathEncoding.php(26): Illuminate\\Pipeline\\Pipeline->{closure:{closure:Illuminate\\Pipeline\\Pipeline::carry():194}:195}(Object(Illuminate\\Http\\Request))
#39 /Users/aminshojaei/AndroidStudioProjects/Calcuapp/backend/vendor/laravel/framework/src/Illuminate/Pipeline/Pipeline.php(219): Illuminate\\Http\\Middleware\\ValidatePathEncoding->handle(Object(Illuminate\\Http\\Request), Object(Closure))
#40 /Users/aminshojaei/AndroidStudioProjects/Calcuapp/backend/vendor/laravel/framework/src/Illuminate/Pipeline/Pipeline.php(137): Illuminate\\Pipeline\\Pipeline->{closure:{closure:Illuminate\\Pipeline\\Pipeline::carry():194}:195}(Object(Illuminate\\Http\\Request))
#41 /Users/aminshojaei/AndroidStudioProjects/Calcuapp/backend/vendor/laravel/framework/src/Illuminate/Foundation/Http/Kernel.php(175): Illuminate\\Pipeline\\Pipeline->then(Object(Closure))
#42 /Users/aminshojaei/AndroidStudioProjects/Calcuapp/backend/vendor/laravel/framework/src/Illuminate/Foundation/Http/Kernel.php(144): Illuminate\\Foundation\\Http\\Kernel->sendRequestThroughRouter(Object(Illuminate\\Http\\Request))
#43 /Users/aminshojaei/AndroidStudioProjects/Calcuapp/backend/vendor/laravel/framework/src/Illuminate/Foundation/Testing/Concerns/MakesHttpRequests.php(607): Illuminate\\Foundation\\Http\\Kernel->handle(Object(Illuminate\\Http\\Request))
#44 /Users/aminshojaei/AndroidStudioProjects/Calcuapp/backend/vendor/laravel/framework/src/Illuminate/Foundation/Testing/Concerns/MakesHttpRequests.php(573): Illuminate\\Foundation\\Testing\\TestCase->call('POST', '/api/v1/auth/re...', Array, Array, Array, Array, '{\"email\":\"marya...')
#45 /Users/aminshojaei/AndroidStudioProjects/Calcuapp/backend/vendor/laravel/framework/src/Illuminate/Foundation/Testing/Concerns/MakesHttpRequests.php(411): Illuminate\\Foundation\\Testing\\TestCase->json('POST', '/api/v1/auth/re...', Array, Array, 0)
#46 /Users/aminshojaei/AndroidStudioProjects/Calcuapp/backend/tests/Feature/PasswordRecoveryTest.php(333): Illuminate\\Foundation\\Testing\\TestCase->postJson('/api/v1/auth/re...', Array)
#47 /Users/aminshojaei/AndroidStudioProjects/Calcuapp/backend/vendor/phpunit/phpunit/src/Framework/TestCase.php(1667): Tests\\Feature\\PasswordRecoveryTest->test_password_reset_audit_trail_contains_no_token()
#48 /Users/aminshojaei/AndroidStudioProjects/Calcuapp/backend/vendor/phpunit/phpunit/src/Framework/TestCase.php(519): PHPUnit\\Framework\\TestCase->runTest()
#49 /Users/aminshojaei/AndroidStudioProjects/Calcuapp/backend/vendor/phpunit/phpunit/src/Framework/TestRunner/TestRunner.php(87): PHPUnit\\Framework\\TestCase->runBare()
#50 /Users/aminshojaei/AndroidStudioProjects/Calcuapp/backend/vendor/phpunit/phpunit/src/Framework/TestCase.php(365): PHPUnit\\Framework\\TestRunner->run(Object(Tests\\Feature\\PasswordRecoveryTest))
#51 /Users/aminshojaei/AndroidStudioProjects/Calcuapp/backend/vendor/phpunit/phpunit/src/Framework/TestSuite.php(369): PHPUnit\\Framework\\TestCase->run()
#52 /Users/aminshojaei/AndroidStudioProjects/Calcuapp/backend/vendor/phpunit/phpunit/src/Framework/TestSuite.php(369): PHPUnit\\Framework\\TestSuite->run()
#53 /Users/aminshojaei/AndroidStudioProjects/Calcuapp/backend/vendor/phpunit/phpunit/src/Framework/TestSuite.php(369): PHPUnit\\Framework\\TestSuite->run()
#54 /Users/aminshojaei/AndroidStudioProjects/Calcuapp/backend/vendor/phpunit/phpunit/src/TextUI/TestRunner.php(64): PHPUnit\\Framework\\TestSuite->run()
#55 /Users/aminshojaei/AndroidStudioProjects/Calcuapp/backend/vendor/phpunit/phpunit/src/TextUI/Application.php(211): PHPUnit\\TextUI\\TestRunner->run(Object(PHPUnit\\TextUI\\Configuration\\Configuration), Object(PHPUnit\\Runner\\ResultCache\\DefaultResultCache), Object(PHPUnit\\Framework\\TestSuite))
#56 /Users/aminshojaei/AndroidStudioProjects/Calcuapp/backend/vendor/phpunit/phpunit/phpunit(104): PHPUnit\\TextUI\\Application->run(Array)
#57 /Users/aminshojaei/AndroidStudioProjects/Calcuapp/backend/vendor/bin/phpunit(122): include('/Users/aminshoj...')
#58 {main}
"} 
[2026-10-02 13:36:29] testing.ERROR: Using $this when not in object context {"exception":"[object] (Error(code: 0): Using $this when not in object context at /Users/aminshojaei/AndroidStudioProjects/Calcuapp/backend/app/Support/PasswordPolicy.php:84)
[stacktrace]
#0 /Users/aminshojaei/AndroidStudioProjects/Calcuapp/backend/app/Support/PasswordPolicy.php(55): App\\Support\\PasswordPolicy::isCommon('Brand-New-Pass-...')
#1 /Users/aminshojaei/AndroidStudioProjects/Calcuapp/backend/app/Http/Controllers/Api/AuthController.php(199): App\\Support\\PasswordPolicy::validate('Brand-New-Pass-...')
#2 /Users/aminshojaei/AndroidStudioProjects/Calcuapp/backend/vendor/laravel/framework/src/Illuminate/Routing/ControllerDispatcher.php(46): App\\Http\\Controllers\\Api\\AuthController->resetPassword(Object(Illuminate\\Http\\Request))
#3 /Users/aminshojaei/AndroidStudioProjects/Calcuapp/backend/vendor/laravel/framework/src/Illuminate/Routing/Route.php(265): Illuminate\\Routing\\ControllerDispatcher->dispatch(Object(Illuminate\\Routing\\Route), Object(App\\Http\\Controllers\\Api\\AuthController), 'resetPassword')
#4 /Users/aminshojaei/AndroidStudioProjects/Calcuapp/backend/vendor/laravel/framework/src/Illuminate/Routing/Route.php(211): Illuminate\\Routing\\Route->runController()
#5 /Users/aminshojaei/AndroidStudioProjects/Calcuapp/backend/vendor/laravel/framework/src/Illuminate/Routing/Router.php(822): Illuminate\\Routing\\Route->run()
#6 /Users/aminshojaei/AndroidStudioProjects/Calcuapp/backend/vendor/laravel/framework/src/Illuminate/Pipeline/Pipeline.php(180): Illuminate\\Routing\\Router->{closure:Illuminate\\Routing\\Router::runRouteWithinStack():821}(Object(Illuminate\\Http\\Request))
#7 /Users/aminshojaei/AndroidStudioProjects/Calcuapp/backend/app/Http/Middleware/IdempotencyMiddleware.php(18): Illuminate\\Pipeline\\Pipeline->{closure:Illuminate\\Pipeline\\Pipeline::prepareDestination():178}(Object(Illuminate\\Http\\Request))
#8 /Users/aminshojaei/AndroidStudioProjects/Calcuapp/backend/vendor/laravel/framework/src/Illuminate/Pipeline/Pipeline.php(219): App\\Http\\Middleware\\IdempotencyMiddleware->handle(Object(Illuminate\\Http\\Request), Object(Closure))
#9 /Users/aminshojaei/AndroidStudioProjects/Calcuapp/backend/vendor/laravel/framework/src/Illuminate/Routing/Middleware/SubstituteBindings.php(50): Illuminate\\Pipeline\\Pipeline->{closure:{closure:Illuminate\\Pipeline\\Pipeline::carry():194}:195}(Object(Illuminate\\Http\\Request))
#10 /Users/aminshojaei/AndroidStudioProjects/Calcuapp/backend/vendor/laravel/framework/src/Illuminate/Pipeline/Pipeline.php(219): Illuminate\\Routing\\Middleware\\SubstituteBindings->handle(Object(Illuminate\\Http\\Request), Object(Closure))
#11 /Users/aminshojaei/AndroidStudioProjects/Calcuapp/backend/vendor/laravel/framework/src/Illuminate/Routing/Middleware/ThrottleRequests.php(166): Illuminate\\Pipeline\\Pipeline->{closure:{closure:Illuminate\\Pipeline\\Pipeline::carry():194}:195}(Object(Illuminate\\Http\\Request))
#12 /Users/aminshojaei/AndroidStudioProjects/Calcuapp/backend/vendor/laravel/framework/src/Illuminate/Routing/Middleware/ThrottleRequests.php(129): Illuminate\\Routing\\Middleware\\ThrottleRequests->handleRequest(Object(Illuminate\\Http\\Request), Object(Closure), Array)
#13 /Users/aminshojaei/AndroidStudioProjects/Calcuapp/backend/vendor/laravel/framework/src/Illuminate/Routing/Middleware/ThrottleRequests.php(90): Illuminate\\Routing\\Middleware\\ThrottleRequests->handleRequestUsingNamedLimiter(Object(Illuminate\\Http\\Request), Object(Closure), 'password-reset', Object(Closure))
#14 /Users/aminshojaei/AndroidStudioProjects/Calcuapp/backend/vendor/laravel/framework/src/Illuminate/Pipeline/Pipeline.php(219): Illuminate\\Routing\\Middleware\\ThrottleRequests->handle(Object(Illuminate\\Http\\Request), Object(Closure), 'password-reset')
#15 /Users/aminshojaei/AndroidStudioProjects/Calcuapp/backend/vendor/laravel/framework/src/Illuminate/Pipeline/Pipeline.php(137): Illuminate\\Pipeline\\Pipeline->{closure:{closure:Illuminate\\Pipeline\\Pipeline::carry():194}:195}(Object(Illuminate\\Http\\Request))
#16 /Users/aminshojaei/AndroidStudioProjects/Calcuapp/backend/vendor/laravel/framework/src/Illuminate/Routing/Router.php(821): Illuminate\\Pipeline\\Pipeline->then(Object(Closure))
#17 /Users/aminshojaei/AndroidStudioProjects/Calcuapp/backend/vendor/laravel/framework/src/Illuminate/Routing/Router.php(800): Illuminate\\Routing\\Router->runRouteWithinStack(Object(Illuminate\\Routing\\Route), Object(Illuminate\\Http\\Request))
#18 /Users/aminshojaei/AndroidStudioProjects/Calcuapp/backend/vendor/laravel/framework/src/Illuminate/Routing/Router.php(764): Illuminate\\Routing\\Router->runRoute(Object(Illuminate\\Http\\Request), Object(Illuminate\\Routing\\Route))
#19 /Users/aminshojaei/AndroidStudioProjects/Calcuapp/backend/vendor/laravel/framework/src/Illuminate/Routing/Router.php(753): Illuminate\\Routing\\Router->dispatchToRoute(Object(Illuminate\\Http\\Request))
#20 /Users/aminshojaei/AndroidStudioProjects/Calcuapp/backend/vendor/laravel/framework/src/Illuminate/Foundation/Http/Kernel.php(200): Illuminate\\Routing\\Router->dispatch(Object(Illuminate\\Http\\Request))
#21 /Users/aminshojaei/AndroidStudioProjects/Calcuapp/backend/vendor/laravel/framework/src/Illuminate/Pipeline/Pipeline.php(180): Illuminate\\Foundation\\Http\\Kernel->{closure:Illuminate\\Foundation\\Http\\Kernel::dispatchToRouter():197}(Object(Illuminate\\Http\\Request))
#22 /Users/aminshojaei/AndroidStudioProjects/Calcuapp/backend/vendor/laravel/framework/src/Illuminate/Foundation/Http/Middleware/TransformsRequest.php(21): Illuminate\\Pipeline\\Pipeline->{closure:Illuminate\\Pipeline\\Pipeline::prepareDestination():178}(Object(Illuminate\\Http\\Request))
#23 /Users/aminshojaei/AndroidStudioProjects/Calcuapp/backend/vendor/laravel/framework/src/Illuminate/Foundation/Http/Middleware/ConvertEmptyStringsToNull.php(31): Illuminate\\Foundation\\Http\\Middleware\\TransformsRequest->handle(Object(Illuminate\\Http\\Request), Object(Closure))
#24 /Users/aminshojaei/AndroidStudioProjects/Calcuapp/backend/vendor/laravel/framework/src/Illuminate/Pipeline/Pipeline.php(219): Illuminate\\Foundation\\Http\\Middleware\\ConvertEmptyStringsToNull->handle(Object(Illuminate\\Http\\Request), Object(Closure))
#25 /Users/aminshojaei/AndroidStudioProjects/Calcuapp/backend/vendor/laravel/framework/src/Illuminate/Foundation/Http/Middleware/TransformsRequest.php(21): Illuminate\\Pipeline\\Pipeline->{closure:{closure:Illuminate\\Pipeline\\Pipeline::carry():194}:195}(Object(Illuminate\\Http\\Request))
#26 /Users/aminshojaei/AndroidStudioProjects/Calcuapp/backend/vendor/laravel/framework/src/Illuminate/Foundation/Http/Middleware/TrimStrings.php(51): Illuminate\\Foundation\\Http\\Middleware\\TransformsRequest->handle(Object(Illuminate\\Http\\Request), Object(Closure))
#27 /Users/aminshojaei/AndroidStudioProjects/Calcuapp/backend/vendor/laravel/framework/src/Illuminate/Pipeline/Pipeline.php(219): Illuminate\\Foundation\\Http\\Middleware\\TrimStrings->handle(Object(Illuminate\\Http\\Request), Object(Closure))
#28 /Users/aminshojaei/AndroidStudioProjects/Calcuapp/backend/vendor/laravel/framework/src/Illuminate/Http/Middleware/ValidatePostSize.php(27): Illuminate\\Pipeline\\Pipeline->{closure:{closure:Illuminate\\Pipeline\\Pipeline::carry():194}:195}(Object(Illuminate\\Http\\Request))
#29 /Users/aminshojaei/AndroidStudioProjects/Calcuapp/backend/vendor/laravel/framework/src/Illuminate/Pipeline/Pipeline.php(219): Illuminate\\Http\\Middleware\\ValidatePostSize->handle(Object(Illuminate\\Http\\Request), Object(Closure))
#30 /Users/aminshojaei/AndroidStudioProjects/Calcuapp/backend/vendor/laravel/framework/src/Illuminate/Foundation/Http/Middleware/PreventRequestsDuringMaintenance.php(109): Illuminate\\Pipeline\\Pipeline->{closure:{closure:Illuminate\\Pipeline\\Pipeline::carry():194}:195}(Object(Illuminate\\Http\\Request))
#31 /Users/aminshojaei/AndroidStudioProjects/Calcuapp/backend/vendor/laravel/framework/src/Illuminate/Pipeline/Pipeline.php(219): Illuminate\\Foundation\\Http\\Middleware\\PreventRequestsDuringMaintenance->handle(Object(Illuminate\\Http\\Request), Object(Closure))
#32 /Users/aminshojaei/AndroidStudioProjects/Calcuapp/backend/vendor/laravel/framework/src/Illuminate/Http/Middleware/HandleCors.php(74): Illuminate\\Pipeline\\Pipeline->{closure:{closure:Illuminate\\Pipeline\\Pipeline::carry():194}:195}(Object(Illuminate\\Http\\Request))
#33 /Users/aminshojaei/AndroidStudioProjects/Calcuapp/backend/vendor/laravel/framework/src/Illuminate/Pipeline/Pipeline.php(219): Illuminate\\Http\\Middleware\\HandleCors->handle(Object(Illuminate\\Http\\Request), Object(Closure))
#34 /Users/aminshojaei/AndroidStudioProjects/Calcuapp/backend/vendor/laravel/framework/src/Illuminate/Http/Middleware/TrustProxies.php(58): Illuminate\\Pipeline\\Pipeline->{closure:{closure:Illuminate\\Pipeline\\Pipeline::carry():194}:195}(Object(Illuminate\\Http\\Request))
#35 /Users/aminshojaei/AndroidStudioProjects/Calcuapp/backend/vendor/laravel/framework/src/Illuminate/Pipeline/Pipeline.php(219): Illuminate\\Http\\Middleware\\TrustProxies->handle(Object(Illuminate\\Http\\Request), Object(Closure))
#36 /Users/aminshojaei/AndroidStudioProjects/Calcuapp/backend/vendor/laravel/framework/src/Illuminate/Foundation/Http/Middleware/InvokeDeferredCallbacks.php(22): Illuminate\\Pipeline\\Pipeline->{closure:{closure:Illuminate\\Pipeline\\Pipeline::carry():194}:195}(Object(Illuminate\\Http\\Request))
#37 /Users/aminshojaei/AndroidStudioProjects/Calcuapp/backend/vendor/laravel/framework/src/Illuminate/Pipeline/Pipeline.php(219): Illuminate\\Foundation\\Http\\Middleware\\InvokeDeferredCallbacks->handle(Object(Illuminate\\Http\\Request), Object(Closure))
#38 /Users/aminshojaei/AndroidStudioProjects/Calcuapp/backend/vendor/laravel/framework/src/Illuminate/Http/Middleware/ValidatePathEncoding.php(26): Illuminate\\Pipeline\\Pipeline->{closure:{closure:Illuminate\\Pipeline\\Pipeline::carry():194}:195}(Object(Illuminate\\Http\\Request))
#39 /Users/aminshojaei/AndroidStudioProjects/Calcuapp/backend/vendor/laravel/framework/src/Illuminate/Pipeline/Pipeline.php(219): Illuminate\\Http\\Middleware\\ValidatePathEncoding->handle(Object(Illuminate\\Http\\Request), Object(Closure))
#40 /Users/aminshojaei/AndroidStudioProjects/Calcuapp/backend/vendor/laravel/framework/src/Illuminate/Pipeline/Pipeline.php(137): Illuminate\\Pipeline\\Pipeline->{closure:{closure:Illuminate\\Pipeline\\Pipeline::carry():194}:195}(Object(Illuminate\\Http\\Request))
#41 /Users/aminshojaei/AndroidStudioProjects/Calcuapp/backend/vendor/laravel/framework/src/Illuminate/Foundation/Http/Kernel.php(175): Illuminate\\Pipeline\\Pipeline->then(Object(Closure))
#42 /Users/aminshojaei/AndroidStudioProjects/Calcuapp/backend/vendor/laravel/framework/src/Illuminate/Foundation/Http/Kernel.php(144): Illuminate\\Foundation\\Http\\Kernel->sendRequestThroughRouter(Object(Illuminate\\Http\\Request))
#43 /Users/aminshojaei/AndroidStudioProjects/Calcuapp/backend/vendor/laravel/framework/src/Illuminate/Foundation/Testing/Concerns/MakesHttpRequests.php(607): Illuminate\\Foundation\\Http\\Kernel->handle(Object(Illuminate\\Http\\Request))
#44 /Users/aminshojaei/AndroidStudioProjects/Calcuapp/backend/vendor/laravel/framework/src/Illuminate/Foundation/Testing/Concerns/MakesHttpRequests.php(573): Illuminate\\Foundation\\Testing\\TestCase->call('POST', '/api/v1/auth/re...', Array, Array, Array, Array, '{\"email\":\"stran...')
#45 /Users/aminshojaei/AndroidStudioProjects/Calcuapp/backend/vendor/laravel/framework/src/Illuminate/Foundation/Testing/Concerns/MakesHttpRequests.php(411): Illuminate\\Foundation\\Testing\\TestCase->json('POST', '/api/v1/auth/re...', Array, Array, 0)
#46 /Users/aminshojaei/AndroidStudioProjects/Calcuapp/backend/tests/Feature/PasswordRecoveryTest.php(358): Illuminate\\Foundation\\Testing\\TestCase->postJson('/api/v1/auth/re...', Array)
#47 /Users/aminshojaei/AndroidStudioProjects/Calcuapp/backend/vendor/phpunit/phpunit/src/Framework/TestCase.php(1667): Tests\\Feature\\PasswordRecoveryTest->test_token_cannot_be_replayed_for_a_different_address()
#48 /Users/aminshojaei/AndroidStudioProjects/Calcuapp/backend/vendor/phpunit/phpunit/src/Framework/TestCase.php(519): PHPUnit\\Framework\\TestCase->runTest()
#49 /Users/aminshojaei/AndroidStudioProjects/Calcuapp/backend/vendor/phpunit/phpunit/src/Framework/TestRunner/TestRunner.php(87): PHPUnit\\Framework\\TestCase->runBare()
#50 /Users/aminshojaei/AndroidStudioProjects/Calcuapp/backend/vendor/phpunit/phpunit/src/Framework/TestCase.php(365): PHPUnit\\Framework\\TestRunner->run(Object(Tests\\Feature\\PasswordRecoveryTest))
#51 /Users/aminshojaei/AndroidStudioProjects/Calcuapp/backend/vendor/phpunit/phpunit/src/Framework/TestSuite.php(369): PHPUnit\\Framework\\TestCase->run()
#52 /Users/aminshojaei/AndroidStudioProjects/Calcuapp/backend/vendor/phpunit/phpunit/src/Framework/TestSuite.php(369): PHPUnit\\Framework\\TestSuite->run()
#53 /Users/aminshojaei/AndroidStudioProjects/Calcuapp/backend/vendor/phpunit/phpunit/src/Framework/TestSuite.php(369): PHPUnit\\Framework\\TestSuite->run()
#54 /Users/aminshojaei/AndroidStudioProjects/Calcuapp/backend/vendor/phpunit/phpunit/src/TextUI/TestRunner.php(64): PHPUnit\\Framework\\TestSuite->run()
#55 /Users/aminshojaei/AndroidStudioProjects/Calcuapp/backend/vendor/phpunit/phpunit/src/TextUI/Application.php(211): PHPUnit\\TextUI\\TestRunner->run(Object(PHPUnit\\TextUI\\Configuration\\Configuration), Object(PHPUnit\\Runner\\ResultCache\\DefaultResultCache), Object(PHPUnit\\Framework\\TestSuite))
#56 /Users/aminshojaei/AndroidStudioProjects/Calcuapp/backend/vendor/phpunit/phpunit/phpunit(104): PHPUnit\\TextUI\\Application->run(Array)
#57 /Users/aminshojaei/AndroidStudioProjects/Calcuapp/backend/vendor/bin/phpunit(122): include('/Users/aminshoj...')
#58 {main}
"} 
[2026-10-02 13:36:30] testing.ERROR: Using $this when not in object context {"userId":"usr_p9_owner","exception":"[object] (Error(code: 0): Using $this when not in object context at /Users/aminshojaei/AndroidStudioProjects/Calcuapp/backend/app/Support/PasswordPolicy.php:84)
[stacktrace]
#0 /Users/aminshojaei/AndroidStudioProjects/Calcuapp/backend/app/Support/PasswordPolicy.php(55): App\\Support\\PasswordPolicy::isCommon('Their-Own-Pass-...')
#1 /Users/aminshojaei/AndroidStudioProjects/Calcuapp/backend/app/Http/Controllers/Api/StaffController.php(231): App\\Support\\PasswordPolicy::validate('Their-Own-Pass-...')
#2 /Users/aminshojaei/AndroidStudioProjects/Calcuapp/backend/vendor/laravel/framework/src/Illuminate/Routing/ControllerDispatcher.php(46): App\\Http\\Controllers\\Api\\StaffController->accept(Object(Illuminate\\Http\\Request))
#3 /Users/aminshojaei/AndroidStudioProjects/Calcuapp/backend/vendor/laravel/framework/src/Illuminate/Routing/Route.php(265): Illuminate\\Routing\\ControllerDispatcher->dispatch(Object(Illuminate\\Routing\\Route), Object(App\\Http\\Controllers\\Api\\StaffController), 'accept')
#4 /Users/aminshojaei/AndroidStudioProjects/Calcuapp/backend/vendor/laravel/framework/src/Illuminate/Routing/Route.php(211): Illuminate\\Routing\\Route->runController()
#5 /Users/aminshojaei/AndroidStudioProjects/Calcuapp/backend/vendor/laravel/framework/src/Illuminate/Routing/Router.php(822): Illuminate\\Routing\\Route->run()
#6 /Users/aminshojaei/AndroidStudioProjects/Calcuapp/backend/vendor/laravel/framework/src/Illuminate/Pipeline/Pipeline.php(180): Illuminate\\Routing\\Router->{closure:Illuminate\\Routing\\Router::runRouteWithinStack():821}(Object(Illuminate\\Http\\Request))
#7 /Users/aminshojaei/AndroidStudioProjects/Calcuapp/backend/app/Http/Middleware/IdempotencyMiddleware.php(18): Illuminate\\Pipeline\\Pipeline->{closure:Illuminate\\Pipeline\\Pipeline::prepareDestination():178}(Object(Illuminate\\Http\\Request))
#8 /Users/aminshojaei/AndroidStudioProjects/Calcuapp/backend/vendor/laravel/framework/src/Illuminate/Pipeline/Pipeline.php(219): App\\Http\\Middleware\\IdempotencyMiddleware->handle(Object(Illuminate\\Http\\Request), Object(Closure))
#9 /Users/aminshojaei/AndroidStudioProjects/Calcuapp/backend/vendor/laravel/framework/src/Illuminate/Routing/Middleware/SubstituteBindings.php(50): Illuminate\\Pipeline\\Pipeline->{closure:{closure:Illuminate\\Pipeline\\Pipeline::carry():194}:195}(Object(Illuminate\\Http\\Request))
#10 /Users/aminshojaei/AndroidStudioProjects/Calcuapp/backend/vendor/laravel/framework/src/Illuminate/Pipeline/Pipeline.php(219): Illuminate\\Routing\\Middleware\\SubstituteBindings->handle(Object(Illuminate\\Http\\Request), Object(Closure))
#11 /Users/aminshojaei/AndroidStudioProjects/Calcuapp/backend/vendor/laravel/framework/src/Illuminate/Routing/Middleware/ThrottleRequests.php(166): Illuminate\\Pipeline\\Pipeline->{closure:{closure:Illuminate\\Pipeline\\Pipeline::carry():194}:195}(Object(Illuminate\\Http\\Request))
#12 /Users/aminshojaei/AndroidStudioProjects/Calcuapp/backend/vendor/laravel/framework/src/Illuminate/Routing/Middleware/ThrottleRequests.php(93): Illuminate\\Routing\\Middleware\\ThrottleRequests->handleRequest(Object(Illuminate\\Http\\Request), Object(Closure), Array)
#13 /Users/aminshojaei/AndroidStudioProjects/Calcuapp/backend/vendor/laravel/framework/src/Illuminate/Pipeline/Pipeline.php(219): Illuminate\\Routing\\Middleware\\ThrottleRequests->handle(Object(Illuminate\\Http\\Request), Object(Closure), '10', '1')
#14 /Users/aminshojaei/AndroidStudioProjects/Calcuapp/backend/vendor/laravel/framework/src/Illuminate/Pipeline/Pipeline.php(137): Illuminate\\Pipeline\\Pipeline->{closure:{closure:Illuminate\\Pipeline\\Pipeline::carry():194}:195}(Object(Illuminate\\Http\\Request))
#15 /Users/aminshojaei/AndroidStudioProjects/Calcuapp/backend/vendor/laravel/framework/src/Illuminate/Routing/Router.php(821): Illuminate\\Pipeline\\Pipeline->then(Object(Closure))
#16 /Users/aminshojaei/AndroidStudioProjects/Calcuapp/backend/vendor/laravel/framework/src/Illuminate/Routing/Router.php(800): Illuminate\\Routing\\Router->runRouteWithinStack(Object(Illuminate\\Routing\\Route), Object(Illuminate\\Http\\Request))
#17 /Users/aminshojaei/AndroidStudioProjects/Calcuapp/backend/vendor/laravel/framework/src/Illuminate/Routing/Router.php(764): Illuminate\\Routing\\Router->runRoute(Object(Illuminate\\Http\\Request), Object(Illuminate\\Routing\\Route))
#18 /Users/aminshojaei/AndroidStudioProjects/Calcuapp/backend/vendor/laravel/framework/src/Illuminate/Routing/Router.php(753): Illuminate\\Routing\\Router->dispatchToRoute(Object(Illuminate\\Http\\Request))
#19 /Users/aminshojaei/AndroidStudioProjects/Calcuapp/backend/vendor/laravel/framework/src/Illuminate/Foundation/Http/Kernel.php(200): Illuminate\\Routing\\Router->dispatch(Object(Illuminate\\Http\\Request))
#20 /Users/aminshojaei/AndroidStudioProjects/Calcuapp/backend/vendor/laravel/framework/src/Illuminate/Pipeline/Pipeline.php(180): Illuminate\\Foundation\\Http\\Kernel->{closure:Illuminate\\Foundation\\Http\\Kernel::dispatchToRouter():197}(Object(Illuminate\\Http\\Request))
#21 /Users/aminshojaei/AndroidStudioProjects/Calcuapp/backend/vendor/laravel/framework/src/Illuminate/Foundation/Http/Middleware/TransformsRequest.php(21): Illuminate\\Pipeline\\Pipeline->{closure:Illuminate\\Pipeline\\Pipeline::prepareDestination():178}(Object(Illuminate\\Http\\Request))
#22 /Users/aminshojaei/AndroidStudioProjects/Calcuapp/backend/vendor/laravel/framework/src/Illuminate/Foundation/Http/Middleware/ConvertEmptyStringsToNull.php(31): Illuminate\\Foundation\\Http\\Middleware\\TransformsRequest->handle(Object(Illuminate\\Http\\Request), Object(Closure))
#23 /Users/aminshojaei/AndroidStudioProjects/Calcuapp/backend/vendor/laravel/framework/src/Illuminate/Pipeline/Pipeline.php(219): Illuminate\\Foundation\\Http\\Middleware\\ConvertEmptyStringsToNull->handle(Object(Illuminate\\Http\\Request), Object(Closure))
#24 /Users/aminshojaei/AndroidStudioProjects/Calcuapp/backend/vendor/laravel/framework/src/Illuminate/Foundation/Http/Middleware/TransformsRequest.php(21): Illuminate\\Pipeline\\Pipeline->{closure:{closure:Illuminate\\Pipeline\\Pipeline::carry():194}:195}(Object(Illuminate\\Http\\Request))
#25 /Users/aminshojaei/AndroidStudioProjects/Calcuapp/backend/vendor/laravel/framework/src/Illuminate/Foundation/Http/Middleware/TrimStrings.php(51): Illuminate\\Foundation\\Http\\Middleware\\TransformsRequest->handle(Object(Illuminate\\Http\\Request), Object(Closure))
#26 /Users/aminshojaei/AndroidStudioProjects/Calcuapp/backend/vendor/laravel/framework/src/Illuminate/Pipeline/Pipeline.php(219): Illuminate\\Foundation\\Http\\Middleware\\TrimStrings->handle(Object(Illuminate\\Http\\Request), Object(Closure))
#27 /Users/aminshojaei/AndroidStudioProjects/Calcuapp/backend/vendor/laravel/framework/src/Illuminate/Http/Middleware/ValidatePostSize.php(27): Illuminate\\Pipeline\\Pipeline->{closure:{closure:Illuminate\\Pipeline\\Pipeline::carry():194}:195}(Object(Illuminate\\Http\\Request))
#28 /Users/aminshojaei/AndroidStudioProjects/Calcuapp/backend/vendor/laravel/framework/src/Illuminate/Pipeline/Pipeline.php(219): Illuminate\\Http\\Middleware\\ValidatePostSize->handle(Object(Illuminate\\Http\\Request), Object(Closure))
#29 /Users/aminshojaei/AndroidStudioProjects/Calcuapp/backend/vendor/laravel/framework/src/Illuminate/Foundation/Http/Middleware/PreventRequestsDuringMaintenance.php(109): Illuminate\\Pipeline\\Pipeline->{closure:{closure:Illuminate\\Pipeline\\Pipeline::carry():194}:195}(Object(Illuminate\\Http\\Request))
#30 /Users/aminshojaei/AndroidStudioProjects/Calcuapp/backend/vendor/laravel/framework/src/Illuminate/Pipeline/Pipeline.php(219): Illuminate\\Foundation\\Http\\Middleware\\PreventRequestsDuringMaintenance->handle(Object(Illuminate\\Http\\Request), Object(Closure))
#31 /Users/aminshojaei/AndroidStudioProjects/Calcuapp/backend/vendor/laravel/framework/src/Illuminate/Http/Middleware/HandleCors.php(74): Illuminate\\Pipeline\\Pipeline->{closure:{closure:Illuminate\\Pipeline\\Pipeline::carry():194}:195}(Object(Illuminate\\Http\\Request))
#32 /Users/aminshojaei/AndroidStudioProjects/Calcuapp/backend/vendor/laravel/framework/src/Illuminate/Pipeline/Pipeline.php(219): Illuminate\\Http\\Middleware\\HandleCors->handle(Object(Illuminate\\Http\\Request), Object(Closure))
#33 /Users/aminshojaei/AndroidStudioProjects/Calcuapp/backend/vendor/laravel/framework/src/Illuminate/Http/Middleware/TrustProxies.php(58): Illuminate\\Pipeline\\Pipeline->{closure:{closure:Illuminate\\Pipeline\\Pipeline::carry():194}:195}(Object(Illuminate\\Http\\Request))
#34 /Users/aminshojaei/AndroidStudioProjects/Calcuapp/backend/vendor/laravel/framework/src/Illuminate/Pipeline/Pipeline.php(219): Illuminate\\Http\\Middleware\\TrustProxies->handle(Object(Illuminate\\Http\\Request), Object(Closure))
#35 /Users/aminshojaei/AndroidStudioProjects/Calcuapp/backend/vendor/laravel/framework/src/Illuminate/Foundation/Http/Middleware/InvokeDeferredCallbacks.php(22): Illuminate\\Pipeline\\Pipeline->{closure:{closure:Illuminate\\Pipeline\\Pipeline::carry():194}:195}(Object(Illuminate\\Http\\Request))
#36 /Users/aminshojaei/AndroidStudioProjects/Calcuapp/backend/vendor/laravel/framework/src/Illuminate/Pipeline/Pipeline.php(219): Illuminate\\Foundation\\Http\\Middleware\\InvokeDeferredCallbacks->handle(Object(Illuminate\\Http\\Request), Object(Closure))
#37 /Users/aminshojaei/AndroidStudioProjects/Calcuapp/backend/vendor/laravel/framework/src/Illuminate/Http/Middleware/ValidatePathEncoding.php(26): Illuminate\\Pipeline\\Pipeline->{closure:{closure:Illuminate\\Pipeline\\Pipeline::carry():194}:195}(Object(Illuminate\\Http\\Request))
#38 /Users/aminshojaei/AndroidStudioProjects/Calcuapp/backend/vendor/laravel/framework/src/Illuminate/Pipeline/Pipeline.php(219): Illuminate\\Http\\Middleware\\ValidatePathEncoding->handle(Object(Illuminate\\Http\\Request), Object(Closure))
#39 /Users/aminshojaei/AndroidStudioProjects/Calcuapp/backend/vendor/laravel/framework/src/Illuminate/Pipeline/Pipeline.php(137): Illuminate\\Pipeline\\Pipeline->{closure:{closure:Illuminate\\Pipeline\\Pipeline::carry():194}:195}(Object(Illuminate\\Http\\Request))
#40 /Users/aminshojaei/AndroidStudioProjects/Calcuapp/backend/vendor/laravel/framework/src/Illuminate/Foundation/Http/Kernel.php(175): Illuminate\\Pipeline\\Pipeline->then(Object(Closure))
#41 /Users/aminshojaei/AndroidStudioProjects/Calcuapp/backend/vendor/laravel/framework/src/Illuminate/Foundation/Http/Kernel.php(144): Illuminate\\Foundation\\Http\\Kernel->sendRequestThroughRouter(Object(Illuminate\\Http\\Request))
#42 /Users/aminshojaei/AndroidStudioProjects/Calcuapp/backend/vendor/laravel/framework/src/Illuminate/Foundation/Testing/Concerns/MakesHttpRequests.php(607): Illuminate\\Foundation\\Http\\Kernel->handle(Object(Illuminate\\Http\\Request))
#43 /Users/aminshojaei/AndroidStudioProjects/Calcuapp/backend/vendor/laravel/framework/src/Illuminate/Foundation/Testing/Concerns/MakesHttpRequests.php(573): Illuminate\\Foundation\\Testing\\TestCase->call('POST', '/api/v1/staff/i...', Array, Array, Array, Array, '{\"token\":\"UZGUR...')
#44 /Users/aminshojaei/AndroidStudioProjects/Calcuapp/backend/vendor/laravel/framework/src/Illuminate/Foundation/Testing/Concerns/MakesHttpRequests.php(411): Illuminate\\Foundation\\Testing\\TestCase->json('POST', '/api/v1/staff/i...', Array, Array, 0)
#45 /Users/aminshojaei/AndroidStudioProjects/Calcuapp/backend/tests/Feature/StaffAccessTest.php(239): Illuminate\\Foundation\\Testing\\TestCase->postJson('/api/v1/staff/i...', Array)
#46 /Users/aminshojaei/AndroidStudioProjects/Calcuapp/backend/vendor/phpunit/phpunit/src/Framework/TestCase.php(1667): Tests\\Feature\\StaffAccessTest->test_invitation_token_is_single_use()
#47 /Users/aminshojaei/AndroidStudioProjects/Calcuapp/backend/vendor/phpunit/phpunit/src/Framework/TestCase.php(519): PHPUnit\\Framework\\TestCase->runTest()
#48 /Users/aminshojaei/AndroidStudioProjects/Calcuapp/backend/vendor/phpunit/phpunit/src/Framework/TestRunner/TestRunner.php(87): PHPUnit\\Framework\\TestCase->runBare()
#49 /Users/aminshojaei/AndroidStudioProjects/Calcuapp/backend/vendor/phpunit/phpunit/src/Framework/TestCase.php(365): PHPUnit\\Framework\\TestRunner->run(Object(Tests\\Feature\\StaffAccessTest))
#50 /Users/aminshojaei/AndroidStudioProjects/Calcuapp/backend/vendor/phpunit/phpunit/src/Framework/TestSuite.php(369): PHPUnit\\Framework\\TestCase->run()
#51 /Users/aminshojaei/AndroidStudioProjects/Calcuapp/backend/vendor/phpunit/phpunit/src/Framework/TestSuite.php(369): PHPUnit\\Framework\\TestSuite->run()
#52 /Users/aminshojaei/AndroidStudioProjects/Calcuapp/backend/vendor/phpunit/phpunit/src/Framework/TestSuite.php(369): PHPUnit\\Framework\\TestSuite->run()
#53 /Users/aminshojaei/AndroidStudioProjects/Calcuapp/backend/vendor/phpunit/phpunit/src/TextUI/TestRunner.php(64): PHPUnit\\Framework\\TestSuite->run()
#54 /Users/aminshojaei/AndroidStudioProjects/Calcuapp/backend/vendor/phpunit/phpunit/src/TextUI/Application.php(211): PHPUnit\\TextUI\\TestRunner->run(Object(PHPUnit\\TextUI\\Configuration\\Configuration), Object(PHPUnit\\Runner\\ResultCache\\DefaultResultCache), Object(PHPUnit\\Framework\\TestSuite))
#55 /Users/aminshojaei/AndroidStudioProjects/Calcuapp/backend/vendor/phpunit/phpunit/phpunit(104): PHPUnit\\TextUI\\Application->run(Array)
#56 /Users/aminshojaei/AndroidStudioProjects/Calcuapp/backend/vendor/bin/phpunit(122): include('/Users/aminshoj...')
#57 {main}
"} 
[2026-10-02 13:36:30] testing.ERROR: Using $this when not in object context {"userId":"usr_p9_owner","exception":"[object] (Error(code: 0): Using $this when not in object context at /Users/aminshojaei/AndroidStudioProjects/Calcuapp/backend/app/Support/PasswordPolicy.php:84)
[stacktrace]
#0 /Users/aminshojaei/AndroidStudioProjects/Calcuapp/backend/app/Support/PasswordPolicy.php(55): App\\Support\\PasswordPolicy::isCommon('Their-Own-Pass-...')
#1 /Users/aminshojaei/AndroidStudioProjects/Calcuapp/backend/app/Http/Controllers/Api/StaffController.php(231): App\\Support\\PasswordPolicy::validate('Their-Own-Pass-...')
#2 /Users/aminshojaei/AndroidStudioProjects/Calcuapp/backend/vendor/laravel/framework/src/Illuminate/Routing/ControllerDispatcher.php(46): App\\Http\\Controllers\\Api\\StaffController->accept(Object(Illuminate\\Http\\Request))
#3 /Users/aminshojaei/AndroidStudioProjects/Calcuapp/backend/vendor/laravel/framework/src/Illuminate/Routing/Route.php(265): Illuminate\\Routing\\ControllerDispatcher->dispatch(Object(Illuminate\\Routing\\Route), Object(App\\Http\\Controllers\\Api\\StaffController), 'accept')
#4 /Users/aminshojaei/AndroidStudioProjects/Calcuapp/backend/vendor/laravel/framework/src/Illuminate/Routing/Route.php(211): Illuminate\\Routing\\Route->runController()
#5 /Users/aminshojaei/AndroidStudioProjects/Calcuapp/backend/vendor/laravel/framework/src/Illuminate/Routing/Router.php(822): Illuminate\\Routing\\Route->run()
#6 /Users/aminshojaei/AndroidStudioProjects/Calcuapp/backend/vendor/laravel/framework/src/Illuminate/Pipeline/Pipeline.php(180): Illuminate\\Routing\\Router->{closure:Illuminate\\Routing\\Router::runRouteWithinStack():821}(Object(Illuminate\\Http\\Request))
#7 /Users/aminshojaei/AndroidStudioProjects/Calcuapp/backend/app/Http/Middleware/IdempotencyMiddleware.php(18): Illuminate\\Pipeline\\Pipeline->{closure:Illuminate\\Pipeline\\Pipeline::prepareDestination():178}(Object(Illuminate\\Http\\Request))
#8 /Users/aminshojaei/AndroidStudioProjects/Calcuapp/backend/vendor/laravel/framework/src/Illuminate/Pipeline/Pipeline.php(219): App\\Http\\Middleware\\IdempotencyMiddleware->handle(Object(Illuminate\\Http\\Request), Object(Closure))
#9 /Users/aminshojaei/AndroidStudioProjects/Calcuapp/backend/vendor/laravel/framework/src/Illuminate/Routing/Middleware/SubstituteBindings.php(50): Illuminate\\Pipeline\\Pipeline->{closure:{closure:Illuminate\\Pipeline\\Pipeline::carry():194}:195}(Object(Illuminate\\Http\\Request))
#10 /Users/aminshojaei/AndroidStudioProjects/Calcuapp/backend/vendor/laravel/framework/src/Illuminate/Pipeline/Pipeline.php(219): Illuminate\\Routing\\Middleware\\SubstituteBindings->handle(Object(Illuminate\\Http\\Request), Object(Closure))
#11 /Users/aminshojaei/AndroidStudioProjects/Calcuapp/backend/vendor/laravel/framework/src/Illuminate/Routing/Middleware/ThrottleRequests.php(166): Illuminate\\Pipeline\\Pipeline->{closure:{closure:Illuminate\\Pipeline\\Pipeline::carry():194}:195}(Object(Illuminate\\Http\\Request))
#12 /Users/aminshojaei/AndroidStudioProjects/Calcuapp/backend/vendor/laravel/framework/src/Illuminate/Routing/Middleware/ThrottleRequests.php(93): Illuminate\\Routing\\Middleware\\ThrottleRequests->handleRequest(Object(Illuminate\\Http\\Request), Object(Closure), Array)
#13 /Users/aminshojaei/AndroidStudioProjects/Calcuapp/backend/vendor/laravel/framework/src/Illuminate/Pipeline/Pipeline.php(219): Illuminate\\Routing\\Middleware\\ThrottleRequests->handle(Object(Illuminate\\Http\\Request), Object(Closure), '10', '1')
#14 /Users/aminshojaei/AndroidStudioProjects/Calcuapp/backend/vendor/laravel/framework/src/Illuminate/Pipeline/Pipeline.php(137): Illuminate\\Pipeline\\Pipeline->{closure:{closure:Illuminate\\Pipeline\\Pipeline::carry():194}:195}(Object(Illuminate\\Http\\Request))
#15 /Users/aminshojaei/AndroidStudioProjects/Calcuapp/backend/vendor/laravel/framework/src/Illuminate/Routing/Router.php(821): Illuminate\\Pipeline\\Pipeline->then(Object(Closure))
#16 /Users/aminshojaei/AndroidStudioProjects/Calcuapp/backend/vendor/laravel/framework/src/Illuminate/Routing/Router.php(800): Illuminate\\Routing\\Router->runRouteWithinStack(Object(Illuminate\\Routing\\Route), Object(Illuminate\\Http\\Request))
#17 /Users/aminshojaei/AndroidStudioProjects/Calcuapp/backend/vendor/laravel/framework/src/Illuminate/Routing/Router.php(764): Illuminate\\Routing\\Router->runRoute(Object(Illuminate\\Http\\Request), Object(Illuminate\\Routing\\Route))
#18 /Users/aminshojaei/AndroidStudioProjects/Calcuapp/backend/vendor/laravel/framework/src/Illuminate/Routing/Router.php(753): Illuminate\\Routing\\Router->dispatchToRoute(Object(Illuminate\\Http\\Request))
#19 /Users/aminshojaei/AndroidStudioProjects/Calcuapp/backend/vendor/laravel/framework/src/Illuminate/Foundation/Http/Kernel.php(200): Illuminate\\Routing\\Router->dispatch(Object(Illuminate\\Http\\Request))
#20 /Users/aminshojaei/AndroidStudioProjects/Calcuapp/backend/vendor/laravel/framework/src/Illuminate/Pipeline/Pipeline.php(180): Illuminate\\Foundation\\Http\\Kernel->{closure:Illuminate\\Foundation\\Http\\Kernel::dispatchToRouter():197}(Object(Illuminate\\Http\\Request))
#21 /Users/aminshojaei/AndroidStudioProjects/Calcuapp/backend/vendor/laravel/framework/src/Illuminate/Foundation/Http/Middleware/TransformsRequest.php(21): Illuminate\\Pipeline\\Pipeline->{closure:Illuminate\\Pipeline\\Pipeline::prepareDestination():178}(Object(Illuminate\\Http\\Request))
#22 /Users/aminshojaei/AndroidStudioProjects/Calcuapp/backend/vendor/laravel/framework/src/Illuminate/Foundation/Http/Middleware/ConvertEmptyStringsToNull.php(31): Illuminate\\Foundation\\Http\\Middleware\\TransformsRequest->handle(Object(Illuminate\\Http\\Request), Object(Closure))
#23 /Users/aminshojaei/AndroidStudioProjects/Calcuapp/backend/vendor/laravel/framework/src/Illuminate/Pipeline/Pipeline.php(219): Illuminate\\Foundation\\Http\\Middleware\\ConvertEmptyStringsToNull->handle(Object(Illuminate\\Http\\Request), Object(Closure))
#24 /Users/aminshojaei/AndroidStudioProjects/Calcuapp/backend/vendor/laravel/framework/src/Illuminate/Foundation/Http/Middleware/TransformsRequest.php(21): Illuminate\\Pipeline\\Pipeline->{closure:{closure:Illuminate\\Pipeline\\Pipeline::carry():194}:195}(Object(Illuminate\\Http\\Request))
#25 /Users/aminshojaei/AndroidStudioProjects/Calcuapp/backend/vendor/laravel/framework/src/Illuminate/Foundation/Http/Middleware/TrimStrings.php(51): Illuminate\\Foundation\\Http\\Middleware\\TransformsRequest->handle(Object(Illuminate\\Http\\Request), Object(Closure))
#26 /Users/aminshojaei/AndroidStudioProjects/Calcuapp/backend/vendor/laravel/framework/src/Illuminate/Pipeline/Pipeline.php(219): Illuminate\\Foundation\\Http\\Middleware\\TrimStrings->handle(Object(Illuminate\\Http\\Request), Object(Closure))
#27 /Users/aminshojaei/AndroidStudioProjects/Calcuapp/backend/vendor/laravel/framework/src/Illuminate/Http/Middleware/ValidatePostSize.php(27): Illuminate\\Pipeline\\Pipeline->{closure:{closure:Illuminate\\Pipeline\\Pipeline::carry():194}:195}(Object(Illuminate\\Http\\Request))
#28 /Users/aminshojaei/AndroidStudioProjects/Calcuapp/backend/vendor/laravel/framework/src/Illuminate/Pipeline/Pipeline.php(219): Illuminate\\Http\\Middleware\\ValidatePostSize->handle(Object(Illuminate\\Http\\Request), Object(Closure))
#29 /Users/aminshojaei/AndroidStudioProjects/Calcuapp/backend/vendor/laravel/framework/src/Illuminate/Foundation/Http/Middleware/PreventRequestsDuringMaintenance.php(109): Illuminate\\Pipeline\\Pipeline->{closure:{closure:Illuminate\\Pipeline\\Pipeline::carry():194}:195}(Object(Illuminate\\Http\\Request))
#30 /Users/aminshojaei/AndroidStudioProjects/Calcuapp/backend/vendor/laravel/framework/src/Illuminate/Pipeline/Pipeline.php(219): Illuminate\\Foundation\\Http\\Middleware\\PreventRequestsDuringMaintenance->handle(Object(Illuminate\\Http\\Request), Object(Closure))
#31 /Users/aminshojaei/AndroidStudioProjects/Calcuapp/backend/vendor/laravel/framework/src/Illuminate/Http/Middleware/HandleCors.php(74): Illuminate\\Pipeline\\Pipeline->{closure:{closure:Illuminate\\Pipeline\\Pipeline::carry():194}:195}(Object(Illuminate\\Http\\Request))
#32 /Users/aminshojaei/AndroidStudioProjects/Calcuapp/backend/vendor/laravel/framework/src/Illuminate/Pipeline/Pipeline.php(219): Illuminate\\Http\\Middleware\\HandleCors->handle(Object(Illuminate\\Http\\Request), Object(Closure))
#33 /Users/aminshojaei/AndroidStudioProjects/Calcuapp/backend/vendor/laravel/framework/src/Illuminate/Http/Middleware/TrustProxies.php(58): Illuminate\\Pipeline\\Pipeline->{closure:{closure:Illuminate\\Pipeline\\Pipeline::carry():194}:195}(Object(Illuminate\\Http\\Request))
#34 /Users/aminshojaei/AndroidStudioProjects/Calcuapp/backend/vendor/laravel/framework/src/Illuminate/Pipeline/Pipeline.php(219): Illuminate\\Http\\Middleware\\TrustProxies->handle(Object(Illuminate\\Http\\Request), Object(Closure))
#35 /Users/aminshojaei/AndroidStudioProjects/Calcuapp/backend/vendor/laravel/framework/src/Illuminate/Foundation/Http/Middleware/InvokeDeferredCallbacks.php(22): Illuminate\\Pipeline\\Pipeline->{closure:{closure:Illuminate\\Pipeline\\Pipeline::carry():194}:195}(Object(Illuminate\\Http\\Request))
#36 /Users/aminshojaei/AndroidStudioProjects/Calcuapp/backend/vendor/laravel/framework/src/Illuminate/Pipeline/Pipeline.php(219): Illuminate\\Foundation\\Http\\Middleware\\InvokeDeferredCallbacks->handle(Object(Illuminate\\Http\\Request), Object(Closure))
#37 /Users/aminshojaei/AndroidStudioProjects/Calcuapp/backend/vendor/laravel/framework/src/Illuminate/Http/Middleware/ValidatePathEncoding.php(26): Illuminate\\Pipeline\\Pipeline->{closure:{closure:Illuminate\\Pipeline\\Pipeline::carry():194}:195}(Object(Illuminate\\Http\\Request))
#38 /Users/aminshojaei/AndroidStudioProjects/Calcuapp/backend/vendor/laravel/framework/src/Illuminate/Pipeline/Pipeline.php(219): Illuminate\\Http\\Middleware\\ValidatePathEncoding->handle(Object(Illuminate\\Http\\Request), Object(Closure))
#39 /Users/aminshojaei/AndroidStudioProjects/Calcuapp/backend/vendor/laravel/framework/src/Illuminate/Pipeline/Pipeline.php(137): Illuminate\\Pipeline\\Pipeline->{closure:{closure:Illuminate\\Pipeline\\Pipeline::carry():194}:195}(Object(Illuminate\\Http\\Request))
#40 /Users/aminshojaei/AndroidStudioProjects/Calcuapp/backend/vendor/laravel/framework/src/Illuminate/Foundation/Http/Kernel.php(175): Illuminate\\Pipeline\\Pipeline->then(Object(Closure))
#41 /Users/aminshojaei/AndroidStudioProjects/Calcuapp/backend/vendor/laravel/framework/src/Illuminate/Foundation/Http/Kernel.php(144): Illuminate\\Foundation\\Http\\Kernel->sendRequestThroughRouter(Object(Illuminate\\Http\\Request))
#42 /Users/aminshojaei/AndroidStudioProjects/Calcuapp/backend/vendor/laravel/framework/src/Illuminate/Foundation/Testing/Concerns/MakesHttpRequests.php(607): Illuminate\\Foundation\\Http\\Kernel->handle(Object(Illuminate\\Http\\Request))
#43 /Users/aminshojaei/AndroidStudioProjects/Calcuapp/backend/vendor/laravel/framework/src/Illuminate/Foundation/Testing/Concerns/MakesHttpRequests.php(573): Illuminate\\Foundation\\Testing\\TestCase->call('POST', '/api/v1/staff/i...', Array, Array, Array, Array, '{\"token\":\"4KQI5...')
#44 /Users/aminshojaei/AndroidStudioProjects/Calcuapp/backend/vendor/laravel/framework/src/Illuminate/Foundation/Testing/Concerns/MakesHttpRequests.php(411): Illuminate\\Foundation\\Testing\\TestCase->json('POST', '/api/v1/staff/i...', Array, Array, 0)
#45 /Users/aminshojaei/AndroidStudioProjects/Calcuapp/backend/tests/Feature/StaffAccessTest.php(317): Illuminate\\Foundation\\Testing\\TestCase->postJson('/api/v1/staff/i...', Array)
#46 /Users/aminshojaei/AndroidStudioProjects/Calcuapp/backend/vendor/phpunit/phpunit/src/Framework/TestCase.php(1667): Tests\\Feature\\StaffAccessTest->test_staff_list_shows_each_person_with_their_own_identity()
#47 /Users/aminshojaei/AndroidStudioProjects/Calcuapp/backend/vendor/phpunit/phpunit/src/Framework/TestCase.php(519): PHPUnit\\Framework\\TestCase->runTest()
#48 /Users/aminshojaei/AndroidStudioProjects/Calcuapp/backend/vendor/phpunit/phpunit/src/Framework/TestRunner/TestRunner.php(87): PHPUnit\\Framework\\TestCase->runBare()
#49 /Users/aminshojaei/AndroidStudioProjects/Calcuapp/backend/vendor/phpunit/phpunit/src/Framework/TestCase.php(365): PHPUnit\\Framework\\TestRunner->run(Object(Tests\\Feature\\StaffAccessTest))
#50 /Users/aminshojaei/AndroidStudioProjects/Calcuapp/backend/vendor/phpunit/phpunit/src/Framework/TestSuite.php(369): PHPUnit\\Framework\\TestCase->run()
#51 /Users/aminshojaei/AndroidStudioProjects/Calcuapp/backend/vendor/phpunit/phpunit/src/Framework/TestSuite.php(369): PHPUnit\\Framework\\TestSuite->run()
#52 /Users/aminshojaei/AndroidStudioProjects/Calcuapp/backend/vendor/phpunit/phpunit/src/Framework/TestSuite.php(369): PHPUnit\\Framework\\TestSuite->run()
#53 /Users/aminshojaei/AndroidStudioProjects/Calcuapp/backend/vendor/phpunit/phpunit/src/TextUI/TestRunner.php(64): PHPUnit\\Framework\\TestSuite->run()
#54 /Users/aminshojaei/AndroidStudioProjects/Calcuapp/backend/vendor/phpunit/phpunit/src/TextUI/Application.php(211): PHPUnit\\TextUI\\TestRunner->run(Object(PHPUnit\\TextUI\\Configuration\\Configuration), Object(PHPUnit\\Runner\\ResultCache\\DefaultResultCache), Object(PHPUnit\\Framework\\TestSuite))
#55 /Users/aminshojaei/AndroidStudioProjects/Calcuapp/backend/vendor/phpunit/phpunit/phpunit(104): PHPUnit\\TextUI\\Application->run(Array)
#56 /Users/aminshojaei/AndroidStudioProjects/Calcuapp/backend/vendor/bin/phpunit(122): include('/Users/aminshoj...')
#57 {main}
"} 
[2026-10-02 13:36:30] testing.ERROR: Using $this when not in object context {"userId":"usr_p9_owner","exception":"[object] (Error(code: 0): Using $this when not in object context at /Users/aminshojaei/AndroidStudioProjects/Calcuapp/backend/app/Support/PasswordPolicy.php:84)
[stacktrace]
#0 /Users/aminshojaei/AndroidStudioProjects/Calcuapp/backend/app/Support/PasswordPolicy.php(55): App\\Support\\PasswordPolicy::isCommon('Their-Own-Pass-...')
#1 /Users/aminshojaei/AndroidStudioProjects/Calcuapp/backend/app/Http/Controllers/Api/StaffController.php(231): App\\Support\\PasswordPolicy::validate('Their-Own-Pass-...')
#2 /Users/aminshojaei/AndroidStudioProjects/Calcuapp/backend/vendor/laravel/framework/src/Illuminate/Routing/ControllerDispatcher.php(46): App\\Http\\Controllers\\Api\\StaffController->accept(Object(Illuminate\\Http\\Request))
#3 /Users/aminshojaei/AndroidStudioProjects/Calcuapp/backend/vendor/laravel/framework/src/Illuminate/Routing/Route.php(265): Illuminate\\Routing\\ControllerDispatcher->dispatch(Object(Illuminate\\Routing\\Route), Object(App\\Http\\Controllers\\Api\\StaffController), 'accept')
#4 /Users/aminshojaei/AndroidStudioProjects/Calcuapp/backend/vendor/laravel/framework/src/Illuminate/Routing/Route.php(211): Illuminate\\Routing\\Route->runController()
#5 /Users/aminshojaei/AndroidStudioProjects/Calcuapp/backend/vendor/laravel/framework/src/Illuminate/Routing/Router.php(822): Illuminate\\Routing\\Route->run()
#6 /Users/aminshojaei/AndroidStudioProjects/Calcuapp/backend/vendor/laravel/framework/src/Illuminate/Pipeline/Pipeline.php(180): Illuminate\\Routing\\Router->{closure:Illuminate\\Routing\\Router::runRouteWithinStack():821}(Object(Illuminate\\Http\\Request))
#7 /Users/aminshojaei/AndroidStudioProjects/Calcuapp/backend/app/Http/Middleware/IdempotencyMiddleware.php(18): Illuminate\\Pipeline\\Pipeline->{closure:Illuminate\\Pipeline\\Pipeline::prepareDestination():178}(Object(Illuminate\\Http\\Request))
#8 /Users/aminshojaei/AndroidStudioProjects/Calcuapp/backend/vendor/laravel/framework/src/Illuminate/Pipeline/Pipeline.php(219): App\\Http\\Middleware\\IdempotencyMiddleware->handle(Object(Illuminate\\Http\\Request), Object(Closure))
#9 /Users/aminshojaei/AndroidStudioProjects/Calcuapp/backend/vendor/laravel/framework/src/Illuminate/Routing/Middleware/SubstituteBindings.php(50): Illuminate\\Pipeline\\Pipeline->{closure:{closure:Illuminate\\Pipeline\\Pipeline::carry():194}:195}(Object(Illuminate\\Http\\Request))
#10 /Users/aminshojaei/AndroidStudioProjects/Calcuapp/backend/vendor/laravel/framework/src/Illuminate/Pipeline/Pipeline.php(219): Illuminate\\Routing\\Middleware\\SubstituteBindings->handle(Object(Illuminate\\Http\\Request), Object(Closure))
#11 /Users/aminshojaei/AndroidStudioProjects/Calcuapp/backend/vendor/laravel/framework/src/Illuminate/Routing/Middleware/ThrottleRequests.php(166): Illuminate\\Pipeline\\Pipeline->{closure:{closure:Illuminate\\Pipeline\\Pipeline::carry():194}:195}(Object(Illuminate\\Http\\Request))
#12 /Users/aminshojaei/AndroidStudioProjects/Calcuapp/backend/vendor/laravel/framework/src/Illuminate/Routing/Middleware/ThrottleRequests.php(93): Illuminate\\Routing\\Middleware\\ThrottleRequests->handleRequest(Object(Illuminate\\Http\\Request), Object(Closure), Array)
#13 /Users/aminshojaei/AndroidStudioProjects/Calcuapp/backend/vendor/laravel/framework/src/Illuminate/Pipeline/Pipeline.php(219): Illuminate\\Routing\\Middleware\\ThrottleRequests->handle(Object(Illuminate\\Http\\Request), Object(Closure), '10', '1')
#14 /Users/aminshojaei/AndroidStudioProjects/Calcuapp/backend/vendor/laravel/framework/src/Illuminate/Pipeline/Pipeline.php(137): Illuminate\\Pipeline\\Pipeline->{closure:{closure:Illuminate\\Pipeline\\Pipeline::carry():194}:195}(Object(Illuminate\\Http\\Request))
#15 /Users/aminshojaei/AndroidStudioProjects/Calcuapp/backend/vendor/laravel/framework/src/Illuminate/Routing/Router.php(821): Illuminate\\Pipeline\\Pipeline->then(Object(Closure))
#16 /Users/aminshojaei/AndroidStudioProjects/Calcuapp/backend/vendor/laravel/framework/src/Illuminate/Routing/Router.php(800): Illuminate\\Routing\\Router->runRouteWithinStack(Object(Illuminate\\Routing\\Route), Object(Illuminate\\Http\\Request))
#17 /Users/aminshojaei/AndroidStudioProjects/Calcuapp/backend/vendor/laravel/framework/src/Illuminate/Routing/Router.php(764): Illuminate\\Routing\\Router->runRoute(Object(Illuminate\\Http\\Request), Object(Illuminate\\Routing\\Route))
#18 /Users/aminshojaei/AndroidStudioProjects/Calcuapp/backend/vendor/laravel/framework/src/Illuminate/Routing/Router.php(753): Illuminate\\Routing\\Router->dispatchToRoute(Object(Illuminate\\Http\\Request))
#19 /Users/aminshojaei/AndroidStudioProjects/Calcuapp/backend/vendor/laravel/framework/src/Illuminate/Foundation/Http/Kernel.php(200): Illuminate\\Routing\\Router->dispatch(Object(Illuminate\\Http\\Request))
#20 /Users/aminshojaei/AndroidStudioProjects/Calcuapp/backend/vendor/laravel/framework/src/Illuminate/Pipeline/Pipeline.php(180): Illuminate\\Foundation\\Http\\Kernel->{closure:Illuminate\\Foundation\\Http\\Kernel::dispatchToRouter():197}(Object(Illuminate\\Http\\Request))
#21 /Users/aminshojaei/AndroidStudioProjects/Calcuapp/backend/vendor/laravel/framework/src/Illuminate/Foundation/Http/Middleware/TransformsRequest.php(21): Illuminate\\Pipeline\\Pipeline->{closure:Illuminate\\Pipeline\\Pipeline::prepareDestination():178}(Object(Illuminate\\Http\\Request))
#22 /Users/aminshojaei/AndroidStudioProjects/Calcuapp/backend/vendor/laravel/framework/src/Illuminate/Foundation/Http/Middleware/ConvertEmptyStringsToNull.php(31): Illuminate\\Foundation\\Http\\Middleware\\TransformsRequest->handle(Object(Illuminate\\Http\\Request), Object(Closure))
#23 /Users/aminshojaei/AndroidStudioProjects/Calcuapp/backend/vendor/laravel/framework/src/Illuminate/Pipeline/Pipeline.php(219): Illuminate\\Foundation\\Http\\Middleware\\ConvertEmptyStringsToNull->handle(Object(Illuminate\\Http\\Request), Object(Closure))
#24 /Users/aminshojaei/AndroidStudioProjects/Calcuapp/backend/vendor/laravel/framework/src/Illuminate/Foundation/Http/Middleware/TransformsRequest.php(21): Illuminate\\Pipeline\\Pipeline->{closure:{closure:Illuminate\\Pipeline\\Pipeline::carry():194}:195}(Object(Illuminate\\Http\\Request))
#25 /Users/aminshojaei/AndroidStudioProjects/Calcuapp/backend/vendor/laravel/framework/src/Illuminate/Foundation/Http/Middleware/TrimStrings.php(51): Illuminate\\Foundation\\Http\\Middleware\\TransformsRequest->handle(Object(Illuminate\\Http\\Request), Object(Closure))
#26 /Users/aminshojaei/AndroidStudioProjects/Calcuapp/backend/vendor/laravel/framework/src/Illuminate/Pipeline/Pipeline.php(219): Illuminate\\Foundation\\Http\\Middleware\\TrimStrings->handle(Object(Illuminate\\Http\\Request), Object(Closure))
#27 /Users/aminshojaei/AndroidStudioProjects/Calcuapp/backend/vendor/laravel/framework/src/Illuminate/Http/Middleware/ValidatePostSize.php(27): Illuminate\\Pipeline\\Pipeline->{closure:{closure:Illuminate\\Pipeline\\Pipeline::carry():194}:195}(Object(Illuminate\\Http\\Request))
#28 /Users/aminshojaei/AndroidStudioProjects/Calcuapp/backend/vendor/laravel/framework/src/Illuminate/Pipeline/Pipeline.php(219): Illuminate\\Http\\Middleware\\ValidatePostSize->handle(Object(Illuminate\\Http\\Request), Object(Closure))
#29 /Users/aminshojaei/AndroidStudioProjects/Calcuapp/backend/vendor/laravel/framework/src/Illuminate/Foundation/Http/Middleware/PreventRequestsDuringMaintenance.php(109): Illuminate\\Pipeline\\Pipeline->{closure:{closure:Illuminate\\Pipeline\\Pipeline::carry():194}:195}(Object(Illuminate\\Http\\Request))
#30 /Users/aminshojaei/AndroidStudioProjects/Calcuapp/backend/vendor/laravel/framework/src/Illuminate/Pipeline/Pipeline.php(219): Illuminate\\Foundation\\Http\\Middleware\\PreventRequestsDuringMaintenance->handle(Object(Illuminate\\Http\\Request), Object(Closure))
#31 /Users/aminshojaei/AndroidStudioProjects/Calcuapp/backend/vendor/laravel/framework/src/Illuminate/Http/Middleware/HandleCors.php(74): Illuminate\\Pipeline\\Pipeline->{closure:{closure:Illuminate\\Pipeline\\Pipeline::carry():194}:195}(Object(Illuminate\\Http\\Request))
#32 /Users/aminshojaei/AndroidStudioProjects/Calcuapp/backend/vendor/laravel/framework/src/Illuminate/Pipeline/Pipeline.php(219): Illuminate\\Http\\Middleware\\HandleCors->handle(Object(Illuminate\\Http\\Request), Object(Closure))
#33 /Users/aminshojaei/AndroidStudioProjects/Calcuapp/backend/vendor/laravel/framework/src/Illuminate/Http/Middleware/TrustProxies.php(58): Illuminate\\Pipeline\\Pipeline->{closure:{closure:Illuminate\\Pipeline\\Pipeline::carry():194}:195}(Object(Illuminate\\Http\\Request))
#34 /Users/aminshojaei/AndroidStudioProjects/Calcuapp/backend/vendor/laravel/framework/src/Illuminate/Pipeline/Pipeline.php(219): Illuminate\\Http\\Middleware\\TrustProxies->handle(Object(Illuminate\\Http\\Request), Object(Closure))
#35 /Users/aminshojaei/AndroidStudioProjects/Calcuapp/backend/vendor/laravel/framework/src/Illuminate/Foundation/Http/Middleware/InvokeDeferredCallbacks.php(22): Illuminate\\Pipeline\\Pipeline->{closure:{closure:Illuminate\\Pipeline\\Pipeline::carry():194}:195}(Object(Illuminate\\Http\\Request))
#36 /Users/aminshojaei/AndroidStudioProjects/Calcuapp/backend/vendor/laravel/framework/src/Illuminate/Pipeline/Pipeline.php(219): Illuminate\\Foundation\\Http\\Middleware\\InvokeDeferredCallbacks->handle(Object(Illuminate\\Http\\Request), Object(Closure))
#37 /Users/aminshojaei/AndroidStudioProjects/Calcuapp/backend/vendor/laravel/framework/src/Illuminate/Http/Middleware/ValidatePathEncoding.php(26): Illuminate\\Pipeline\\Pipeline->{closure:{closure:Illuminate\\Pipeline\\Pipeline::carry():194}:195}(Object(Illuminate\\Http\\Request))
#38 /Users/aminshojaei/AndroidStudioProjects/Calcuapp/backend/vendor/laravel/framework/src/Illuminate/Pipeline/Pipeline.php(219): Illuminate\\Http\\Middleware\\ValidatePathEncoding->handle(Object(Illuminate\\Http\\Request), Object(Closure))
#39 /Users/aminshojaei/AndroidStudioProjects/Calcuapp/backend/vendor/laravel/framework/src/Illuminate/Pipeline/Pipeline.php(137): Illuminate\\Pipeline\\Pipeline->{closure:{closure:Illuminate\\Pipeline\\Pipeline::carry():194}:195}(Object(Illuminate\\Http\\Request))
#40 /Users/aminshojaei/AndroidStudioProjects/Calcuapp/backend/vendor/laravel/framework/src/Illuminate/Foundation/Http/Kernel.php(175): Illuminate\\Pipeline\\Pipeline->then(Object(Closure))
#41 /Users/aminshojaei/AndroidStudioProjects/Calcuapp/backend/vendor/laravel/framework/src/Illuminate/Foundation/Http/Kernel.php(144): Illuminate\\Foundation\\Http\\Kernel->sendRequestThroughRouter(Object(Illuminate\\Http\\Request))
#42 /Users/aminshojaei/AndroidStudioProjects/Calcuapp/backend/vendor/laravel/framework/src/Illuminate/Foundation/Testing/Concerns/MakesHttpRequests.php(607): Illuminate\\Foundation\\Http\\Kernel->handle(Object(Illuminate\\Http\\Request))
#43 /Users/aminshojaei/AndroidStudioProjects/Calcuapp/backend/vendor/laravel/framework/src/Illuminate/Foundation/Testing/Concerns/MakesHttpRequests.php(573): Illuminate\\Foundation\\Testing\\TestCase->call('POST', '/api/v1/staff/i...', Array, Array, Array, Array, '{\"token\":\"7ZDMD...')
#44 /Users/aminshojaei/AndroidStudioProjects/Calcuapp/backend/vendor/laravel/framework/src/Illuminate/Foundation/Testing/Concerns/MakesHttpRequests.php(411): Illuminate\\Foundation\\Testing\\TestCase->json('POST', '/api/v1/staff/i...', Array, Array, 0)
#45 /Users/aminshojaei/AndroidStudioProjects/Calcuapp/backend/tests/Feature/StaffAccessTest.php(341): Illuminate\\Foundation\\Testing\\TestCase->postJson('/api/v1/staff/i...', Array)
#46 /Users/aminshojaei/AndroidStudioProjects/Calcuapp/backend/vendor/phpunit/phpunit/src/Framework/TestCase.php(1667): Tests\\Feature\\StaffAccessTest->test_staff_cannot_manage_staff()
#47 /Users/aminshojaei/AndroidStudioProjects/Calcuapp/backend/vendor/phpunit/phpunit/src/Framework/TestCase.php(519): PHPUnit\\Framework\\TestCase->runTest()
#48 /Users/aminshojaei/AndroidStudioProjects/Calcuapp/backend/vendor/phpunit/phpunit/src/Framework/TestRunner/TestRunner.php(87): PHPUnit\\Framework\\TestCase->runBare()
#49 /Users/aminshojaei/AndroidStudioProjects/Calcuapp/backend/vendor/phpunit/phpunit/src/Framework/TestCase.php(365): PHPUnit\\Framework\\TestRunner->run(Object(Tests\\Feature\\StaffAccessTest))
#50 /Users/aminshojaei/AndroidStudioProjects/Calcuapp/backend/vendor/phpunit/phpunit/src/Framework/TestSuite.php(369): PHPUnit\\Framework\\TestCase->run()
#51 /Users/aminshojaei/AndroidStudioProjects/Calcuapp/backend/vendor/phpunit/phpunit/src/Framework/TestSuite.php(369): PHPUnit\\Framework\\TestSuite->run()
#52 /Users/aminshojaei/AndroidStudioProjects/Calcuapp/backend/vendor/phpunit/phpunit/src/Framework/TestSuite.php(369): PHPUnit\\Framework\\TestSuite->run()
#53 /Users/aminshojaei/AndroidStudioProjects/Calcuapp/backend/vendor/phpunit/phpunit/src/TextUI/TestRunner.php(64): PHPUnit\\Framework\\TestSuite->run()
#54 /Users/aminshojaei/AndroidStudioProjects/Calcuapp/backend/vendor/phpunit/phpunit/src/TextUI/Application.php(211): PHPUnit\\TextUI\\TestRunner->run(Object(PHPUnit\\TextUI\\Configuration\\Configuration), Object(PHPUnit\\Runner\\ResultCache\\DefaultResultCache), Object(PHPUnit\\Framework\\TestSuite))
#55 /Users/aminshojaei/AndroidStudioProjects/Calcuapp/backend/vendor/phpunit/phpunit/phpunit(104): PHPUnit\\TextUI\\Application->run(Array)
#56 /Users/aminshojaei/AndroidStudioProjects/Calcuapp/backend/vendor/bin/phpunit(122): include('/Users/aminshoj...')
#57 {main}
"} 
[2026-10-02 13:36:30] testing.ERROR: Using $this when not in object context {"userId":"usr_p9_owner","exception":"[object] (Error(code: 0): Using $this when not in object context at /Users/aminshojaei/AndroidStudioProjects/Calcuapp/backend/app/Support/PasswordPolicy.php:84)
[stacktrace]
#0 /Users/aminshojaei/AndroidStudioProjects/Calcuapp/backend/app/Support/PasswordPolicy.php(55): App\\Support\\PasswordPolicy::isCommon('Their-Own-Pass-...')
#1 /Users/aminshojaei/AndroidStudioProjects/Calcuapp/backend/app/Http/Controllers/Api/StaffController.php(231): App\\Support\\PasswordPolicy::validate('Their-Own-Pass-...')
#2 /Users/aminshojaei/AndroidStudioProjects/Calcuapp/backend/vendor/laravel/framework/src/Illuminate/Routing/ControllerDispatcher.php(46): App\\Http\\Controllers\\Api\\StaffController->accept(Object(Illuminate\\Http\\Request))
#3 /Users/aminshojaei/AndroidStudioProjects/Calcuapp/backend/vendor/laravel/framework/src/Illuminate/Routing/Route.php(265): Illuminate\\Routing\\ControllerDispatcher->dispatch(Object(Illuminate\\Routing\\Route), Object(App\\Http\\Controllers\\Api\\StaffController), 'accept')
#4 /Users/aminshojaei/AndroidStudioProjects/Calcuapp/backend/vendor/laravel/framework/src/Illuminate/Routing/Route.php(211): Illuminate\\Routing\\Route->runController()
#5 /Users/aminshojaei/AndroidStudioProjects/Calcuapp/backend/vendor/laravel/framework/src/Illuminate/Routing/Router.php(822): Illuminate\\Routing\\Route->run()
#6 /Users/aminshojaei/AndroidStudioProjects/Calcuapp/backend/vendor/laravel/framework/src/Illuminate/Pipeline/Pipeline.php(180): Illuminate\\Routing\\Router->{closure:Illuminate\\Routing\\Router::runRouteWithinStack():821}(Object(Illuminate\\Http\\Request))
#7 /Users/aminshojaei/AndroidStudioProjects/Calcuapp/backend/app/Http/Middleware/IdempotencyMiddleware.php(18): Illuminate\\Pipeline\\Pipeline->{closure:Illuminate\\Pipeline\\Pipeline::prepareDestination():178}(Object(Illuminate\\Http\\Request))
#8 /Users/aminshojaei/AndroidStudioProjects/Calcuapp/backend/vendor/laravel/framework/src/Illuminate/Pipeline/Pipeline.php(219): App\\Http\\Middleware\\IdempotencyMiddleware->handle(Object(Illuminate\\Http\\Request), Object(Closure))
#9 /Users/aminshojaei/AndroidStudioProjects/Calcuapp/backend/vendor/laravel/framework/src/Illuminate/Routing/Middleware/SubstituteBindings.php(50): Illuminate\\Pipeline\\Pipeline->{closure:{closure:Illuminate\\Pipeline\\Pipeline::carry():194}:195}(Object(Illuminate\\Http\\Request))
#10 /Users/aminshojaei/AndroidStudioProjects/Calcuapp/backend/vendor/laravel/framework/src/Illuminate/Pipeline/Pipeline.php(219): Illuminate\\Routing\\Middleware\\SubstituteBindings->handle(Object(Illuminate\\Http\\Request), Object(Closure))
#11 /Users/aminshojaei/AndroidStudioProjects/Calcuapp/backend/vendor/laravel/framework/src/Illuminate/Routing/Middleware/ThrottleRequests.php(166): Illuminate\\Pipeline\\Pipeline->{closure:{closure:Illuminate\\Pipeline\\Pipeline::carry():194}:195}(Object(Illuminate\\Http\\Request))
#12 /Users/aminshojaei/AndroidStudioProjects/Calcuapp/backend/vendor/laravel/framework/src/Illuminate/Routing/Middleware/ThrottleRequests.php(93): Illuminate\\Routing\\Middleware\\ThrottleRequests->handleRequest(Object(Illuminate\\Http\\Request), Object(Closure), Array)
#13 /Users/aminshojaei/AndroidStudioProjects/Calcuapp/backend/vendor/laravel/framework/src/Illuminate/Pipeline/Pipeline.php(219): Illuminate\\Routing\\Middleware\\ThrottleRequests->handle(Object(Illuminate\\Http\\Request), Object(Closure), '10', '1')
#14 /Users/aminshojaei/AndroidStudioProjects/Calcuapp/backend/vendor/laravel/framework/src/Illuminate/Pipeline/Pipeline.php(137): Illuminate\\Pipeline\\Pipeline->{closure:{closure:Illuminate\\Pipeline\\Pipeline::carry():194}:195}(Object(Illuminate\\Http\\Request))
#15 /Users/aminshojaei/AndroidStudioProjects/Calcuapp/backend/vendor/laravel/framework/src/Illuminate/Routing/Router.php(821): Illuminate\\Pipeline\\Pipeline->then(Object(Closure))
#16 /Users/aminshojaei/AndroidStudioProjects/Calcuapp/backend/vendor/laravel/framework/src/Illuminate/Routing/Router.php(800): Illuminate\\Routing\\Router->runRouteWithinStack(Object(Illuminate\\Routing\\Route), Object(Illuminate\\Http\\Request))
#17 /Users/aminshojaei/AndroidStudioProjects/Calcuapp/backend/vendor/laravel/framework/src/Illuminate/Routing/Router.php(764): Illuminate\\Routing\\Router->runRoute(Object(Illuminate\\Http\\Request), Object(Illuminate\\Routing\\Route))
#18 /Users/aminshojaei/AndroidStudioProjects/Calcuapp/backend/vendor/laravel/framework/src/Illuminate/Routing/Router.php(753): Illuminate\\Routing\\Router->dispatchToRoute(Object(Illuminate\\Http\\Request))
#19 /Users/aminshojaei/AndroidStudioProjects/Calcuapp/backend/vendor/laravel/framework/src/Illuminate/Foundation/Http/Kernel.php(200): Illuminate\\Routing\\Router->dispatch(Object(Illuminate\\Http\\Request))
#20 /Users/aminshojaei/AndroidStudioProjects/Calcuapp/backend/vendor/laravel/framework/src/Illuminate/Pipeline/Pipeline.php(180): Illuminate\\Foundation\\Http\\Kernel->{closure:Illuminate\\Foundation\\Http\\Kernel::dispatchToRouter():197}(Object(Illuminate\\Http\\Request))
#21 /Users/aminshojaei/AndroidStudioProjects/Calcuapp/backend/vendor/laravel/framework/src/Illuminate/Foundation/Http/Middleware/TransformsRequest.php(21): Illuminate\\Pipeline\\Pipeline->{closure:Illuminate\\Pipeline\\Pipeline::prepareDestination():178}(Object(Illuminate\\Http\\Request))
#22 /Users/aminshojaei/AndroidStudioProjects/Calcuapp/backend/vendor/laravel/framework/src/Illuminate/Foundation/Http/Middleware/ConvertEmptyStringsToNull.php(31): Illuminate\\Foundation\\Http\\Middleware\\TransformsRequest->handle(Object(Illuminate\\Http\\Request), Object(Closure))
#23 /Users/aminshojaei/AndroidStudioProjects/Calcuapp/backend/vendor/laravel/framework/src/Illuminate/Pipeline/Pipeline.php(219): Illuminate\\Foundation\\Http\\Middleware\\ConvertEmptyStringsToNull->handle(Object(Illuminate\\Http\\Request), Object(Closure))
#24 /Users/aminshojaei/AndroidStudioProjects/Calcuapp/backend/vendor/laravel/framework/src/Illuminate/Foundation/Http/Middleware/TransformsRequest.php(21): Illuminate\\Pipeline\\Pipeline->{closure:{closure:Illuminate\\Pipeline\\Pipeline::carry():194}:195}(Object(Illuminate\\Http\\Request))
#25 /Users/aminshojaei/AndroidStudioProjects/Calcuapp/backend/vendor/laravel/framework/src/Illuminate/Foundation/Http/Middleware/TrimStrings.php(51): Illuminate\\Foundation\\Http\\Middleware\\TransformsRequest->handle(Object(Illuminate\\Http\\Request), Object(Closure))
#26 /Users/aminshojaei/AndroidStudioProjects/Calcuapp/backend/vendor/laravel/framework/src/Illuminate/Pipeline/Pipeline.php(219): Illuminate\\Foundation\\Http\\Middleware\\TrimStrings->handle(Object(Illuminate\\Http\\Request), Object(Closure))
#27 /Users/aminshojaei/AndroidStudioProjects/Calcuapp/backend/vendor/laravel/framework/src/Illuminate/Http/Middleware/ValidatePostSize.php(27): Illuminate\\Pipeline\\Pipeline->{closure:{closure:Illuminate\\Pipeline\\Pipeline::carry():194}:195}(Object(Illuminate\\Http\\Request))
#28 /Users/aminshojaei/AndroidStudioProjects/Calcuapp/backend/vendor/laravel/framework/src/Illuminate/Pipeline/Pipeline.php(219): Illuminate\\Http\\Middleware\\ValidatePostSize->handle(Object(Illuminate\\Http\\Request), Object(Closure))
#29 /Users/aminshojaei/AndroidStudioProjects/Calcuapp/backend/vendor/laravel/framework/src/Illuminate/Foundation/Http/Middleware/PreventRequestsDuringMaintenance.php(109): Illuminate\\Pipeline\\Pipeline->{closure:{closure:Illuminate\\Pipeline\\Pipeline::carry():194}:195}(Object(Illuminate\\Http\\Request))
#30 /Users/aminshojaei/AndroidStudioProjects/Calcuapp/backend/vendor/laravel/framework/src/Illuminate/Pipeline/Pipeline.php(219): Illuminate\\Foundation\\Http\\Middleware\\PreventRequestsDuringMaintenance->handle(Object(Illuminate\\Http\\Request), Object(Closure))
#31 /Users/aminshojaei/AndroidStudioProjects/Calcuapp/backend/vendor/laravel/framework/src/Illuminate/Http/Middleware/HandleCors.php(74): Illuminate\\Pipeline\\Pipeline->{closure:{closure:Illuminate\\Pipeline\\Pipeline::carry():194}:195}(Object(Illuminate\\Http\\Request))
#32 /Users/aminshojaei/AndroidStudioProjects/Calcuapp/backend/vendor/laravel/framework/src/Illuminate/Pipeline/Pipeline.php(219): Illuminate\\Http\\Middleware\\HandleCors->handle(Object(Illuminate\\Http\\Request), Object(Closure))
#33 /Users/aminshojaei/AndroidStudioProjects/Calcuapp/backend/vendor/laravel/framework/src/Illuminate/Http/Middleware/TrustProxies.php(58): Illuminate\\Pipeline\\Pipeline->{closure:{closure:Illuminate\\Pipeline\\Pipeline::carry():194}:195}(Object(Illuminate\\Http\\Request))
#34 /Users/aminshojaei/AndroidStudioProjects/Calcuapp/backend/vendor/laravel/framework/src/Illuminate/Pipeline/Pipeline.php(219): Illuminate\\Http\\Middleware\\TrustProxies->handle(Object(Illuminate\\Http\\Request), Object(Closure))
#35 /Users/aminshojaei/AndroidStudioProjects/Calcuapp/backend/vendor/laravel/framework/src/Illuminate/Foundation/Http/Middleware/InvokeDeferredCallbacks.php(22): Illuminate\\Pipeline\\Pipeline->{closure:{closure:Illuminate\\Pipeline\\Pipeline::carry():194}:195}(Object(Illuminate\\Http\\Request))
#36 /Users/aminshojaei/AndroidStudioProjects/Calcuapp/backend/vendor/laravel/framework/src/Illuminate/Pipeline/Pipeline.php(219): Illuminate\\Foundation\\Http\\Middleware\\InvokeDeferredCallbacks->handle(Object(Illuminate\\Http\\Request), Object(Closure))
#37 /Users/aminshojaei/AndroidStudioProjects/Calcuapp/backend/vendor/laravel/framework/src/Illuminate/Http/Middleware/ValidatePathEncoding.php(26): Illuminate\\Pipeline\\Pipeline->{closure:{closure:Illuminate\\Pipeline\\Pipeline::carry():194}:195}(Object(Illuminate\\Http\\Request))
#38 /Users/aminshojaei/AndroidStudioProjects/Calcuapp/backend/vendor/laravel/framework/src/Illuminate/Pipeline/Pipeline.php(219): Illuminate\\Http\\Middleware\\ValidatePathEncoding->handle(Object(Illuminate\\Http\\Request), Object(Closure))
#39 /Users/aminshojaei/AndroidStudioProjects/Calcuapp/backend/vendor/laravel/framework/src/Illuminate/Pipeline/Pipeline.php(137): Illuminate\\Pipeline\\Pipeline->{closure:{closure:Illuminate\\Pipeline\\Pipeline::carry():194}:195}(Object(Illuminate\\Http\\Request))
#40 /Users/aminshojaei/AndroidStudioProjects/Calcuapp/backend/vendor/laravel/framework/src/Illuminate/Foundation/Http/Kernel.php(175): Illuminate\\Pipeline\\Pipeline->then(Object(Closure))
#41 /Users/aminshojaei/AndroidStudioProjects/Calcuapp/backend/vendor/laravel/framework/src/Illuminate/Foundation/Http/Kernel.php(144): Illuminate\\Foundation\\Http\\Kernel->sendRequestThroughRouter(Object(Illuminate\\Http\\Request))
#42 /Users/aminshojaei/AndroidStudioProjects/Calcuapp/backend/vendor/laravel/framework/src/Illuminate/Foundation/Testing/Concerns/MakesHttpRequests.php(607): Illuminate\\Foundation\\Http\\Kernel->handle(Object(Illuminate\\Http\\Request))
#43 /Users/aminshojaei/AndroidStudioProjects/Calcuapp/backend/vendor/laravel/framework/src/Illuminate/Foundation/Testing/Concerns/MakesHttpRequests.php(573): Illuminate\\Foundation\\Testing\\TestCase->call('POST', '/api/v1/staff/i...', Array, Array, Array, Array, '{\"token\":\"0Vke0...')
#44 /Users/aminshojaei/AndroidStudioProjects/Calcuapp/backend/vendor/laravel/framework/src/Illuminate/Foundation/Testing/Concerns/MakesHttpRequests.php(411): Illuminate\\Foundation\\Testing\\TestCase->json('POST', '/api/v1/staff/i...', Array, Array, 0)
#45 /Users/aminshojaei/AndroidStudioProjects/Calcuapp/backend/tests/Feature/StaffAccessTest.php(371): Illuminate\\Foundation\\Testing\\TestCase->postJson('/api/v1/staff/i...', Array)
#46 /Users/aminshojaei/AndroidStudioProjects/Calcuapp/backend/vendor/phpunit/phpunit/src/Framework/TestCase.php(1667): Tests\\Feature\\StaffAccessTest->test_deactivated_staff_cannot_access_the_business()
#47 /Users/aminshojaei/AndroidStudioProjects/Calcuapp/backend/vendor/phpunit/phpunit/src/Framework/TestCase.php(519): PHPUnit\\Framework\\TestCase->runTest()
#48 /Users/aminshojaei/AndroidStudioProjects/Calcuapp/backend/vendor/phpunit/phpunit/src/Framework/TestRunner/TestRunner.php(87): PHPUnit\\Framework\\TestCase->runBare()
#49 /Users/aminshojaei/AndroidStudioProjects/Calcuapp/backend/vendor/phpunit/phpunit/src/Framework/TestCase.php(365): PHPUnit\\Framework\\TestRunner->run(Object(Tests\\Feature\\StaffAccessTest))
#50 /Users/aminshojaei/AndroidStudioProjects/Calcuapp/backend/vendor/phpunit/phpunit/src/Framework/TestSuite.php(369): PHPUnit\\Framework\\TestCase->run()
#51 /Users/aminshojaei/AndroidStudioProjects/Calcuapp/backend/vendor/phpunit/phpunit/src/Framework/TestSuite.php(369): PHPUnit\\Framework\\TestSuite->run()
#52 /Users/aminshojaei/AndroidStudioProjects/Calcuapp/backend/vendor/phpunit/phpunit/src/Framework/TestSuite.php(369): PHPUnit\\Framework\\TestSuite->run()
#53 /Users/aminshojaei/AndroidStudioProjects/Calcuapp/backend/vendor/phpunit/phpunit/src/TextUI/TestRunner.php(64): PHPUnit\\Framework\\TestSuite->run()
#54 /Users/aminshojaei/AndroidStudioProjects/Calcuapp/backend/vendor/phpunit/phpunit/src/TextUI/Application.php(211): PHPUnit\\TextUI\\TestRunner->run(Object(PHPUnit\\TextUI\\Configuration\\Configuration), Object(PHPUnit\\Runner\\ResultCache\\DefaultResultCache), Object(PHPUnit\\Framework\\TestSuite))
#55 /Users/aminshojaei/AndroidStudioProjects/Calcuapp/backend/vendor/phpunit/phpunit/phpunit(104): PHPUnit\\TextUI\\Application->run(Array)
#56 /Users/aminshojaei/AndroidStudioProjects/Calcuapp/backend/vendor/bin/phpunit(122): include('/Users/aminshoj...')
#57 {main}
"} 
[2026-10-02 13:36:30] testing.ERROR: Using $this when not in object context {"userId":"usr_p9_owner","exception":"[object] (Error(code: 0): Using $this when not in object context at /Users/aminshojaei/AndroidStudioProjects/Calcuapp/backend/app/Support/PasswordPolicy.php:84)
[stacktrace]
#0 /Users/aminshojaei/AndroidStudioProjects/Calcuapp/backend/app/Support/PasswordPolicy.php(55): App\\Support\\PasswordPolicy::isCommon('Their-Own-Pass-...')
#1 /Users/aminshojaei/AndroidStudioProjects/Calcuapp/backend/app/Http/Controllers/Api/StaffController.php(231): App\\Support\\PasswordPolicy::validate('Their-Own-Pass-...')
#2 /Users/aminshojaei/AndroidStudioProjects/Calcuapp/backend/vendor/laravel/framework/src/Illuminate/Routing/ControllerDispatcher.php(46): App\\Http\\Controllers\\Api\\StaffController->accept(Object(Illuminate\\Http\\Request))
#3 /Users/aminshojaei/AndroidStudioProjects/Calcuapp/backend/vendor/laravel/framework/src/Illuminate/Routing/Route.php(265): Illuminate\\Routing\\ControllerDispatcher->dispatch(Object(Illuminate\\Routing\\Route), Object(App\\Http\\Controllers\\Api\\StaffController), 'accept')
#4 /Users/aminshojaei/AndroidStudioProjects/Calcuapp/backend/vendor/laravel/framework/src/Illuminate/Routing/Route.php(211): Illuminate\\Routing\\Route->runController()
#5 /Users/aminshojaei/AndroidStudioProjects/Calcuapp/backend/vendor/laravel/framework/src/Illuminate/Routing/Router.php(822): Illuminate\\Routing\\Route->run()
#6 /Users/aminshojaei/AndroidStudioProjects/Calcuapp/backend/vendor/laravel/framework/src/Illuminate/Pipeline/Pipeline.php(180): Illuminate\\Routing\\Router->{closure:Illuminate\\Routing\\Router::runRouteWithinStack():821}(Object(Illuminate\\Http\\Request))
#7 /Users/aminshojaei/AndroidStudioProjects/Calcuapp/backend/app/Http/Middleware/IdempotencyMiddleware.php(18): Illuminate\\Pipeline\\Pipeline->{closure:Illuminate\\Pipeline\\Pipeline::prepareDestination():178}(Object(Illuminate\\Http\\Request))
#8 /Users/aminshojaei/AndroidStudioProjects/Calcuapp/backend/vendor/laravel/framework/src/Illuminate/Pipeline/Pipeline.php(219): App\\Http\\Middleware\\IdempotencyMiddleware->handle(Object(Illuminate\\Http\\Request), Object(Closure))
#9 /Users/aminshojaei/AndroidStudioProjects/Calcuapp/backend/vendor/laravel/framework/src/Illuminate/Routing/Middleware/SubstituteBindings.php(50): Illuminate\\Pipeline\\Pipeline->{closure:{closure:Illuminate\\Pipeline\\Pipeline::carry():194}:195}(Object(Illuminate\\Http\\Request))
#10 /Users/aminshojaei/AndroidStudioProjects/Calcuapp/backend/vendor/laravel/framework/src/Illuminate/Pipeline/Pipeline.php(219): Illuminate\\Routing\\Middleware\\SubstituteBindings->handle(Object(Illuminate\\Http\\Request), Object(Closure))
#11 /Users/aminshojaei/AndroidStudioProjects/Calcuapp/backend/vendor/laravel/framework/src/Illuminate/Routing/Middleware/ThrottleRequests.php(166): Illuminate\\Pipeline\\Pipeline->{closure:{closure:Illuminate\\Pipeline\\Pipeline::carry():194}:195}(Object(Illuminate\\Http\\Request))
#12 /Users/aminshojaei/AndroidStudioProjects/Calcuapp/backend/vendor/laravel/framework/src/Illuminate/Routing/Middleware/ThrottleRequests.php(93): Illuminate\\Routing\\Middleware\\ThrottleRequests->handleRequest(Object(Illuminate\\Http\\Request), Object(Closure), Array)
#13 /Users/aminshojaei/AndroidStudioProjects/Calcuapp/backend/vendor/laravel/framework/src/Illuminate/Pipeline/Pipeline.php(219): Illuminate\\Routing\\Middleware\\ThrottleRequests->handle(Object(Illuminate\\Http\\Request), Object(Closure), '10', '1')
#14 /Users/aminshojaei/AndroidStudioProjects/Calcuapp/backend/vendor/laravel/framework/src/Illuminate/Pipeline/Pipeline.php(137): Illuminate\\Pipeline\\Pipeline->{closure:{closure:Illuminate\\Pipeline\\Pipeline::carry():194}:195}(Object(Illuminate\\Http\\Request))
#15 /Users/aminshojaei/AndroidStudioProjects/Calcuapp/backend/vendor/laravel/framework/src/Illuminate/Routing/Router.php(821): Illuminate\\Pipeline\\Pipeline->then(Object(Closure))
#16 /Users/aminshojaei/AndroidStudioProjects/Calcuapp/backend/vendor/laravel/framework/src/Illuminate/Routing/Router.php(800): Illuminate\\Routing\\Router->runRouteWithinStack(Object(Illuminate\\Routing\\Route), Object(Illuminate\\Http\\Request))
#17 /Users/aminshojaei/AndroidStudioProjects/Calcuapp/backend/vendor/laravel/framework/src/Illuminate/Routing/Router.php(764): Illuminate\\Routing\\Router->runRoute(Object(Illuminate\\Http\\Request), Object(Illuminate\\Routing\\Route))
#18 /Users/aminshojaei/AndroidStudioProjects/Calcuapp/backend/vendor/laravel/framework/src/Illuminate/Routing/Router.php(753): Illuminate\\Routing\\Router->dispatchToRoute(Object(Illuminate\\Http\\Request))
#19 /Users/aminshojaei/AndroidStudioProjects/Calcuapp/backend/vendor/laravel/framework/src/Illuminate/Foundation/Http/Kernel.php(200): Illuminate\\Routing\\Router->dispatch(Object(Illuminate\\Http\\Request))
#20 /Users/aminshojaei/AndroidStudioProjects/Calcuapp/backend/vendor/laravel/framework/src/Illuminate/Pipeline/Pipeline.php(180): Illuminate\\Foundation\\Http\\Kernel->{closure:Illuminate\\Foundation\\Http\\Kernel::dispatchToRouter():197}(Object(Illuminate\\Http\\Request))
#21 /Users/aminshojaei/AndroidStudioProjects/Calcuapp/backend/vendor/laravel/framework/src/Illuminate/Foundation/Http/Middleware/TransformsRequest.php(21): Illuminate\\Pipeline\\Pipeline->{closure:Illuminate\\Pipeline\\Pipeline::prepareDestination():178}(Object(Illuminate\\Http\\Request))
#22 /Users/aminshojaei/AndroidStudioProjects/Calcuapp/backend/vendor/laravel/framework/src/Illuminate/Foundation/Http/Middleware/ConvertEmptyStringsToNull.php(31): Illuminate\\Foundation\\Http\\Middleware\\TransformsRequest->handle(Object(Illuminate\\Http\\Request), Object(Closure))
#23 /Users/aminshojaei/AndroidStudioProjects/Calcuapp/backend/vendor/laravel/framework/src/Illuminate/Pipeline/Pipeline.php(219): Illuminate\\Foundation\\Http\\Middleware\\ConvertEmptyStringsToNull->handle(Object(Illuminate\\Http\\Request), Object(Closure))
#24 /Users/aminshojaei/AndroidStudioProjects/Calcuapp/backend/vendor/laravel/framework/src/Illuminate/Foundation/Http/Middleware/TransformsRequest.php(21): Illuminate\\Pipeline\\Pipeline->{closure:{closure:Illuminate\\Pipeline\\Pipeline::carry():194}:195}(Object(Illuminate\\Http\\Request))
#25 /Users/aminshojaei/AndroidStudioProjects/Calcuapp/backend/vendor/laravel/framework/src/Illuminate/Foundation/Http/Middleware/TrimStrings.php(51): Illuminate\\Foundation\\Http\\Middleware\\TransformsRequest->handle(Object(Illuminate\\Http\\Request), Object(Closure))
#26 /Users/aminshojaei/AndroidStudioProjects/Calcuapp/backend/vendor/laravel/framework/src/Illuminate/Pipeline/Pipeline.php(219): Illuminate\\Foundation\\Http\\Middleware\\TrimStrings->handle(Object(Illuminate\\Http\\Request), Object(Closure))
#27 /Users/aminshojaei/AndroidStudioProjects/Calcuapp/backend/vendor/laravel/framework/src/Illuminate/Http/Middleware/ValidatePostSize.php(27): Illuminate\\Pipeline\\Pipeline->{closure:{closure:Illuminate\\Pipeline\\Pipeline::carry():194}:195}(Object(Illuminate\\Http\\Request))
#28 /Users/aminshojaei/AndroidStudioProjects/Calcuapp/backend/vendor/laravel/framework/src/Illuminate/Pipeline/Pipeline.php(219): Illuminate\\Http\\Middleware\\ValidatePostSize->handle(Object(Illuminate\\Http\\Request), Object(Closure))
#29 /Users/aminshojaei/AndroidStudioProjects/Calcuapp/backend/vendor/laravel/framework/src/Illuminate/Foundation/Http/Middleware/PreventRequestsDuringMaintenance.php(109): Illuminate\\Pipeline\\Pipeline->{closure:{closure:Illuminate\\Pipeline\\Pipeline::carry():194}:195}(Object(Illuminate\\Http\\Request))
#30 /Users/aminshojaei/AndroidStudioProjects/Calcuapp/backend/vendor/laravel/framework/src/Illuminate/Pipeline/Pipeline.php(219): Illuminate\\Foundation\\Http\\Middleware\\PreventRequestsDuringMaintenance->handle(Object(Illuminate\\Http\\Request), Object(Closure))
#31 /Users/aminshojaei/AndroidStudioProjects/Calcuapp/backend/vendor/laravel/framework/src/Illuminate/Http/Middleware/HandleCors.php(74): Illuminate\\Pipeline\\Pipeline->{closure:{closure:Illuminate\\Pipeline\\Pipeline::carry():194}:195}(Object(Illuminate\\Http\\Request))
#32 /Users/aminshojaei/AndroidStudioProjects/Calcuapp/backend/vendor/laravel/framework/src/Illuminate/Pipeline/Pipeline.php(219): Illuminate\\Http\\Middleware\\HandleCors->handle(Object(Illuminate\\Http\\Request), Object(Closure))
#33 /Users/aminshojaei/AndroidStudioProjects/Calcuapp/backend/vendor/laravel/framework/src/Illuminate/Http/Middleware/TrustProxies.php(58): Illuminate\\Pipeline\\Pipeline->{closure:{closure:Illuminate\\Pipeline\\Pipeline::carry():194}:195}(Object(Illuminate\\Http\\Request))
#34 /Users/aminshojaei/AndroidStudioProjects/Calcuapp/backend/vendor/laravel/framework/src/Illuminate/Pipeline/Pipeline.php(219): Illuminate\\Http\\Middleware\\TrustProxies->handle(Object(Illuminate\\Http\\Request), Object(Closure))
#35 /Users/aminshojaei/AndroidStudioProjects/Calcuapp/backend/vendor/laravel/framework/src/Illuminate/Foundation/Http/Middleware/InvokeDeferredCallbacks.php(22): Illuminate\\Pipeline\\Pipeline->{closure:{closure:Illuminate\\Pipeline\\Pipeline::carry():194}:195}(Object(Illuminate\\Http\\Request))
#36 /Users/aminshojaei/AndroidStudioProjects/Calcuapp/backend/vendor/laravel/framework/src/Illuminate/Pipeline/Pipeline.php(219): Illuminate\\Foundation\\Http\\Middleware\\InvokeDeferredCallbacks->handle(Object(Illuminate\\Http\\Request), Object(Closure))
#37 /Users/aminshojaei/AndroidStudioProjects/Calcuapp/backend/vendor/laravel/framework/src/Illuminate/Http/Middleware/ValidatePathEncoding.php(26): Illuminate\\Pipeline\\Pipeline->{closure:{closure:Illuminate\\Pipeline\\Pipeline::carry():194}:195}(Object(Illuminate\\Http\\Request))
#38 /Users/aminshojaei/AndroidStudioProjects/Calcuapp/backend/vendor/laravel/framework/src/Illuminate/Pipeline/Pipeline.php(219): Illuminate\\Http\\Middleware\\ValidatePathEncoding->handle(Object(Illuminate\\Http\\Request), Object(Closure))
#39 /Users/aminshojaei/AndroidStudioProjects/Calcuapp/backend/vendor/laravel/framework/src/Illuminate/Pipeline/Pipeline.php(137): Illuminate\\Pipeline\\Pipeline->{closure:{closure:Illuminate\\Pipeline\\Pipeline::carry():194}:195}(Object(Illuminate\\Http\\Request))
#40 /Users/aminshojaei/AndroidStudioProjects/Calcuapp/backend/vendor/laravel/framework/src/Illuminate/Foundation/Http/Kernel.php(175): Illuminate\\Pipeline\\Pipeline->then(Object(Closure))
#41 /Users/aminshojaei/AndroidStudioProjects/Calcuapp/backend/vendor/laravel/framework/src/Illuminate/Foundation/Http/Kernel.php(144): Illuminate\\Foundation\\Http\\Kernel->sendRequestThroughRouter(Object(Illuminate\\Http\\Request))
#42 /Users/aminshojaei/AndroidStudioProjects/Calcuapp/backend/vendor/laravel/framework/src/Illuminate/Foundation/Testing/Concerns/MakesHttpRequests.php(607): Illuminate\\Foundation\\Http\\Kernel->handle(Object(Illuminate\\Http\\Request))
#43 /Users/aminshojaei/AndroidStudioProjects/Calcuapp/backend/vendor/laravel/framework/src/Illuminate/Foundation/Testing/Concerns/MakesHttpRequests.php(573): Illuminate\\Foundation\\Testing\\TestCase->call('POST', '/api/v1/staff/i...', Array, Array, Array, Array, '{\"token\":\"d2ubn...')
#44 /Users/aminshojaei/AndroidStudioProjects/Calcuapp/backend/vendor/laravel/framework/src/Illuminate/Foundation/Testing/Concerns/MakesHttpRequests.php(411): Illuminate\\Foundation\\Testing\\TestCase->json('POST', '/api/v1/staff/i...', Array, Array, 0)
#45 /Users/aminshojaei/AndroidStudioProjects/Calcuapp/backend/tests/Feature/StaffAccessTest.php(490): Illuminate\\Foundation\\Testing\\TestCase->postJson('/api/v1/staff/i...', Array)
#46 /Users/aminshojaei/AndroidStudioProjects/Calcuapp/backend/vendor/phpunit/phpunit/src/Framework/TestCase.php(1667): Tests\\Feature\\StaffAccessTest->test_staff_events_are_audit_logged()
#47 /Users/aminshojaei/AndroidStudioProjects/Calcuapp/backend/vendor/phpunit/phpunit/src/Framework/TestCase.php(519): PHPUnit\\Framework\\TestCase->runTest()
#48 /Users/aminshojaei/AndroidStudioProjects/Calcuapp/backend/vendor/phpunit/phpunit/src/Framework/TestRunner/TestRunner.php(87): PHPUnit\\Framework\\TestCase->runBare()
#49 /Users/aminshojaei/AndroidStudioProjects/Calcuapp/backend/vendor/phpunit/phpunit/src/Framework/TestCase.php(365): PHPUnit\\Framework\\TestRunner->run(Object(Tests\\Feature\\StaffAccessTest))
#50 /Users/aminshojaei/AndroidStudioProjects/Calcuapp/backend/vendor/phpunit/phpunit/src/Framework/TestSuite.php(369): PHPUnit\\Framework\\TestCase->run()
#51 /Users/aminshojaei/AndroidStudioProjects/Calcuapp/backend/vendor/phpunit/phpunit/src/Framework/TestSuite.php(369): PHPUnit\\Framework\\TestSuite->run()
#52 /Users/aminshojaei/AndroidStudioProjects/Calcuapp/backend/vendor/phpunit/phpunit/src/Framework/TestSuite.php(369): PHPUnit\\Framework\\TestSuite->run()
#53 /Users/aminshojaei/AndroidStudioProjects/Calcuapp/backend/vendor/phpunit/phpunit/src/TextUI/TestRunner.php(64): PHPUnit\\Framework\\TestSuite->run()
#54 /Users/aminshojaei/AndroidStudioProjects/Calcuapp/backend/vendor/phpunit/phpunit/src/TextUI/Application.php(211): PHPUnit\\TextUI\\TestRunner->run(Object(PHPUnit\\TextUI\\Configuration\\Configuration), Object(PHPUnit\\Runner\\ResultCache\\DefaultResultCache), Object(PHPUnit\\Framework\\TestSuite))
#55 /Users/aminshojaei/AndroidStudioProjects/Calcuapp/backend/vendor/phpunit/phpunit/phpunit(104): PHPUnit\\TextUI\\Application->run(Array)
#56 /Users/aminshojaei/AndroidStudioProjects/Calcuapp/backend/vendor/bin/phpunit(122): include('/Users/aminshoj...')
#57 {main}
"} 
[2026-10-02 14:00:46] local.WARNING: audit_log_write_failed {"action":"auth.login_failed","error":"SQLSTATE[23000]: Integrity constraint violation: 19 NOT NULL constraint failed: audit_logs.entity_id (Connection: sqlite, Database: database/database.sqlite, SQL: insert into \"audit_logs\" (\"id\", \"organization_id\", \"user_id\", \"action\", \"entity_type\", \"entity_id\", \"details\", \"ip_address\", \"updated_at\", \"created_at\") values (2e988efc-b6bd-411e-9acb-036f3b37e292, system, ?, auth.login_failed, User, ?, {\"email\":\"m.aminshojaei.b@gmail.com\",\"reason\":\"invalid_credentials\"}, 127.0.0.1, 2026-10-02 14:00:45, 2026-10-02 14:00:45))"} 
[2026-10-02 14:17:29] local.WARNING: audit_log_write_failed {"action":"auth.login_failed","error":"SQLSTATE[23000]: Integrity constraint violation: 19 NOT NULL constraint failed: audit_logs.entity_id (Connection: sqlite, Database: database/database.sqlite, SQL: insert into \"audit_logs\" (\"id\", \"organization_id\", \"user_id\", \"action\", \"entity_type\", \"entity_id\", \"details\", \"ip_address\", \"updated_at\", \"created_at\") values (65eaa4e8-a114-41f1-b186-0901fa067418, system, ?, auth.login_failed, User, ?, {\"email\":\"admin@gmail.com\",\"reason\":\"invalid_credentials\"}, 127.0.0.1, 2026-10-02 14:17:29, 2026-10-02 14:17:29))"} 
